subject_id,game_master,treatment,session,ll_E,post_E,ll_L1,post_L1,ll_L2,post_L2,ll_L3,post_L3,ll_D1,post_D1,ll_D2,post_D2,ll_S,post_S,t_hat,posterior_entropy,max_posterior,w_deep,cat,margin_L1_L2,margin_L2_L3
01_01,1,Baseline,1,-74.44076720355729,2.9152023451361547e-12,-47.8796867857246,0.9999985344395943,-78.4534236796677,5.2722274664639435e-14,-61.323896548313535,1.4496169220149275e-06,-67.40927964509149,3.299171947607408e-09,-70.54544884914829,1.4334546943951303e-10,-66.07738265248975,1.2497998414165089e-08,L1,2.1249709790740197e-05,0.9999985344395943,1.462261233823152e-06,shallow,0.9999985344395416,-1.4496168692926528e-06
01_01,2,Baseline,1,-74.76270373524122,9.570673620582566e-14,-44.785216049601964,0.9999999754859116,-79.67251192877043,7.057321469221716e-16,-62.38937451393924,2.262617332919073e-08,-68.33060906111452,5.947928376458839e-11,-71.33306563527665,2.954033444286058e-12,-64.90669077827319,1.8253852921916543e-09,L1,4.610400534983041e-07,0.9999999754859116,2.4454609067295025e-08,shallow,0.9999999754859109,-2.2626172623458583e-08
01_01,3,Baseline,1,-76.71638158228045,2.983673780421761e-13,-47.87593079601036,0.9999999307978676,-81.80747468836935,1.8353449240454845e-15,-64.38018872393546,6.796601764973596e-08,-71.42132380752291,5.947928110657548e-11,-73.43803134096831,7.916272901110764e-12,-68.4435452112456,1.1684187657969022e-09,L1,1.2165738939671983e-06,0.9999999307978676,6.914265289115694e-08,shallow,0.9999999307978658,-6.796601581439103e-08
01_01,4,Baseline,1,-76.96218986610066,2.8095992778078023e-13,-48.061625593884166,0.9999999307080386,-81.46804700145267,3.102955107932795e-15,-64.5881346886043,6.64703958221069e-08,-70.58761265067838,1.6484967365083828e-10,-73.56007217093325,8.43655854049653e-12,-67.81108850577642,2.6479952804405117e-09,L1,1.22404879376854e-06,0.9999999307080386,6.91271117239708e-08,shallow,0.9999999307080355,-6.64703927191518e-08
01_01,5,Baseline,1,-77.06222733048246,1.1472908824978973e-13,-47.26602455740289,0.9999999730276682,-81.69185191968974,1.1195748395033475e-15,-64.72603447213747,2.6134489930132615e-08,-70.81141756891543,5.947928361837466e-11,-73.78387708917032,3.043988180747334e-12,-68.24392109349807,7.752027072236556e-10,L1,5.010275478315099e-07,0.9999999730276682,2.6912852474200106e-08,shallow,0.9999999730276671,-2.6134488810557774e-08
01_01,6,Baseline,1,-74.8684036213362,1.8426147321177396e-12,-47.848568539191334,0.9999995791651769,-79.49802821054347,1.79810118292388e-14,-62.532210762991205,4.1973484576814523e-07,-69.31232944456198,4.768775692588558e-10,-71.59005338002405,4.888819001180962e-11,-69.12983730557588,5.723507076222743e-10,L1,6.607698185595575e-06,0.9999995791651769,4.2035794526152327e-07,shallow,0.9999995791651589,-4.197348277871334e-07
01_01,7,Baseline,1,-76.08506176615639,5.586771514897392e-13,-47.8718572637415,0.9999998672850884,-80.38287405481803,7.597045875368617e-15,-63.7488689078114,1.2726277714344623e-07,-70.26064556567256,1.8909181320961465e-10,-72.80353886210868,1.4869905194749248e-11,-66.93735087185968,5.2476066481286755e-09,L1,2.2579360033712404e-06,0.9999998672850884,1.32525819970967e-07,shallow,0.9999998672850808,-1.2726276954640036e-07
01_01,8,Baseline,1,-76.08506176615639,5.586771514897392e-13,-47.8718572637415,0.9999998672850884,-80.38287405481803,7.597045875368617e-15,-63.7488689078114,1.2726277714344623e-07,-70.26064556567256,1.8909181320961465e-10,-72.80353886210868,1.4869905194749248e-11,-66.93735087185968,5.2476066481286755e-09,L1,2.2579360033712404e-06,0.9999998672850884,1.32525819970967e-07,shallow,0.9999998672850808,-1.2726276954640036e-07
01_01,9,Baseline,1,-77.08866156697167,2.299300119581414e-13,-47.98766018900033,0.9999999498423081,-80.13308029057002,1.0950183818325532e-14,-64.90355415462024,4.503193123650753e-08,-71.22605175190367,8.085274222337334e-11,-74.18088039969116,4.211424093899898e-12,-67.09342952673408,5.040455470116717e-09,L1,9.102110882129446e-07,0.9999999498423081,5.0076839010913924e-08,shallow,0.9999999498422971,-4.5031920286323715e-08
01_01,10,Baseline,1,-73.25846605751371,3.1042235640586687e-12,-46.76020868961395,0.999999876201997,-77.90056395674782,2.9916824186663925e-14,-62.681534221594674,1.217463985914721e-07,-67.0809552911609,1.4955875080241867e-09,-70.01447601252417,7.957927297807045e-11,-68.23149289781342,4.733034773567993e-10,L1,2.1046496890168224e-06,0.999999876201997,1.223024154821952e-07,shallow,0.9999998762019672,-1.217463686746479e-07
01_01,11,Baseline,1,-77.11441981569517,2.273012281406901e-13,-48.001919619485776,0.9999999353132694,-78.0899382098768,8.569185153684902e-14,-64.98606121898722,4.206113573979754e-08,-69.23631296677311,5.998188565926155e-10,-72.81936076115915,1.6669486785371986e-11,-65.63374330823976,2.2008793620223202e-08,L1,1.1802738658355856e-06,0.9999999353132694,6.40869118398858e-08,shallow,0.9999999353131837,-4.2061050047946e-08
01_01,12,Baseline,1,-72.98519062522931,1.2223322522469602e-11,-47.85751549572565,0.9999998225450486,-77.73906111881809,1.0534393771524491e-13,-63.768444052262254,1.2301878938761824e-07,-67.62647776790723,2.5968609463950344e-09,-70.18142818328995,2.017659275321041e-10,-64.6367710994675,5.162520673109518e-08,L1,3.0571824180821547e-06,0.9999998225450486,1.7485809071270572e-07,shallow,0.9999998225449432,-1.2301868404368053e-07
01_01,13,Baseline,1,-75.10542098233282,1.7989905151953485e-12,-48.061625593884166,0.9999999552096472,-80.92252239686155,5.354190616740929e-15,-65.09957129438045,3.985787858269707e-08,-70.04208804608726,2.8445032078538185e-10,-73.01454756634215,1.4557394807172875e-11,-67.25197559650898,4.631662104499858e-09,L1,8.194343682785506e-07,0.9999999552096472,4.450590242670992e-08,shallow,0.9999999552096419,-3.9857873228506455e-08
01_01,14,Baseline,1,-74.4359743215633,2.7796549268755208e-12,-47.827280048816334,0.9999999497933675,-80.65010966805237,5.561938649566402e-15,-64.64811674094038,4.9522598196332785e-08,-71.37267306032888,5.947928223641465e-11,-73.70595935797321,5.76809434553879e-12,-69.03505106720901,6.160018996210911e-10,L1,8.979060771294831e-07,0.9999999497933675,5.014715340716494e-08,shallow,0.9999999497933619,-4.9522592634394135e-08
01_01,15,Baseline,1,-74.68694169536569,2.3283800725612683e-12,-47.901093394416044,0.9999999629740752,-80.0584640261993,1.0820102278515254e-14,-65.12941336194648,3.2948503162998504e-08,-71.06203242140973,8.736389109339646e-11,-73.88060942765098,5.214822469897792e-12,-67.24244849878005,3.982503714696184e-09,L1,6.839219228499833e-07,0.9999999629740752,3.693856090033943e-08,shallow,0.9999999629740645,-3.2948492342896225e-08
01_01,16,Baseline,1,-77.16655962948323,2.2042043982422498e-13,-48.02332008903182,0.9999999581937704,-79.41797519831964,2.3199280002522006e-14,-65.12726612001543,3.731217810659074e-08,-69.02183052715992,7.593863219596172e-10,-71.99429004741481,3.886332934837439e-11,-67.43945421717791,3.69555840322437e-09,L1,7.686298941397334e-07,0.9999999581937704,4.104684345888331e-08,shallow,0.9999999581937472,-3.7312154907310736e-08
01_02,1,Baseline,1,-82.24308565227332,1.1141079298050707e-08,-63.93072498743642,0.9997339780104754,-85.01358197734436,6.977759541483594e-10,-72.18309349372801,0.0002605711608902041,-77.26892584396647,1.6113037663491663e-06,-78.7553510974241,3.644442788180082e-07,-76.50376442027644,3.463241733885813e-06,L1,0.0024870434703351623,0.9997339780104754,0.00026441068575816013,shallow,0.9997339773126994,-0.00026057046311424997
01_02,2,Baseline,1,-81.78867208955764,1.3863072211497336e-10,-59.08946653891468,0.9999981571900933,-84.00066370504823,1.5177622011820153e-11,-72.47222136495411,1.5414967948690086e-06,-76.44346754759037,2.905710365617686e-08,-78.76661778915287,2.8465642590042872e-09,-74.21706928536044,2.6925563590643294e-07,L1,2.710927175435717e-05,0.9999981571900933,1.8137528033785726e-06,shallow,0.9999981571749157,-1.5414816172469968e-06
01_02,3,Baseline,1,-84.51870003099647,1.1405632823264932e-09,-63.926968997722184,0.9999874440862282,-88.367632986046,2.4296797987737942e-11,-75.23938566934993,1.2220090142390368e-05,-81.28097000639788,2.9056792363833718e-08,-81.64793358924412,2.0131559124451146e-08,-78.99608386937224,2.8547041808195823e-07,L1,0.00015598161282867552,0.9999874440862282,1.2526856979677092e-05,shallow,0.9999874440619314,-1.222006584559238e-05
01_02,4,Baseline,1,-84.47337702941684,5.843196000157394e-11,-60.91021965619762,0.9999992577337445,-87.73707401372948,2.234831907645782e-12,-75.15620034861891,6.502028572378652e-07,-80.15612756415351,4.381351273427852e-09,-81.47884313380922,1.1672395673988352e-09,-77.17387064423565,8.645414057976472e-08,L1,1.152087223943777e-05,0.9999992577337445,7.37884904176938e-07,shallow,0.9999992577315097,-6.502006224059576e-07
01_02,5,Baseline,1,-84.47637073199868,4.3857602345029405e-10,-62.92888771191491,0.9999950725609076,-87.8638351701666,1.482135031701397e-11,-75.19705637035214,4.698940097318979e-06,-80.28288872059062,2.9057014025621282e-08,-81.60560429024633,7.741104139918166e-09,-78.3985803282449,1.9124747942930582e-07,L1,6.619203422025092e-05,0.9999950725609076,4.89838207826197e-06,shallow,0.9999950725460862,-4.698925275968662e-06
01_02,6,Baseline,1,-82.67072207005222,7.043283390878284e-09,-63.89960674090316,0.9999239472881509,-86.05818650822012,2.380225204674138e-10,-73.39140770840568,7.54623257373067e-05,-79.17197564343697,2.3294931059616335e-07,-79.79995562829987,1.2431776317093647e-07,-79.20297978041076,2.2583773210116919e-07,L1,0.0008014569276474661,0.9999239472881509,7.581976253849016e-05,shallow,0.9999239470501284,-7.546208771478624e-05
01_02,7,Baseline,1,-83.88738021487242,2.1356188175579356e-09,-63.92289546545332,0.999975361749493,-86.9430323524947,1.0057056197433496e-10,-74.60806585322587,2.2881198145455393e-05,-80.12029176454753,9.237393954384008e-08,-81.01344111038449,3.781461066455814e-08,-77.25310275119442,1.6246276217399434e-06,L1,0.0002929721191677402,0.999975361749493,2.4545876567239428e-05,shallow,0.9999753616489224,-2.288109757489342e-05
01_02,8,Baseline,1,-83.88738021487242,2.1356188175579356e-09,-63.92289546545332,0.999975361749493,-86.9430323524947,1.0057056197433496e-10,-74.60806585322587,2.2881198145455393e-05,-80.12029176454753,9.237393954384008e-08,-81.01344111038449,3.781461066455814e-08,-77.25310275119442,1.6246276217399434e-06,L1,0.0002929721191677402,0.999975361749493,2.4545876567239428e-05,shallow,0.9999753616489224,-2.288109757489342e-05
01_02,9,Baseline,1,-81.59149211448937,2.0501407536602518e-10,-59.283554062514575,0.9999955731595147,-84.26714454324792,1.4117655939661261e-11,-71.73543498533675,3.9103434471746466e-06,-76.62168490798092,2.9521846973551756e-08,-78.02381336696921,7.2645191355335605e-09,-73.83408922135865,4.794915402218715e-07,L1,6.074775853868182e-05,0.9999955731595147,4.397318638263357e-06,shallow,0.999995573145397,-3.9103293295187065e-06
01_02,10,Baseline,1,-81.06078450622974,1.186633311581942e-08,-62.81124689132577,0.999977018798992,-84.46072225442448,3.960429921372437e-10,-73.54073116700914,2.1889417499112688e-05,-76.94060149003589,7.306161774238736e-07,-78.2243782608,2.0237278886471363e-07,-78.54724477714818,1.465321663168508e-07,L1,0.00027381691844208,0.999977018798992,2.2250584830402207e-05,shallow,0.9999770184029491,-2.188902145612055e-05
01_02,11,Baseline,1,-83.42226433269197,8.689041639080831e-10,-62.55848388947836,0.9999921633097415,-86.1445704392727,5.710700161733311e-11,-74.35078423268246,7.5625041947856914e-06,-80.59043309736734,1.4750969247715989e-08,-82.5237369411542,2.1340145020091546e-09,-77.73510040469358,2.563750688668665e-07,L1,0.00010123501830560112,0.9999921633097415,7.821939289320092e-06,shallow,0.9999921632526345,-7.562447087784074e-06
01_02,12,Baseline,1,-80.78750907394534,4.6724764284201286e-08,-63.908553697437476,0.9999638487969331,-84.29921941649474,1.3945390994655118e-09,-74.62764099767672,2.2117897134183726e-05,-77.48612396678222,1.2685875760842512e-06,-78.39133043156576,5.130908633166617e-07,-75.22230463660611,1.2203508189743438e-05,L1,0.00043677539722603866,0.9999638487969331,3.4882615490627495e-05,shallow,0.999963847402394,-2.211650259508426e-05
01_02,13,Baseline,1,-82.90773943104884,6.876995247107172e-09,-64.11266379559599,0.9999916177502166,-87.48268069453822,7.088053361532546e-11,-75.95876823979492,7.166359115872933e-06,-79.90173424496224,1.3896012275209296e-07,-81.22444981461797,3.702048602004444e-08,-77.89573539072757,1.0329621829860604e-06,L1,0.0001104715631370328,0.9999916177502166,8.24328966065976e-06,shallow,0.9999916176793361,-7.166288235339318e-06
01_02,14,Baseline,1,-80.68559258148012,5.780894485044802e-10,-59.414305207730436,0.9999948697313878,-84.49304263533041,1.2836318783440854e-11,-71.62556321435682,4.974114779731301e-06,-76.76830621640613,2.9057008131972454e-08,-78.03411113425102,8.194431024088817e-09,-75.36424521180179,1.1831146756511421e-07,L1,6.842699420058839e-05,0.9999948697313878,5.101211604087792e-06,shallow,0.9999948697185516,-4.974101943412517e-06
01_02,15,Baseline,1,-82.48926014408173,8.900704776366593e-09,-63.95213159612787,0.9999931729894075,-86.61862232387597,1.4324028877446902e-10,-75.98861030736096,5.924077742890375e-06,-80.92167862028471,4.267921295912502e-08,-82.09051167592679,1.326168340226672e-08,-77.9444345500786,8.379480083049089e-07,L1,9.098992455310483e-05,0.9999931729894075,6.784331379662692e-06,shallow,0.9999931728461672,-5.923934502601601e-06
01_02,16,Baseline,1,-84.96887807819925,8.42600610079678e-10,-64.07435829074365,0.9999917451500261,-85.97813349599629,3.071197251582254e-10,-75.9864630654299,6.708648590530432e-06,-78.8814767260349,3.7097665895899075e-07,-80.20419229569062,9.883221131903797e-08,-77.81731410406462,1.075242792706785e-06,L1,0.00011005759844647598,0.9999917451500261,7.883873314891493e-06,shallow,0.9999917448429063,-6.708341470805274e-06
01_03,1,Baseline,1,-78.24488266611536,0.002031288313699534,-75.55656765107051,0.029873901631167484,-74.04763689394994,0.13508659283417318,-75.28461212085442,0.03921035124489923,-78.15008320111002,0.0022332762865178595,-75.35105593348183,0.036689733019338595,-72.32700091240656,0.754874856670204,S,0.8620641288691322,0.754874856670204,0.9678928220823145,deep,-0.10521269120300569,0.09587624158927395
01_03,2,Baseline,1,-77.08204964226005,0.000311927448392888,-74.91730408848662,0.0027176319605044944,-72.61743044591404,0.027102732171221472,-73.8463610320414,0.007930403799187427,-76.08246475369457,0.0008475548120357553,-73.97459683147132,0.006975947462310475,-69.05628203283908,0.9541138023463475,S,0.24017297601741347,0.9541138023463475,0.9964348132274597,deep,-0.02438510021071698,0.019172328372034045
01_03,3,Baseline,1,-78.55050868029952,0.0011268637148002852,-78.00801883489501,0.0019385264948300874,-74.75239320551294,0.050277304631447056,-75.35195643303787,0.027604824207869978,-79.17317950010296,0.0006045732030053999,-75.59434372816321,0.021662946196254494,-71.87113087801987,0.8967849615517927,S,0.45438250863869706,0.8967849615517927,0.9974569003021645,deep,-0.04833877813661697,0.022672480423577078
01_03,4,Baseline,1,-79.33005765401946,0.0007941295721051924,-78.72745432266855,0.0014507703472926954,-74.946706208496,0.06361458726271947,-76.09364308760644,0.020204511567870873,-78.87320903315816,0.0012540019269618847,-76.25012524802789,0.017277822867808365,-72.30227380187813,0.8954041764552416,S,0.4466599853189373,0.8954041764552416,0.9972952277257455,deep,-0.06216381691542677,0.0434100756948486
01_03,5,Baseline,1,-79.23600759480135,0.0007642416549304141,-77.73776576258737,0.0034190768736366926,-74.97642360313316,0.05409343094129098,-76.03745534753972,0.018721657516875854,-78.90292642779532,0.0010663162264374438,-76.27984264266505,0.014691861699201343,-72.15672556927208,0.9072434150876274,S,0.414787462631654,0.9072434150876274,0.995514606899926,deep,-0.05067435406765429,0.03537177342441512
01_03,6,Baseline,1,-77.34301954723493,0.002923605196120083,-78.40764912999578,0.0010082215409244607,-73.08343555556674,0.20693433124934923,-74.14446729997329,0.071619670091528,-77.70467396502171,0.002036358356232505,-74.38685459509863,0.05620369280757624,-71.92469764541445,0.6592741207582694,S,0.987907392429758,0.6592741207582694,0.996955420102843,deep,-0.2059261097084248,0.13531466115782123
01_03,7,Baseline,1,-78.10357201159536,0.00024377879196831506,-74.69475302524783,0.00736931627968673,-73.51217571938155,0.024044402784918734,-74.90501976433372,0.005971858539330918,-75.45054594673391,0.0034609115553581355,-75.14423439672349,0.004701321125209609,-69.8311958487342,0.9542084109235275,S,0.24796438763392709,0.9542084109235275,0.989169772164955,deep,-0.016675086505232004,0.018072544245587817
01_03,8,Baseline,1,-78.10357201159536,0.00024377879196831506,-74.69475302524783,0.00736931627968673,-73.51217571938155,0.024044402784918734,-74.90501976433372,0.005971858539330918,-75.45054594673391,0.0034609115553581355,-75.14423439672349,0.004701321125209609,-69.8311958487342,0.9542084109235275,S,0.24796438763392709,0.9542084109235275,0.989169772164955,deep,-0.016675086505232004,0.018072544245587817
01_03,9,Baseline,1,-76.73930402449184,0.0011206234649303792,-75.45104477838635,0.004063905437396709,-74.6792208774128,0.008793108965509923,-73.20661841422401,0.038342954908390445,-76.84294468488481,0.0010102971900548443,-73.66848933738741,0.024160036471496726,-70.02609200832859,0.9225090735622209,S,0.36798129440674043,0.9225090735622209,0.9949257973725484,deep,-0.004729203528113214,-0.029549845942880522
01_03,10,Baseline,1,-75.62633384543251,0.005509704088426008,-77.42603741839834,0.0009110179705806899,-71.37922316379115,0.38514565942446977,-74.18704262059681,0.023238308424633165,-75.3665516736407,0.00714414463517616,-72.7045290896188,0.10234154224467368,-71.16803712987993,0.47570962321204063,S,1.1119484095112466,0.47570962321204063,0.9919448373942432,deep,-0.3842346414538891,0.3619073509998366
01_03,11,Baseline,1,-80.54976898341343,3.539768173120994e-05,-77.60026696847069,0.0006759697625717586,-71.39391864568022,0.3352046996440508,-76.76911477673723,0.001552001297642361,-76.45442796945345,0.002125978283519392,-74.44193245845432,0.01590649595074218,-70.74018605415316,0.6444994573797422,S,0.7437870528895361,0.6444994573797422,0.9971980519539088,deep,-0.334528729881479,0.3336526983464084
01_03,12,Baseline,1,-75.70241595562793,0.015357993066354126,-74.680411257232,0.042676173115841536,-72.63455924814069,0.3301320635324613,-74.4840162302128,0.05193722536767481,-79.56286046930116,0.0003234183947409417,-76.71441422766262,0.005582506044027327,-72.1169042590077,0.5539906204788999,S,1.0769839792092806,0.5539906204788999,0.9570004084894175,deep,-0.28745589041661973,0.27819483816478646
01_03,13,Baseline,1,-78.54077015005107,0.0031480548883434925,-77.65997294286909,0.007595697537680971,-75.46866298370435,0.06795814036036074,-76.28483527944276,0.03004570243528259,-79.3951658083665,0.0013396241747619054,-76.77208202323622,0.018457538783091264,-72.9173904103901,0.8714552418204791,S,0.5456995941196456,0.8714552418204791,0.9910646782875572,deep,-0.060362442822679774,0.03791243792507815
01_03,14,Baseline,1,-75.54227320608274,0.0025417262703652586,-75.29066463820234,0.003268895146297569,-74.12876887509569,0.010447344331665373,-72.95118100054415,0.03391765548995174,-76.4558253034103,0.0010194786680277738,-73.19356829566948,0.026616954357291504,-69.64836764178469,0.9221879457364007,S,0.37456548431141024,0.9221879457364007,0.9957116261856745,deep,-0.007178449185367804,-0.023470311158286364
01_03,15,Baseline,1,-78.97627596692351,0.0008195961350299866,-76.6454556395614,0.008430674233420522,-75.45858971688165,0.027625594272547616,-75.16179745682537,0.03717122467808357,-78.17339928611011,0.0018292994923535433,-75.69532777331005,0.02180206336979359,-71.97236144890964,0.902321547818771,S,0.4552983285426202,0.902321547818771,0.9897400262742257,deep,-0.019194920039127095,-0.009545630405535955
01_03,16,Baseline,1,-76.67163644430349,0.000563856876539884,-74.37070141771841,0.005629272424383707,-73.85736764718247,0.009405681978264673,-72.75102404701956,0.028436046195133527,-77.3074269096397,0.0002985716653548807,-74.68434312450944,0.004113764290495312,-69.240586436185,0.951552806569828,S,0.2507787627637512,0.951552806569828,0.9940721559102613,deep,-0.003776409553880966,-0.019030364216868854
01_04,1,Baseline,1,-74.34372344175735,1.104621197439225e-12,-46.81220540592514,0.9999993883542462,-76.31846092006879,1.533189311500183e-13,-61.178330905613606,5.765947762627442e-07,-65.80805757539231,5.6260807098563826e-09,-70.25431756374843,6.595075627250708e-11,-64.15591616885072,2.9357688244351512e-08,L1,9.512703270961221e-06,0.9999993883542462,6.060196732034968e-07,shallow,0.9999993883540929,-5.765946229438131e-07
01_04,2,Baseline,1,-76.89766649484014,9.570673600768824e-14,-46.92017880920088,0.9999999734156628,-79.67251192877043,5.968187313724106e-15,-64.52433727353815,2.2626173282348923e-08,-69.93183113081369,1.0142998603750135e-10,-73.46802839487557,2.954033438170453e-12,-66.29441657201248,3.853678117952047e-09,L1,5.019767128806243e-07,0.9999999734156628,2.6482907108662462e-08,shallow,0.9999999734156568,-2.262616731416161e-08
01_04,3,Baseline,1,-75.55185644068105,1.1305653021788937e-13,-45.74096803641145,0.9999999703941782,-78.60503054897097,5.3372676860481876e-15,-63.16714170143608,2.703391374151904e-08,-68.75262035802427,1.0142998573103148e-10,-72.07941867576899,3.642136452489009e-12,-65.56134548578709,2.466717595035662e-09,L1,5.520283172497114e-07,0.9999999703941782,2.9504391866805095e-08,shallow,0.9999999703941729,-2.7033908404251354e-08
01_04,4,Baseline,1,-76.8651461043007,1.0646054769931548e-13,-46.99414421408471,0.9999999676855257,-79.33308424185375,9.02353653990665e-15,-64.44256904590436,2.6439020623132714e-08,-68.98639058097919,2.8111805810868813e-10,-73.2689408855334,3.8815106170884254e-12,-65.99637016011734,5.5903386045613604e-09,L1,6.061504914782745e-07,0.9999999676855257,3.20333562223954e-08,shallow,0.9999999676855167,-2.6439011599596174e-08
01_04,5,Baseline,1,-76.96518356868252,4.347282331655444e-14,-46.19854317760343,0.9999999876810214,-79.55688916009082,3.2557751873563972e-15,-64.58046882943755,1.0395158540378304e-08,-69.21019549921625,1.014299874844358e-10,-73.49274580377046,1.4004848210774407e-12,-66.32245460985905,1.8209428062497583e-09,L1,2.4242024471874786e-07,0.9999999876810214,1.2217548560047644e-08,shallow,0.9999999876810182,-1.0395155284603118e-08
01_04,6,Baseline,1,-74.77135985953625,6.981985553993261e-13,-46.78108715939188,0.999999830866865,-77.36306545094455,5.228962278259902e-14,-62.38664512029128,1.6695222721537155e-07,-67.7111073748628,8.132192320579672e-10,-71.29892209462419,2.24925920227178e-11,-67.20837082193685,1.3444459636699626e-09,L1,2.819572493448567e-06,0.999999830866865,1.683199162592424e-07,shallow,0.9999998308668127,-1.6695217492574877e-07
01_04,7,Baseline,1,-75.98801800435643,2.1169238593991982e-13,-46.80437588394204,0.999999936724318,-78.24791129521913,2.2092560444011585e-14,-63.60330326511147,5.061957668616437e-08,-68.65942349597337,3.2245817587665256e-10,-72.51240757670882,6.841379276286969e-12,-65.01588438822066,1.2326572147397076e-08,L1,1.1453458401415643e-06,0.999999936724318,6.295322399778411e-08,shallow,0.9999999367242959,-5.061955459360392e-08
01_04,8,Baseline,1,-75.98801800435643,2.1169238593991982e-13,-46.80437588394204,0.999999936724318,-78.24791129521913,2.2092560444011585e-14,-63.60330326511147,5.061957668616437e-08,-68.65942349597337,3.2245817587665256e-10,-72.51240757670882,6.841379276286969e-12,-65.01588438822066,1.2326572147397076e-08,L1,1.1453458401415643e-06,0.999999936724318,6.295322399778411e-08,shallow,0.9999999367242959,-5.061955459360392e-08
01_04,9,Baseline,1,-75.92413642537225,8.712443428388592e-14,-45.852697429401424,0.9999999769649278,-79.06559891077058,3.765478295521705e-15,-63.69050713212085,1.7911735475664732e-08,-69.09108899230476,8.085274441631163e-11,-72.82226773449185,1.9376013446684446e-12,-64.95846676713518,5.040455606827081e-09,L1,4.4077687251877045e-07,0.9999999769649278,2.295421957374906e-08,shallow,0.999999976964924,-1.7911731710186435e-08
01_04,10,Baseline,1,-73.16142229571376,1.176243725735842e-12,-45.692727309814494,0.9999999477492653,-75.76560119714891,8.699950729176769e-14,-62.535968578894746,4.8425402235330986e-08,-65.47973322146173,2.5504246457428924e-09,-69.72334472712431,3.661301016996961e-11,-66.20327827619447,1.2370318221172274e-09,L1,9.446437007282476e-07,0.9999999477492653,4.970031031085121e-08,shallow,0.9999999477491782,-4.8425315235823697e-08
01_04,11,Baseline,1,-77.01737605389522,8.612834137681158e-14,-46.93443823968632,0.9999999447074595,-75.95497545027789,2.491958488892044e-13,-64.8404955762873,1.6730082480009463e-08,-67.63509089707394,1.0228707391216399e-09,-72.52822947575929,7.669334343327177e-12,-64.03252123854057,3.75315826604355e-08,L1,1.0179606756313866e-06,0.9999999447074595,5.426966979897856e-08,shallow,0.9999999447072102,-1.6729833284160573e-08
01_04,12,Baseline,1,-72.88814686342937,4.6316269233126186e-12,-46.7900341159262,0.9999998252752546,-75.60409835921917,3.0634501809142676e-13,-63.62287840956233,4.8931500377512874e-08,-66.02525569820806,4.428425396666136e-09,-69.8902968978901,9.282891350807591e-11,-62.71530461582848,1.2126705288990743e-07,L1,3.0170475274485067e-06,0.9999998252752546,1.7029632015286978e-07,shallow,0.9999998252749482,-4.8931194032494783e-08
01_04,13,Baseline,1,-75.00837722053286,6.816684270931312e-13,-46.99414421408471,0.9999999738756349,-78.78755963726265,1.557023292524406e-14,-64.95400565168052,1.585372317273085e-08,-68.44086597638808,4.850729672215467e-10,-72.72341628094229,6.69759845738928e-12,-65.43725725084991,9.77817414675682e-09,L1,5.017901487352743e-07,0.9999999738756349,2.563929215660508e-08,shallow,0.9999999738756193,-1.5853707602497927e-08
01_04,14,Baseline,1,-74.33893055976336,1.0532590393812302e-12,-46.75979866901688,0.9999999790281131,-78.51514690845345,1.6174373944430578e-14,-64.50255109824045,1.9697926703946304e-08,-69.7714509906297,1.014299866067714e-10,-73.41482807257336,2.653797654784863e-12,-67.32708085952987,1.1688070642569408e-09,L1,3.9694087894175957e-07,0.9999999790281131,2.0870456999271354e-08,shallow,0.9999999790280969,-1.969791052957236e-08
01_04,15,Baseline,1,-74.58989793356574,8.822632265623699e-13,-46.83361201461659,0.9999999783345326,-77.9235012666004,3.1465355691259747e-14,-64.98384771924655,1.3105475377761717e-08,-69.46081035171053,1.4898159236947152e-10,-73.58947814225112,2.3992470683892794e-12,-65.42773015312098,8.4076976806769e-09,L1,4.1932735530702305e-07,0.9999999783345326,2.151648603408926e-08,shallow,0.9999999783345012,-1.3105443912406026e-08
01_04,16,Baseline,1,-77.06951586768328,8.352109314776327e-14,-46.95583870923237,0.9999999760439225,-77.28301243872072,6.746457474134653e-14,-64.9817004773155,1.4841154703294144e-08,-67.42060845746074,1.2949810537841347e-09,-71.70315876201495,1.7880326660651938e-11,-65.62473587151882,7.801910586623018e-09,L1,4.6408228771101613e-07,0.9999999760439225,2.2661096602245704e-08,shallow,0.999999976043855,-1.4841087238719403e-08
01_05,1,Baseline,1,-76.20696366831639,0.0002863714409044506,-75.22661886095067,0.0007632873149473342,-69.52539759407225,0.22840046367122882,-75.28073037038243,0.0007230822736775012,-75.55319213534335,0.0005506289914315334,-73.79447399421062,0.003196396583713284,-68.31521179959661,0.7660797697240971,S,0.5769473146992763,0.7660797697240971,0.9986860836936211,deep,-0.22763717635628147,0.2276773813975513
01_05,2,Baseline,1,-77.7419472224997,0.0020474467593112884,-74.80085157432667,0.03877164505060681,-72.92797048367387,0.25228774275827176,-77.60777723940748,0.002341433893549612,-78.65800619186525,0.0008191685342803371,-75.98922532643829,0.01181435632512392,-71.91907300593762,0.6919182066788563,S,0.8133995935716898,0.6919182066788563,0.9604091864151129,deep,-0.21351609770766494,0.24994630886472216
01_05,3,Baseline,1,-77.99735923803979,0.0012604498301639212,-75.22286287123643,0.020205705845528863,-72.39422979377414,0.34192728913255743,-77.8518037370046,0.001457939542027075,-79.08001748877501,0.0004269067876789114,-76.2018376770309,0.007591204134542584,-71.78767324287192,0.6271305047275013,S,0.796699394659621,0.6271305047275013,0.9793673873667923,deep,-0.32172158328702855,0.3404693495905304
01_05,4,Baseline,1,-78.77690821175973,0.0010473362597198288,-75.94229835900997,0.017829598226286065,-72.5885427967572,0.5101044253234099,-78.59349039157317,0.0012581820548304766,-78.78004702183021,0.0010440540239726982,-76.85761919689557,0.007138759774094828,-72.68850797384194,0.4615776443376861,L2,0.8300544164359347,0.5101044253234099,0.9811263477497413,deep,-0.4922748270971239,0.5088462432685794
01_05,5,Baseline,1,-78.87694567614155,0.0008174756513757845,-75.1466973225287,0.0340801189648873,-72.81234771499426,0.35180034052136344,-78.73139017510634,0.0009455593140348283,-79.00385194006726,0.0007200458238005486,-77.08142411513263,0.004923341172416832,-72.26735545772402,0.6067131185521213,S,0.8296231923404196,0.6067131185521213,0.9651998352113123,deep,-0.31772022155647617,0.3508547812073286
01_05,6,Baseline,1,-75.03337801639611,0.0007534137506951884,-72.52679716491876,0.00923905972495111,-68.96878005524883,0.32423132554709416,-74.88782251536091,0.0008714600711260431,-75.22423541341499,0.0006225084170373164,-73.2378564553872,0.004537521004350357,-68.25838432461232,0.6597447114847459,S,0.7234834145427571,0.6597447114847459,0.9901384318580116,deep,-0.31499226582214307,0.3233598654759681
01_05,7,Baseline,1,-77.55042256933564,0.0003728527030544178,-71.90959706158925,0.10503080335687325,-71.15401230764274,0.22359545763527156,-77.40486706830045,0.00043127198411698815,-75.35738393540596,0.0033416570229535814,-75.75172834559118,0.002252683987063708,-70.06410087705407,0.6649752733106664,S,0.881996539875548,0.6649752733106664,0.891627539620173,deep,-0.11856465427839831,0.22316418565115456
01_05,8,Baseline,1,-77.55042256933564,0.0003728527030544178,-71.90959706158925,0.10503080335687325,-71.15401230764274,0.22359545763527156,-77.40486706830045,0.00043127198411698815,-75.35738393540596,0.0033416570229535814,-75.75172834559118,0.002252683987063708,-70.06410087705407,0.6649752733106664,S,0.881996539875548,0.6649752733106664,0.891627539620173,deep,-0.11856465427839831,0.22316418565115456
01_05,9,Baseline,1,-77.83589853283128,0.0026755320545863853,-74.80085157432667,0.05565629661188822,-72.321057465674,0.6644697317076577,-77.84142847778965,0.002660777343560358,-78.88474543315577,0.0009373498997930229,-76.41094604585402,0.011123953391500373,-73.24988577532295,0.2624763589910139,L2,0.8716693960050345,0.6644697317076577,0.9434063534883187,deep,-0.6088134350957695,0.6618089543640973
01_05,10,Baseline,1,-75.2672719267727,0.0034603982840102836,-74.44679393113985,0.007860590171566264,-69.700366084652,0.9053209625273816,-78.82185268416245,9.894441373500117e-05,-76.68052420841202,0.0008420898264301882,-74.282460656486,0.009264546989448869,-72.2161097573194,0.07315246778742764,L2,0.3893035076683703,0.9053209625273816,0.9912973200020034,deep,-0.8974603723558153,0.9052220181136466
01_05,11,Baseline,1,-76.25073033567561,0.007251192131297748,-72.6801482452132,0.25768759463512503,-72.4128781445797,0.336641335870596,-75.78897278255772,0.01150663056827387,-78.56027760051238,0.0007200883417782227,-76.05285890433349,0.008837794182043722,-72.29870886866036,0.37735536427088545,S,1.2177995501146686,0.37735536427088545,0.7415923170230968,deep,-0.078953741235471,0.32513470530232214
01_05,12,Baseline,1,-77.09014174936722,0.0010124347090831702,-71.3129927227737,0.32685186618742496,-72.4113585960008,0.10897747248610291,-75.01387516964053,0.008073802918964998,-77.3347356983743,0.0007927590767380501,-75.82743424481107,0.0035789359573580697,-70.79128647282036,0.5507127286643279,S,1.0072949537702982,0.5507127286643279,0.672355374735837,deep,0.21787439370132206,0.10090366956713792
01_05,13,Baseline,1,-77.66737629385152,0.004166858348033603,-75.19506139315035,0.049376631159197215,-72.7902551580257,0.5469095837316064,-79.10492699734931,0.0009896654271087317,-78.98175938309872,0.0011193848225923481,-77.05933155816408,0.007653837023536527,-73.128945811114,0.38978403948792517,L2,0.9204064026132364,0.5469095837316064,0.9495039840182105,deep,-0.49753295257240915,0.5459199183044976
01_05,14,Baseline,1,-74.79503624022311,0.0012126008396464059,-71.34098353294436,0.03835251916214044,-69.63564270375798,0.21106392370776725,-74.86876573371117,0.0011264127364799263,-75.19813815048293,0.0008103132293458841,-73.21879967373746,0.005865009333980358,-68.37903523744134,0.7415692209906398,S,0.7268104864584731,0.7415692209906398,0.9608371676085138,deep,-0.1727114045456268,0.20993751097128732
01_05,15,Baseline,1,-79.49060790446325,0.0001778292190161,-72.79281829610336,0.14415051192006859,-72.67343375322307,0.16242924933608674,-76.59416338099264,0.0032204235574614065,-77.0127558949827,0.00211894935060139,-75.23534034237828,0.012532633583988663,-71.24841498588201,0.6753704030327771,S,0.927447547669205,0.6753704030327771,0.85373053872933,deep,-0.018278737416018154,0.15920882577862533
01_05,16,Baseline,1,-77.91379659534286,0.001452970318459034,-74.83651147435816,0.031528600226557964,-71.60595237342362,0.7974779445459543,-78.06514044318484,0.0012489036778744085,-78.28174627811121,0.001005676323464695,-76.35931845317658,0.0068763507623787285,-73.20967629380297,0.1604095541453109,L2,0.6420402603901383,0.7974779445459543,0.9674657234499774,deep,-0.7659493443193963,0.7962290408680799
01_06,1,Baseline,1,-70.90837427403909,0.04533455993832237,-68.56941680147406,0.4701384034263326,-70.2008221761999,0.09198465337599919,-71.0127457264206,0.04084147878137747,-73.04946308090463,0.005328026182182732,-71.6963878640957,0.02061576478841321,-68.93629187511628,0.32575711350737224,L1,1.3184640531483078,0.4701384034263326,0.5245335703914845,shallow,0.3781537500503334,0.05114317459462172
01_06,2,Baseline,1,-70.74509199672326,0.06176020538003342,-71.97687810594812,0.01801983547382362,-68.23687503826426,0.7586011836969256,-71.58330050686656,0.02671033905621369,-72.2628222892485,0.013538384383842571,-71.72706330818446,0.02313364195393148,-70.28097430675444,0.09823641005522958,L2,0.9240160438083617,0.7586011836969256,0.9684417801423337,deep,-0.7405813482231021,0.731890844640712
01_06,3,Baseline,1,-68.33180056276473,0.29451837957646637,-71.86514871295815,0.008601987320807754,-68.23687503826426,0.3238456246358426,-69.15862355496503,0.1288331837595062,-72.15109289625853,0.006462712214171206,-69.27097220927843,0.11514241621644669,-69.20825005422923,0.1225956962767591,L2,1.5688591226053328,0.3238456246358426,0.984935300465021,deep,-0.31524363731503485,0.1950124408763364
01_06,4,Baseline,1,-69.83917774998429,0.34757063700421414,-72.05084351083195,0.038065263817881584,-69.8383225873466,0.3478679935529225,-70.96779158933305,0.11243261641056536,-73.25825697541302,0.01138035576911889,-71.33388827524239,0.07796479596644881,-71.52010108177053,0.06471833747884875,L2,1.53180222908897,0.3478679935529225,0.9505543804129997,deep,-0.30980272973504097,0.23543537714235718
01_06,5,Baseline,1,-69.7451276907662,0.23047443462663983,-72.32272385415013,0.017506001766505512,-69.1887336493841,0.40203292368720506,-70.5719506829665,0.10081800406080599,-72.60866803745053,0.013152338781530827,-70.6842993372799,0.09010433684034597,-70.20226420662108,0.14591196023696676,L2,1.5613960352419947,0.40203292368720506,0.9693416594519635,deep,-0.38452692192069954,0.30121491962639907
01_06,6,Baseline,1,-67.55130398161992,0.2603865058662722,-72.90526783593857,0.0012314634192108296,-66.99490994023783,0.4542106737855639,-68.37812697382023,0.11390264542065857,-71.10957991309708,0.0074178640861052875,-68.49047562813362,0.10179850737572181,-69.00173953999995,0.061052340046467354,L2,1.4041921790456444,0.4542106737855639,0.9913506724946838,deep,-0.4529792103663531,0.3403080283649053
01_06,7,Baseline,1,-68.0110207844005,0.1443878518762131,-68.2898647464511,0.10925221764590894,-67.12281444247279,0.3509730488330434,-68.8378437766008,0.06316056295080515,-68.55461623322944,0.08383978413214803,-68.94701976817865,0.056628031050741885,-67.72728709291127,0.19175850351113946,L2,1.750372979929714,0.3509730488330434,0.806907998221943,deep,-0.2417208311871345,0.2878124858822383
01_06,8,Baseline,1,-68.76796212644012,0.20183036496115822,-72.92855656048874,0.003148207153295907,-67.87975578451241,0.490602343736187,-69.59478511864043,0.08828803327888077,-72.05789603420764,0.0075194549809901754,-69.70396111021826,0.07915663281563155,-69.21205664845051,0.1294549630738563,L2,1.4069878654835897,0.490602343736187,0.9893323378657138,deep,-0.4874541365828911,0.40231431045730626
01_06,9,Baseline,1,-67.63659916765648,0.482219072835253,-70.90939672614866,0.018276223636682253,-69.7649247798633,0.0574016418481803,-68.61450760585035,0.18136110164872482,-71.42208015073957,0.010945380943985247,-68.94633988820182,0.1301461172622772,-69.0304230122611,0.11965046182489733,E,1.4673579440440792,0.482219072835253,0.9707783954193328,deep,-0.03912541821149805,-0.12395945980054451
01_06,10,Baseline,1,-65.94136641779744,0.3039516379123771,-71.81690798636119,0.0008532753637176612,-65.3974456864422,0.5236320977976658,-68.5274504324237,0.022891933241601322,-68.878205759696,0.016119492614206598,-66.91489826063375,0.11481667892090992,-68.78270146483715,0.017734884149521637,L2,1.1797950409280078,0.5236320977976658,0.9830272320220758,deep,-0.5227788224339481,0.5007401645560645
01_06,11,Baseline,1,-67.02186858850033,0.34430412875037186,-68.78869339703519,0.0588328606538702,-69.68594843800108,0.023985404811242127,-67.17342760995811,0.2958836611880812,-71.09761231809617,0.005846140105225923,-68.58825274668129,0.07189028977617966,-67.56879591853077,0.19925751471502906,E,1.5243347069614903,0.34430412875037186,0.9353209992409038,deep,0.03484745584262808,-0.27189825637683906
01_06,12,Baseline,1,-69.02580514379133,0.04850213994410268,-68.3919754925952,0.09141755891942574,-69.6417296342302,0.026198009355688796,-66.75739191570074,0.46872729914416644,-69.8720704159581,0.020808106520914155,-68.36282808715887,0.09412135649565619,-67.3850504336421,0.25022552962004585,L3,1.4657231514960394,0.46872729914416644,0.8877743345596599,deep,0.06521954956373695,-0.44252928978847766
01_06,13,Baseline,1,-68.855802722416,0.5070099864053585,-72.05084351083195,0.020769590298036995,-69.48688550635538,0.269737136568946,-70.62524309126964,0.08640886991513702,-72.9068198944218,0.008824337493500988,-70.98245119425118,0.06045396876666763,-71.23853333125095,0.046796110552352714,E,1.3445204804257653,0.5070099864053585,0.970406072208462,deep,-0.248967546270909,0.18332826665380897
01_06,14,Baseline,1,-70.3213188212454,0.006162052382842616,-69.68153520616521,0.01168368607431323,-65.42976606734811,0.8205399957990012,-68.57256646813038,0.03541594895749514,-69.9674793894656,0.008778006509769615,-68.68491512244377,0.0316523881236727,-67.68808365342569,0.0857679221529056,L2,0.7254727480499329,0.8205399957990012,0.9795383074159172,deep,-0.8088563097246879,0.785124046841506
01_06,15,Baseline,1,-66.51585695180985,0.5038155625643204,-72.10380758732371,0.0018856255418499804,-66.7013606520541,0.41851241441308085,-70.12134446893594,0.013690781685404987,-72.00529778610525,0.0020808353413472656,-69.92704657192098,0.016626879515107888,-68.96788658358317,0.04338790093888842,E,0.9976078316335759,0.5038155625643204,0.9960335391168025,deep,-0.4166267888712309,0.40482163272767585
01_06,16,Baseline,1,-69.84945998976696,0.04115849142215658,-73.08001938577905,0.0016272164615199454,-66.914856928014,0.7743572423233086,-70.97318233084445,0.013379289045367332,-70.81908099569502,0.01560840034243957,-68.89471229552439,0.10693037834222019,-69.71804174424074,0.04693898206298777,L2,0.8450593734683829,0.7743572423233086,0.9827643831960404,deep,-0.7727300258617886,0.7609779532779413
01_08,1,Baseline,1,-68.3658277148804,1.2102992931912824e-08,-68.2976942684342,1.2956352626939097e-08,-50.13605398644213,0.9999606640271884,-72.63143567324377,1.6996628474985645e-10,-60.81418559316686,2.3042483354273775e-05,-62.29478822091649,5.242177611625749e-06,-61.55126160214005,1.10260825338041e-05,L2,0.00047545044888962516,0.9999606640271884,0.9999769445602931,deep,-0.9999606510708358,0.9999606638572222
01_08,2,Baseline,1,-66.70807150584533,3.97152600403818e-08,-72.22919188662799,1.5891514744844938e-10,-49.66658078022572,0.9999603871830938,-71.4940202460106,3.314715674421224e-10,-60.454537353430524,2.0645850835554036e-05,-60.61749345732612,1.7541302925173668e-05,-63.15602131540208,1.3854574988675482e-06,L2,0.00047381009481842266,0.9999603871830938,0.9999793539902493,deep,-0.9999603870241787,0.9999603868516223
01_08,3,Baseline,1,-67.49722421128514,1.8039973650660888e-08,-72.11746249363802,1.7770183307303845e-10,-49.66658078022572,0.9999676486633559,-72.27178743350744,1.522893166646178e-10,-60.34280796044055,2.308656913917285e-05,-61.36384649781845,8.316258785604047e-06,-63.5544804917641,9.301387546326787e-07,L2,0.0003893535758670761,0.9999676486633559,0.9999769132531591,deep,-0.999967648485654,0.9999676485110666
01_08,4,Baseline,1,-67.20929180520562,1.004794072840846e-08,-72.83689798141154,3.614421158449845e-11,-48.79341240340932,0.9999812758889357,-71.94599270827655,8.809555580476895e-11,-60.04283749349575,1.3014534138299298e-05,-60.95214663788368,5.242285666916394e-06,-63.39171559340667,4.5711907852939686e-07,L2,0.00023573098467830663,0.9999812758889357,0.9999869854297173,deep,-0.9999812758527915,0.9999812758008402
01_08,5,Baseline,1,-67.30932926958744,1.1371778446273845e-08,-72.04129694493027,1.0017536647359808e-10,-49.017217321646385,0.9999808223886393,-72.08389249180973,9.599794336623264e-11,-60.26664241173281,1.3014528236093787e-05,-61.17595155612074,5.242283289493813e-06,-62.92786382209678,9.092318832229976e-07,L2,0.00024218382298482488,0.9999808223886393,0.9999869853715885,deep,-0.999980822288464,0.9999808222926413
01_08,6,Baseline,1,-65.11550556044116,1.1371845366690568e-08,-72.62384092671871,6.237381785524906e-12,-46.82339361250011,0.9999867070559908,-69.89006878266346,9.599850829302971e-11,-58.76755428737937,6.496974389878719e-06,-58.98212784697447,5.242314139178719e-06,-60.205692970452425,1.5421813989638465e-06,L2,0.00017548216627370354,0.9999867070559908,0.9999935030193728,deep,-0.9999867070497535,0.9999867069599923
01_08,7,Baseline,1,-66.56506873358124,4.3312124884001115e-08,-70.08517433975018,1.2818790510035777e-09,-49.610297188053714,0.9999383267087676,-71.33963195580354,3.6563101640868955e-10,-59.65182152570197,4.35506463662492e-05,-60.5837883762589,1.7149305798412008e-05,-63.50006082890542,9.283794329196397e-07,L2,0.0007008413338874393,0.9999383267087676,0.9999564480717548,deep,-0.9999383254268885,0.9999383263431366
01_08,8,Baseline,1,-66.56506873358124,4.3312124884001115e-08,-70.08517433975018,1.2818790510035777e-09,-49.610297188053714,0.9999383267087676,-71.33963195580354,3.6563101640868955e-10,-59.65182152570197,4.35506463662492e-05,-60.5837883762589,1.7149305798412008e-05,-63.50006082890542,9.283794329196397e-07,L2,0.0007008413338874393,0.9999383267087676,0.9999564480717548,deep,-0.9999383254268885,0.9999383263431366
01_08,9,Baseline,1,-67.33576350607663,2.3301797710590115e-09,-72.76293257652772,1.0242355557743982e-11,-47.458445692526674,0.9999973961692039,-72.26141217429249,1.691248371042298e-11,-60.68127659472105,1.8088242560875953e-06,-61.57295486664158,7.415585047443403e-07,-64.24810643075953,5.109070052721047e-08,L2,3.789313768437356e-05,0.9999973961692039,0.9999981911655015,deep,-0.9999973961589615,0.9999973961522914
01_08,10,Baseline,1,-66.46540273151717,4.935879403678598e-08,-71.0017403872416,5.287594330909994e-10,-49.64142052060222,0.9998323353307017,-69.5056515513672,2.36048504970408e-09,-60.078277439676484,2.9326336242363366e-05,-61.47268409889252,7.272348657651018e-06,-58.58146122442635,0.0001310137363599558,L2,0.0017319513066962713,0.9998323353307017,0.9999706731349983,deep,-0.9998323348019422,0.9998323329702167
01_08,11,Baseline,1,-64.59577454350156,3.006077445172948e-07,-68.61401462579528,5.40630658495134e-09,-49.57848099305133,0.9998339678062811,-68.69507379498134,4.985366837832515e-09,-58.86233483035841,9.289693703147891e-05,-59.18665310350208,6.716635157623419e-05,-61.66077170014978,5.657905693286414e-06,L2,0.0017469064211799261,0.9998339678062811,0.999907097656662,deep,-0.9998339623999745,0.9998339628209143
01_08,12,Baseline,1,-66.48325858463264,4.5447250186197665e-08,-68.12025295955533,8.842396541755917e-09,-49.57696144447243,0.9995837067272183,-68.27903810072397,7.544152808412224e-09,-57.63679292822033,0.00031584850822021583,-58.961228443979664,8.400087189654007e-05,-60.59586885811756,1.63820588651999e-05,L2,0.003931938100655484,0.9995837067272183,0.9996841426493831,deep,-0.9995836978848217,0.9995836991830654
01_08,13,Baseline,1,-66.84699685315704,3.7285762081067344e-08,-71.34242404969231,4.161058281838441e-10,-49.742361730537446,0.9999808259912686,-71.71019234819309,2.880607294579826e-10,-60.99178682062388,1.3014528282981114e-05,-61.901095965011805,5.2422833083801405e-06,-63.6865877879788,8.792072114241149e-07,L2,0.00024223262252992116,0.9999808259912686,0.9999869850556112,deep,-0.9999808255751628,0.9999808257032079
01_08,14,Baseline,1,-63.56707299996884,8.394700665054821e-07,-71.00133036664454,4.958476547439698e-10,-49.576697139708195,0.9998808499585298,-70.40475269091344,9.004065716386942e-10,-59.226675833447075,6.44192632443937e-05,-59.496811755224456,4.9169660919133844e-05,-61.84022656736067,4.720250985941805e-06,L2,0.0012982311457970354,0.9998808499585298,0.9999355802409079,deep,-0.9998808494626821,0.9998808490581232
01_08,15,Baseline,1,-67.17575453204952,2.3877536557754018e-08,-70.43465488436456,9.17628890936681e-10,-49.62554032573481,0.99988649979003,-70.69390266355565,7.080716374797678e-10,-59.02278333250786,8.294303480701228e-05,-60.07710474922601,2.8899740846281043e-05,-62.951173351986235,1.6319310796788581e-06,L2,0.0012171895922118965,0.99988649979003,0.9999170560475641,deep,-0.9998864988724011,0.9998864990819584
01_08,16,Baseline,1,-64.72554936672958,2.7678004633860055e-07,-69.91639275110067,1.5409201682653419e-09,-49.62554032573481,0.9999663388330149,-69.60292441422915,2.1082286377294463e-09,-60.39852185361632,2.0957474658611877e-05,-61.30783099800425,8.44172122106873e-06,-62.05934806298865,3.981541910530903e-06,L2,0.0004118133532743819,0.9999663388330149,0.9999790409844214,deep,-0.9999663372920947,0.9999663367247863
01_09,1,Baseline,1,-81.15619552011387,0.5974847391528834,-93.2185322986615,3.4492169792504314e-06,-81.6131685638741,0.3783257884223445,-84.49018336519774,0.021300720474322635,-93.18604365439437,3.5631175823321892e-06,-87.00212997518389,0.0017277056030164468,-87.40566062088288,0.0011540340128715825,E,0.7763241852723015,0.5974847391528834,0.9999929876654385,deep,-0.37832233920536523,0.35702506794802186
01_09,2,Baseline,1,-81.52665393269778,0.47021265761652076,-91.14302106143835,3.132990916396388e-05,-81.42512226687755,0.5204619180491465,-85.60418321172341,0.007969771133256986,-93.18545733331786,4.063874926120326e-06,-87.83826864221226,0.000853483000685994,-88.4417438899972,0.00046677641629961855,L2,0.7431871497996949,0.5204619180491465,0.99996460621591,deep,-0.5204305881399826,0.5124921469158895
01_09,3,Baseline,1,-80.13232199763871,0.7308358990003958,-90.88572602574845,1.5619813383317165e-05,-81.18251286237768,0.2556982610262246,-84.24698763962134,0.011935573423730821,-92.92816229762795,2.0260820938528086e-06,-86.5952245658056,0.0011402942897669227,-87.7144954294798,0.0003723263644046124,E,0.6415957500975884,0.7308358990003958,0.9999823541045229,deep,-0.2556826412128413,0.24376268760249378
01_09,4,Baseline,1,-83.87170570625715,0.7113898703899372,-95.53543386641998,6.1180764358573465e-06,-84.82187940925897,0.2750758608968668,-87.9485090290884,0.012066310312353832,-96.55846418358115,2.199472199122354e-06,-90.21084082056878,0.0012561927330090878,-92.03127057580808,0.00020344811919826566,E,0.6608189692225566,0.7113898703899372,0.9999916824513653,deep,-0.27506974282043095,0.263009550584513
01_09,5,Baseline,1,-83.87469940883899,0.7353053624684284,-94.64278906813875,1.5486233868119095e-05,-84.94864056569608,0.25122393563282336,-87.98936505082162,0.012008566019552056,-96.68522534001826,2.008755186212679e-06,-90.33760197700589,0.001147267816488692,-91.68775306913014,0.0002973730736532677,E,0.636610927245988,0.7353053624684284,0.9999825050109458,deep,-0.25120844939895526,0.2392153696132713
01_09,6,Baseline,1,-83.48588966917181,0.7334105879568178,-91.47944384444911,0.00024762284345060474,-84.55983082602889,0.2505765682474653,-87.60055531115444,0.01197762169903404,-95.6034253914046,4.00652887437611e-06,-89.9487922373387,0.0011443114749092366,-89.1130887354217,0.0026392812494485753,E,0.6527132551246222,0.7334105879568178,0.999748370627675,deep,-0.25032894540401474,0.23859894654843128
01_09,7,Baseline,1,-82.64522006383305,0.6688512021137434,-91.50273256899928,9.518328901575867e-05,-83.3873489201445,0.3184395817269967,-86.75988570581568,0.010923276543062759,-93.1358010971569,1.8592083329777565e-05,-89.10494996926437,0.0010468982152987455,-89.62035975498011,0.0006252660285528673,E,0.6956246217706994,0.6688512021137434,0.9998862246276545,deep,-0.31834439843798096,0.30751630518393397
01_09,8,Baseline,1,-82.64522006383305,0.6688512021137434,-91.50273256899928,9.518328901575867e-05,-83.3873489201445,0.3184395817269967,-86.75988570581568,0.010923276543062759,-93.1358010971569,1.8592083329777565e-05,-89.10494996926437,0.0010468982152987455,-89.62035975498011,0.0006252660285528673,E,0.6956246217706994,0.6688512021137434,0.9998862246276545,deep,-0.31834439843798096,0.30751630518393397
01_09,9,Baseline,1,-81.08686455312963,0.7712662731881732,-91.09449918053838,3.4749122723601655e-05,-82.41943131857687,0.20345948808346703,-84.62478742760618,0.02242352879633707,-93.12106528920852,4.579492653558743e-06,-86.8528548155287,0.0024158312054927337,-88.6623760243911,0.0003955501111527416,E,0.6275066922860268,0.7712662731881732,0.9999606713846227,deep,-0.20342473896074342,0.18103595928712995
01_09,10,Baseline,1,-80.39118254981008,0.8649904649487511,-94.01081631000989,1.0521545376910844e-06,-82.25394711109361,0.13428359207767418,-88.49711573561753,0.0002610052643036786,-94.77918578410281,4.879562778950853e-07,-87.95592669409903,0.00044841969738267643,-91.35508045950566,1.497790107288154e-05,E,0.4008689501435735,0.8649904649487511,0.9999984598891845,deep,-0.1342825399231365,0.1340225868133705
01_09,11,Baseline,1,-81.0058746638732,0.8400761775047372,-90.9631929683239,3.980249304947134e-05,-82.87419566661437,0.12969318848630157,-84.4452763351133,0.026952900154876006,-93.05861561342499,4.896432626987396e-06,-86.66944644524808,0.0029151485931539806,-88.8854286355079,0.0003178863352546831,E,0.5287433589226963,0.8400761775047372,0.9999553010743234,deep,-0.1296533859932521,0.10274028833142557
01_09,12,Baseline,1,-84.31990200346354,0.31879984787668036,-90.71204070658382,0.0005338847787797041,-84.43119893254269,0.2852216338456365,-84.17480628355585,0.36858051794555224,-93.06552948614627,5.0738818374014003e-05,-87.04569310888536,0.020879594959175147,-88.30380372723945,0.0059337817758020744,L3,1.2058660716311809,0.36858051794555224,0.9994153764028463,deep,-0.2846877490668568,-0.08335888409991576
01_09,13,Baseline,1,-83.08241820228876,0.8999908840238598,-94.46795248662053,1.0222647775528008e-05,-85.3438361844673,0.09378141032776043,-88.1397012209247,0.005726483346898707,-97.08042095878949,7.498644342613945e-07,-90.73279759577711,0.0004282728617515632,-92.66579593668004,6.197692751942176e-05,E,0.3504073443622486,0.8999908840238598,0.99998902748779,deep,-0.0937711876799849,0.08805492698086172
01_09,14,Baseline,1,-79.7442680920206,0.8068440594576061,-90.78855339765445,1.2891915224032834e-05,-81.23819486456007,0.18112794177364003,-84.07821872852648,0.010582268085000877,-92.83098966953395,1.6722401190003365e-06,-86.42645565471074,0.0010110029440326108,-87.3045096636677,0.0004201635843773246,E,0.5411762888572604,0.8068440594576061,0.9999854358446568,deep,-0.181115049858416,0.17054567368863915
01_09,15,Baseline,1,-82.45044263936174,0.5301870457489035,-91.02734113831407,9.989170416579575e-05,-82.77180760612593,0.38446966610112376,-84.38677745352867,0.07646973538138263,-93.0929072252345,1.266092595064137e-05,-86.75443486803242,0.0071652118782180255,-88.25630467894135,0.0015957882602556297,E,0.9472469576941444,0.5301870457489035,0.9998874473698836,deep,-0.38436977439695796,0.30799993071974113
01_09,16,Baseline,1,-81.04831010148126,0.686492151118281,-91.01370656640992,3.226404995889915e-05,-81.91782250228636,0.287747221370005,-84.44091559344159,0.02308052757691225,-93.17796371440362,3.705048903614701e-06,-86.83034035139124,0.0021160783528072066,-88.21846449378332,0.0005280524831318954,E,0.7210513008056173,0.686492151118281,0.9999640309011374,deep,-0.28771495732004615,0.26466669379309277
01_10,1,Baseline,1,-75.91583238291655,0.004933268428413144,-84.54281999374592,8.840597781982583e-07,-74.74635197890959,0.015886697750821487,-74.145318357323,0.028977386826434512,-77.07677919560257,0.0015450479151743592,-71.2907449397719,0.5032510639911073,-71.41284867625103,0.44540565102827107,D2,0.9104362708380612,0.5032510639911073,0.9984540680250475,deep,-0.015885813691043287,-0.013090689075613025
01_10,2,Baseline,1,-76.04368139100058,0.007548091281955909,-82.2246993520229,1.561187806456596e-05,-74.31569627741317,0.04249047080977041,-75.0167087993488,0.021078789809608513,-76.83358347002618,0.003425997403211217,-71.88427420230038,0.4833310920811361,-71.97341751254558,0.44210994673625315,D2,0.9843180519312553,0.4833310920811361,0.9965583907187241,deep,-0.04247485893170585,0.0214116810001619
01_10,3,Baseline,1,-75.71683083574096,0.012957882668000232,-84.00532331413196,3.2575230428829227e-06,-75.6257870617125,0.014192988530722591,-74.7269946070462,0.03486698984473295,-78.61420743213525,0.0007148573310438466,-71.70871150569319,0.7132440395006083,-72.86679987408736,0.22401998460184924,D2,0.8151132797611111,0.7132440395006083,0.9992818851459133,deep,-0.014189731007679708,-0.02067400131401036
01_10,4,Baseline,1,-78.34021128365995,0.008036267263362207,-83.65727742210603,3.943500387819037e-05,-77.66393153889462,0.015803705682856512,-77.31251273581381,0.022458367289075507,-80.1580684393895,0.0013048753890901545,-74.20832449975693,0.5006220817342983,-74.31107967113711,0.451735267637439,D2,0.9039895618385915,0.5006220817342983,0.9986556896070315,deep,-0.015764270678978322,-0.006654661606218994
01_10,5,Baseline,1,-78.63433627164167,0.011902009880906205,-85.96707676322318,7.781289506647995e-06,-78.08182398073157,0.020681086238928226,-77.6445000429469,0.032025853936329264,-80.57596088122646,0.0017075894093688522,-74.62621694159388,0.6551253644700517,-75.48144484853839,0.27855031477490916,D2,0.8872341112570408,0.6551253644700517,0.9982846293011244,deep,-0.020673304949421576,-0.011344767697401038
01_10,6,Baseline,1,-79.31300791177394,0.0062956624018342365,-83.87121291933299,6.598392554702714e-05,-78.76049562086384,0.010939424380111378,-78.32317168307917,0.016940329115088224,-80.56164231241226,0.0018062023429120506,-75.30488858172615,0.34653375075739934,-74.72732148619703,0.6174186470771078,S,0.8274011933660994,0.6174186470771078,0.998127813731541,deep,-0.010873440454564351,-0.006000904734976846
01_10,7,Baseline,1,-77.40485692663572,0.009464955466130466,-82.82702026408369,4.181219406681629e-05,-76.52053233518001,0.022917955149318773,-76.41502069794095,0.025468243120722066,-77.02653663836512,0.013817230051316458,-73.39356493385237,0.5226374818171614,-73.64695656270825,0.4056523222012841,D2,0.9888297173155168,0.5226374818171614,0.9861409577546169,deep,-0.022876142955251956,-0.002550287971403293
01_10,8,Baseline,1,-77.40485692663572,0.009464955466130466,-82.82702026408369,4.181219406681629e-05,-76.52053233518001,0.022917955149318773,-76.41502069794095,0.025468243120722066,-77.02653663836512,0.013817230051316458,-73.39356493385237,0.5226374818171614,-73.64695656270825,0.4056523222012841,D2,0.9888297173155168,0.5226374818171614,0.9861409577546169,deep,-0.022876142955251956,-0.002550287971403293
01_10,9,Baseline,1,-75.8465014159323,0.007011231953367104,-82.4187868756228,9.805890212108925e-06,-75.55261473361236,0.009406492197633965,-74.27992241973146,0.03358543275778503,-77.01180083041673,0.0021863074249022173,-71.14146978011671,0.7747536157908006,-72.64045095121926,0.17304711398529893,D2,0.7074372721815843,0.7747536157908006,0.9978038866848856,deep,-0.009396686307421857,-0.02417894056015106
01_10,10,Baseline,1,-75.02466252227282,0.017322589707208118,-85.46126089543424,5.082246620580488e-07,-74.48462354138957,0.029726841564337612,-76.7645249340035,0.0030408862466274195,-77.28219553157172,0.0018120855216028696,-71.05090338854764,0.9212860246932894,-74.58785929571019,0.02681106404227265,D2,0.37639716861701816,0.9212860246932894,0.9981874062537351,deep,-0.029726333339675552,0.026685955317710192
01_10,11,Baseline,1,-76.10516469297569,0.05230530460884122,-83.59757144770764,2.914974942582664e-05,-77.77939817211696,0.009804724029346202,-74.79912641219822,0.19308607486888857,-80.22943030347152,0.0008460576157148636,-73.69469549259469,0.5826385392966517,-74.97905756957499,0.16129014983113166,D2,1.132540605978872,0.5826385392966517,0.9991247926348592,deep,-0.009775574279920375,-0.18328135083954236
01_10,12,Baseline,1,-75.12985776100822,0.29228104414488815,-82.492434082128,0.00018547030292670298,-75.96316027787898,0.12702873268181708,-75.67377274988019,0.16966074584025706,-80.81860674699251,0.0009890274754987168,-75.28398917873135,0.2505314349831603,-75.73663657414585,0.15932354457145212,E,1.5704546298438782,0.29228104414488815,0.9988255022215747,deep,-0.12684326237889038,-0.04263201315843998
01_10,13,Baseline,1,-78.90953644489089,0.010401908409545985,-84.7247588019055,3.101658967652097e-05,-78.26352332354291,0.019845998731580723,-76.72735483325053,0.09221943516278562,-80.7576602240378,0.00163863816730311,-74.80791628440522,0.6286718696538253,-75.74136387876867,0.24719113328528292,D2,0.993197050078908,0.6286718696538253,0.9983303452430206,deep,-0.019814982141904202,-0.07237343643120489
01_10,14,Baseline,1,-77.70634909422164,0.014968553480020474,-85.02415394673739,9.933391815655372e-06,-75.53590342119497,0.13115728329686818,-77.3433816596099,0.021518628469945702,-79.63303806474067,0.002179864230605045,-74.3250985582569,0.4401880851419515,-74.44621122517425,0.38997765198879336,D2,1.1538288946016069,0.4401880851419515,0.9978102023775791,deep,-0.13114734990505253,0.10963865482692248
01_10,15,Baseline,1,-78.5978052959037,0.0052258246505878445,-84.45747846445742,1.4904970138748452e-05,-78.78719074661996,0.004324200044835459,-76.35155397649277,0.04939572750358933,-79.42914556380147,0.002275665063676854,-73.6244138964991,0.7552161598174079,-75.03894432178808,0.183547517949764,D2,0.7367799260201686,0.7552161598174079,0.9977094299661845,deep,-0.004309295074696711,-0.04507152745875387
01_10,16,Baseline,1,-77.76823095264292,0.019082710495924273,-85.7539346768526,6.493711650444799e-06,-76.97247240096088,0.04228960313825464,-77.07529407282534,0.03815739561938176,-79.95089898107035,0.0021513911664176226,-74.00115504143778,0.8253921664564077,-76.42764743508933,0.0729202394119634,D2,0.6965565944755107,0.8253921664564077,0.9978421151219318,deep,-0.042283109426604196,0.004132207518872881
01_12,1,Baseline,1,-68.3464189625204,0.014103215935723458,-70.62674455163301,0.0014420666564766056,-81.55882405726612,2.5777662314573385e-08,-64.10322988626412,0.982000608670589,-78.181137204886,7.553605368543126e-07,-70.56485760150827,0.0015341311779369959,-71.0770772604232,0.00091919642107444,L3,0.10374770952655576,0.982000608670589,0.9985571779829863,deep,0.001442040878814291,-0.9820005828929267
01_12,2,Baseline,1,-72.2589746808025,0.030108323555427908,-72.86968071450767,0.016347837570363156,-84.13652497156816,2.0908940399469078e-07,-68.80784891938798,0.9494923041155616,-81.52856066590779,2.8376349963583505e-06,-75.13718109783471,0.0016931576991625285,-74.80709535710415,0.0023553303350844733,L3,0.2470236978708835,0.9494923041155616,0.9836493247946405,deep,0.01634762848095916,-0.9494920950261576
01_12,3,Baseline,1,-68.77820186704449,0.030276274383600858,-71.69046994171823,0.0016455855979664834,-83.0690435917687,1.8822128309109963e-08,-65.31569058768699,0.96572166527181,-80.34934989311836,2.8563846821908725e-07,-71.61360861912922,0.0017770552316023346,-72.73482035803943,0.0005791150544237407,L3,0.16569471039535155,0.96572166527181,0.9983541287635652,deep,0.0016455667758381743,-0.9657216464496817
01_12,4,Baseline,1,-71.35306043406351,0.04026391309645019,-72.94364611939149,0.008206035546664313,-85.7379725206505,2.2783898549356964e-08,-68.19234000185446,0.9497283946388271,-82.52399535207229,5.668140246572534e-07,-74.74400606489266,0.0013559603928770755,-75.85795723422832,0.00044510672725821683,L3,0.2301359359719828,0.9497283946388271,0.9917933976393111,deep,0.008206012762765764,-0.9497283718549285
01_12,5,Baseline,1,-71.25901037484542,0.03019314953030612,-73.21552646270968,0.004267802142670874,-85.08838358268801,2.9777480265069945e-08,-67.79649909548792,0.9630702336348728,-81.8744064141098,7.407991830999701e-07,-74.09441712693015,0.0017721762476972474,-75.02922091855062,0.0006958678677895401,L3,0.1815053784066092,0.9630702336348728,0.9957314570581459,deep,0.004267772365190608,-0.9630702038573925
01_12,6,Baseline,1,-71.84063825317773,0.02836603495973731,-71.02261885701954,0.06427764306355425,-85.67001146102032,2.797551959142362e-08,-68.37812697382023,0.9047907999312387,-81.76304408349564,1.3917221345303855e-06,-74.67604500526247,0.001664934403300275,-75.29211617987274,0.0008991679445153554,L3,0.38497251334972,0.9047907999312387,0.9357209652143113,deep,0.06427761508803466,-0.9047907719557191
01_12,7,Baseline,1,-69.93248726803952,0.029460667682975422,-69.97842620177025,0.028137892095029655,-83.43004817533648,4.048800370810648e-08,-66.46997598868202,0.9397062760876812,-78.2279384094485,7.354851859652755e-06,-72.7647213573887,0.001734678312387748,-73.36358877825239,0.0009530904820625484,L3,0.28049297222233016,0.9397062760876812,0.9718547530531106,deep,0.02813785160702595,-0.9397062355996775
01_12,8,Baseline,1,-69.35022469723982,0.029072679407810786,-69.00798858377074,0.0409370284554534,-82.84778560453678,3.9954788680782265e-08,-65.88771341788231,0.9273306225164982,-77.6456758386488,7.257990637163657e-06,-72.182458786589,0.0017118331123525245,-72.7813262074527,0.0009405385624594169,L3,0.3211896710719955,0.9273306225164982,0.9590557135539096,deep,0.04093698850066472,-0.9273305825617095
01_12,9,Baseline,1,-72.35292599113407,0.02045469531367657,-72.86968071450767,0.012200265727590212,-82.46213057376883,8.325709397650175e-07,-68.5077594678704,0.9565939235460051,-81.22155921729858,2.8786876368475193e-06,-74.27792416149111,0.0029838496195205445,-73.32169815905492,0.007763554534630902,L3,0.2308834041913813,0.9565939235460051,0.9877968555847729,deep,0.012199433156650447,-0.9565930909750654
01_12,10,Baseline,1,-67.45524910187667,0.1525614857678568,-72.70971059492074,0.0007970054254373188,-81.29709561974609,1.4859607819524528e-07,-65.7519988449451,0.8378322966158751,-78.14394413635527,3.478593149476993e-06,-70.325016050284,0.00865208862855648,-74.35689514262631,0.00015349637304635372,L3,0.48326543275186373,0.8378322966158751,0.9991995159814129,deep,0.0007968568293591236,-0.8378321480197969
01_12,11,Baseline,1,-72.37868423985759,0.016380362194193532,-72.8839401449931,0.009883110449353874,-81.31179110163517,2.161346932825488e-06,-68.33407100108552,0.9351401666699785,-79.23182043216804,1.7299926913294943e-05,-72.06241941911952,0.02247375111105248,-72.39575263046031,0.016103148301575543,L3,0.3276903547758441,0.9351401666699785,0.9900995896237328,deep,0.009880949102421049,-0.9351380053230456
01_12,12,Baseline,1,-66.94906864127239,0.06432490164424393,-71.24506208951374,0.0008763001417867639,-80.90268775349648,5.6027255341619645e-08,-64.276953364094,0.9308164519170712,-77.98104715196196,1.0405231311585785e-06,-70.16201943092996,0.0025882864112419797,-70.78158209664036,0.0013929633352696095,L3,0.2739910165166455,0.9308164519170712,0.999122659335082,deep,0.0008762441145314222,-0.9308163958898158
01_12,13,Baseline,1,-68.71994145589608,0.16409587330831654,-72.94364611939149,0.0024030678379112027,-83.25157268006038,8.018449637552697e-08,-67.10255453793144,0.8270273520717524,-80.03759551148217,1.9948165151485952e-06,-72.25760622430252,0.004772098197877561,-73.2900384557019,0.0016995335831309411,L3,0.5045039162666604,0.8270273520717524,0.9975949373455738,deep,0.002402987653414827,-0.827027271887256
01_12,14,Baseline,1,-71.83520150532462,0.0023507614293593266,-70.57433781472476,0.008294585717617063,-81.32941600065202,1.7697975558483482e-07,-65.79711488065179,0.9851815243187658,-79.23321776612488,1.4397626971333718e-06,-72.09503291209404,0.0018128639387787224,-71.83185228228358,0.002358647853026431,L3,0.09442173501097587,0.9851815243187658,0.9917039745196858,deep,0.008294408737861478,-0.9851813473390102
01_12,15,Baseline,1,-68.67022846376875,0.333344598809808,-73.63709902376294,0.0023217152076858,-83.24149941323769,1.565564103676983e-07,-67.98638170933702,0.6605174484223139,-81.9115249906442,5.91931439937604e-07,-73.97765318945092,0.0016516124621294107,-73.70750390989275,0.0021638766102127123,L3,0.6780934088758039,0.6605174484223139,0.9976776928608744,deep,0.002321558651275432,-0.6605172918659035
01_12,16,Baseline,1,-70.29586129404673,0.040274522673608475,-72.90534061453914,0.0029631110797060122,-83.88198824111736,5.065827979967587e-08,-67.1302493635664,0.9546368513468568,-81.15230075215375,7.764949796190191e-07,-73.3723114649741,0.0018575694881014502,-75.3116441743899,0.00026711825846792366,L3,0.20482221823344146,0.9546368513468568,0.9970361124253144,deep,0.0029630604214262125,-0.954636800688577
01_13,1,Baseline,1,-90.78293669066896,0.0009313623007447782,-87.9199429043842,0.016311768825649157,-84.45072815890465,0.523795639139879,-85.01421967891747,0.2981539865984234,-89.54884346213223,0.0031994736227403424,-85.94435297156444,0.11762208247083974,-87.02330819939107,0.039985687041723506,L2,1.1720084514431304,0.523795639139879,0.9804887575516105,deep,-0.5074838703142299,0.22564165254145563
01_13,2,Baseline,1,-91.37659575539276,0.001869307225336118,-87.81442003170005,0.0658739862786928,-85.94153894104724,0.4286431303868781,-86.35142017758304,0.2845029072449639,-90.7418954111951,0.0035263672686463785,-87.00369229073267,0.14818646199852692,-87.79155068593752,0.06739783959695572,L2,1.3962882695635288,0.4286431303868781,0.9305996464526607,deep,-0.36276914410818534,0.14414022314191421
01_13,3,Baseline,1,-90.01137694887368,0.001733589965511377,-86.61580050655063,0.051716186897640716,-84.2723862380881,0.5387141486482766,-85.02333773402094,0.254228532776137,-89.54327588604568,0.0027684717296974524,-85.78976134286602,0.1181328677625798,-87.07400660160012,0.03270620222015728,L2,1.2260995329355155,0.5387141486482766,0.945515341372662,deep,-0.48699796175063587,0.2844856158721396
01_13,4,Baseline,1,-93.28495060085234,0.0011818448781630883,-87.88838543658387,0.2607707940798387,-87.44594272832963,0.40589095758262406,-88.25904906684823,0.18000384425368327,-92.70776771535911,0.0021048823169115168,-88.93956754098942,0.09114573722940474,-89.37615325296143,0.058901939659374646,L2,1.431216138386486,0.40589095758262406,0.7371243236032499,deep,-0.14512016350278534,0.2258871133289408
01_13,5,Baseline,1,-93.57907558883404,0.001766968364696498,-90.19818477770102,0.0519434746257988,-87.8638351701666,0.5361991863950345,-88.59103637398132,0.2591234281205156,-93.12566015719608,0.002780638899932879,-89.35745998282638,0.1204073883213668,-90.82406358911058,0.027778915272655063,L2,1.2197439505294099,0.5361991863950345,0.9452758864742684,deep,-0.4842557117692357,0.2770757582745189
01_13,6,Baseline,1,-89.90048232414854,0.0018535891903605608,-88.42256534775066,0.008125772810383203,-84.18524190548108,0.5624848953946568,-84.91244310929581,0.2718262505032828,-89.5110180256037,0.0027362494284213883,-85.67886671814087,0.12631003355307407,-87.23432150697465,0.026663209119821223,L2,1.1026193090715521,0.5624848953946568,0.9891379777611955,deep,-0.5543591225842737,0.29065864489137405
01_13,7,Baseline,1,-92.3495962438281,0.0011073036603728341,-87.05812827856154,0.2199490416496525,-86.30254352461502,0.4682398406207738,-87.36155702897537,0.16238452604978695,-89.57623591433472,0.017730534298014435,-88.12480797508488,0.07569530929568975,-88.44613023720072,0.05489344442570989,L2,1.4172781509634793,0.4682398406207738,0.7623204240523331,deep,-0.24829079897112127,0.3058553145709868
01_13,8,Baseline,1,-92.3495962438281,0.0011073036603728341,-87.05812827856154,0.2199490416496525,-86.30254352461502,0.4682398406207738,-87.36155702897537,0.16238452604978695,-89.57623591433472,0.017730534298014435,-88.12480797508488,0.07569530929568975,-88.44613023720072,0.05489344442570989,L2,1.4172781509634793,0.4682398406207738,0.7623204240523331,deep,-0.24829079897112127,0.3058553145709868
01_13,9,Baseline,1,-90.79124073312468,0.0013154071699773657,-86.64989489010064,0.08272253829638736,-85.33462592304738,0.30820374152687674,-85.22645875076589,0.3434110873843463,-89.56150010638633,0.004499142753491314,-85.8727128213492,0.1799491236306867,-86.68462415890811,0.07989895923823427,L3,1.4795374978851408,0.3434110873843463,0.9127783189501213,deep,-0.22548120323048937,-0.03520734585746954
01_13,10,Baseline,1,-89.87235807766525,0.002528750597370004,-89.78941267171203,0.002747443249294113,-84.16959096902464,0.7578552879123366,-86.64357988523847,0.06384789015498721,-89.49224164124149,0.0036981836072624116,-85.68510266798019,0.16649757677591753,-89.76162189075046,0.0028248677028321336,L2,0.7528927265682408,0.7578552879123366,0.9935543731434433,deep,-0.7551078446630425,0.6940073977573493
01_13,11,Baseline,1,-91.04990401016808,0.003561610184440088,-87.82867946218549,0.08924963130280349,-87.56140936155198,0.11659511646370316,-85.74566274323264,0.7165542850097275,-92.77912957944113,0.000631907138954131,-88.42593853382719,0.049115674393935604,-89.12997891524378,0.024291775506436006,L3,0.9681076723672618,0.7165542850097275,0.9101184615582424,deep,-0.02734548516089967,-0.5999591685460244
01_13,12,Baseline,1,-89.75435266426078,0.0035245452654966447,-89.1787492701446,0.006267357530768143,-84.16335814997481,0.9445852474191211,-89.07551625445336,0.006948931001789089,-91.74573432566696,0.00048112400465864,-87.5600250464251,0.03162914618386493,-89.13255745301102,0.006563648594301717,L2,0.2859803647552544,0.9445852474191211,0.9932515184645734,deep,-0.938317889888353,0.937636316417332
01_13,13,Baseline,1,-91.13705043168466,0.0045519115224756,-90.0233481961828,0.013863361475710708,-86.12406802933891,0.6843911849141655,-87.99413557822479,0.10547375065798639,-91.3858930163684,0.003549137708205049,-87.6176928419987,0.15368496867686293,-89.11205337956585,0.03448568504459372,L2,1.004609783969105,0.6843911849141655,0.9825875008160841,deep,-0.6705278234384549,0.5789174342561791
01_13,14,Baseline,1,-89.64273179561556,0.0035086856427929275,-86.53803663081662,0.07825217866571518,-85.31791461062998,0.2650871637174959,-84.87397757528608,0.41322644138633663,-89.46551201031167,0.004188996858025308,-85.64040118413114,0.19201473580968675,-87.1201265162478,0.04372179791994748,L3,1.4129940877919516,0.41322644138633663,0.9175588244762598,deep,-0.18683498505178073,-0.14813927766884072
01_13,15,Baseline,1,-91.08733743955734,0.0006427647299977812,-86.4856930860764,0.06405024397901252,-84.61952083079699,0.41398928539874064,-84.89140501488842,0.31543603152171135,-89.43629828061236,0.00335034271301057,-85.67724911205296,0.14375519405123952,-86.5716249740942,0.05877613760628762,L2,1.374292258191,0.41398928539874064,0.9325994133079769,deep,-0.3499390414197281,0.09855325387702929
01_13,16,Baseline,1,-91.06322631923615,0.004296991749104137,-87.85007993173153,0.10681106992555066,-88.24895752211513,0.07167800826215864,-85.88686764426086,0.7607264710028051,-93.0343389469397,0.0005985785947450488,-89.26613877257,0.02591968532845631,-89.12097147852286,0.02996919513718002,L3,0.8635183490983157,0.7607264710028051,0.8925903514797042,deep,0.035133061663392015,-0.6890484627406465
01_15,1,Baseline,1,-74.4310628273773,2.4047379020283155e-08,-66.50238467513512,6.674963862629392e-05,-57.070801204666594,0.8327863068927128,-71.85508557884417,3.160825010236693e-07,-58.72580383923193,0.15913842808635206,-61.97454380697665,0.006178246371859625,-63.191301176559215,0.0018299288805691582,L2,0.4884839767258818,0.8327863068927128,0.8407948222750218,deep,-0.8327195572540865,0.8327859908102118
01_15,2,Baseline,1,-76.4027433096604,2.8685968031002312e-08,-68.74532083800976,6.070798737250097e-05,-59.16328330996889,0.8803834279468663,-73.59986987706954,4.730880469857836e-07,-61.248355324954126,0.10943004768271601,-63.926685734704435,0.00751540640875319,-64.98432578771315,0.0026099082002770113,L2,0.4071476049787792,0.8803834279468663,0.8905092443299114,deep,-0.8803227199594938,0.8803829548588193
01_15,3,Baseline,1,-76.12441463530075,3.722742735222641e-08,-68.63359144501979,6.669391339601111e-05,-59.16328330996889,0.8649455451733289,-73.31015568476691,6.209836384963808e-07,-61.136625931964154,0.12022006393146155,-63.60555739539731,0.010179668695688631,-64.40264296989567,0.004587370075058984,L2,0.4522208922313913,0.8649455451733289,0.8797132421551423,deep,-0.8648788512599329,0.8649449241896904
01_15,4,Baseline,1,-76.40904042384093,2.351520011220359e-08,-68.39229369097382,7.128161779381816e-05,-59.056760651372095,0.807882187100702,-73.55691915415574,4.073889152996595e-07,-60.53581980343951,0.18407754108532928,-63.96050325368215,0.005993488545661157,-65.07057267254582,0.0019750707463982247,L2,0.5275406074274551,0.807882187100702,0.8158511772968768,deep,-0.8078109054829082,0.8078817797117868
01_15,5,Baseline,1,-76.27617285990287,2.1860996186068904e-08,-67.82959768281242,0.0001018523230547957,-58.85357301768937,0.8057659672604792,-73.46191390936903,3.6465912146810463e-07,-60.332632169756785,0.1835953562435243,-63.757315619999424,0.005977788806794534,-64.02834008090822,0.004558648846029587,L2,0.5413337542133142,0.8057659672604792,0.816302791433421,deep,-0.8056641149374244,0.8057656026013578
01_15,6,Baseline,1,-74.91692550223617,2.4087718356363268e-08,-67.96574036032109,2.5156893684859993e-05,-57.494325660022675,0.8878398548407181,-72.10266655170233,4.0180265067701336e-07,-59.66812039688291,0.10098748984211166,-62.39806826233273,0.006586675737295364,-62.765707406735125,0.004560396795821133,L2,0.3950986422641376,0.8878398548407181,0.8989873532642036,deep,-0.8878146979470333,0.8878394530380674
01_15,7,Baseline,1,-75.33782480029677,1.2727344594939735e-08,-66.9215477050718,5.752816263090192e-05,-57.58341265753765,0.6537038246245122,-72.52356584976293,2.1230241564060833e-07,-58.267977482434674,0.3296691436210252,-62.81579489765777,0.003491292952895599,-61.495136710118445,0.013077985609175835,L2,0.720746650881236,0.6537038246245122,0.6702733282163438,deep,-0.6536462964618812,0.6537036123220965
01_15,8,Baseline,1,-75.53191232389668,1.7955369542242017e-08,-68.20252536083115,2.737200821263846e-05,-57.777500181137555,0.922226443603703,-72.71765337336284,2.995101059064107e-07,-60.40294024203359,0.06677646732646855,-63.00988242125767,0.004925415092036538,-62.80522749441778,0.006043984504103711,L2,0.31273140540041094,0.922226443603703,0.9331961606653187,deep,-0.9221990715954903,0.922226144093597
01_15,9,Baseline,1,-74.36173186039305,1.6456263511681637e-07,-66.61035807841085,0.0003825692801050246,-59.62385167176848,0.4139151035812115,-71.69855835585277,2.36011296373457e-06,-59.340131806645736,0.5497044411758846,-62.21344369452126,0.031064598727130587,-64.05401890715964,0.004930762560069686,D1,0.8311248055865111,0.5497044411758846,0.4499129895440106,shallow,-0.4135325343011064,0.41391274346824775
01_15,10,Baseline,1,-75.09259315553278,8.552946113157134e-08,-67.03265052962362,0.00027071002732938205,-59.138123050345385,0.7261963541014692,-71.61150118242612,2.7792957974749954e-06,-60.872095411200085,0.12823289176351454,-64.35488382435105,0.003939523056947033,-60.77465024110523,0.14135765622548113,L2,0.7963474875218275,0.7261963541014692,0.871496398209156,deep,-0.7259256440741398,0.7261935748056717
01_15,11,Baseline,1,-73.74700128123689,2.397991896056379e-07,-64.48965474929737,0.002513403566277475,-59.54487532990625,0.35298206790065184,-70.25747835996054,7.858293771212561e-06,-59.01566397400234,0.5992198819030339,-61.855356553000725,0.0350205850680055,-63.083433248137055,0.010255963469070553,D1,0.8539455959320564,0.5992198819030339,0.3982667145306887,shallow,-0.35046866433437435,0.35297420960688064
01_15,12,Baseline,1,-73.08223438702927,1.0479581290857119e-07,-64.33554624935726,0.0006591470670607254,-57.04544935259663,0.9661202360181089,-71.37473410214238,5.779654563656677e-07,-60.4588255213629,0.03181418074069073,-64.29863534297695,0.0006839313745585865,-64.24471430179571,0.00072182203831169,L2,0.15803322892847518,0.9661202360181089,0.9675266721922485,deep,-0.9654610889510482,0.9661196580526525
01_15,13,Baseline,1,-75.58093541515258,7.184310747881111e-08,-67.75180486309414,0.0001805233173973001,-59.345812398260556,0.807624431157003,-73.70929384127207,4.669052062037546e-07,-60.82487155032797,0.1840188108879393,-64.24955500057061,0.005991576314743328,-65.258696729138,0.002184119574603274,L2,0.5296537926916801,0.807624431157003,0.8158006657946633,deep,-0.8074439078396057,0.8076239642517968
01_15,14,Baseline,1,-72.77652599478415,7.879089799647819e-07,-67.51745931802631,0.00015151641566487893,-59.073399669451355,0.7041548876994975,-72.51060232197237,1.0279340069075192e-06,-60.02049380497067,0.273118074054824,-62.80600403260277,0.016850730007456127,-63.88590906610363,0.0057229759795705696,L2,0.701168469379897,0.7041548876994975,0.7267304095295112,deep,-0.7040033712838326,0.7041538597654906
01_15,15,Baseline,1,-76.01644123202502,3.1763572125761346e-08,-66.73728755978645,0.0003402628801533069,-59.33573913143786,0.5575273972359135,-72.58625601865468,9.809341342738796e-07,-59.60310502807157,0.4267275479257217,-63.172800750644434,0.01201853481329066,-64.43982465799748,0.003385244447214334,L2,0.7642624630476337,0.5575273972359135,0.5729321891941248,deep,-0.5571871343557602,0.5575264163017792
01_15,16,Baseline,1,-73.85736735210492,3.511372020131719e-07,-65.57853659864288,0.001383334973882382,-59.33573913143786,0.7114425708830846,-70.85478894144852,7.070987661591394e-06,-60.338354721300355,0.2610414243870049,-63.763038171543,0.008499400729616047,-63.03366743146015,0.01762584690154844,L2,0.7137157189295967,0.7114425708830846,0.7375752406391127,deep,-0.7100592359092022,0.711435499895423
01_18,1,Baseline,1,-73.72264336623766,1.3412337344270087e-12,-46.38521285400536,0.9999992840186026,-77.83234360414801,2.2013258452962508e-14,-60.55725083009392,7.001027744269181e-07,-65.91480571337226,3.2991744206010217e-09,-69.63323748822874,8.00775680647092e-11,-64.5829087207705,1.2498007782416075e-08,L1,1.093163024123441e-05,0.9999992840186026,7.126822230243918e-07,shallow,0.9999992840185806,-7.001027524136597e-07
01_18,2,Baseline,1,-76.27658641932045,1.1620736255975278e-13,-46.493186257281096,0.9999999706386744,-81.18639461284967,8.5690176803318355e-16,-63.90325719801847,2.747275721272615e-08,-70.03857926879364,5.947928347627861e-11,-72.84694831935589,3.5867949225175832e-12,-66.61466098595231,1.8253852833435915e-09,L1,5.45891901308703e-07,0.9999999706386744,2.9301846355256587e-08,shallow,0.9999999706386735,-2.7472756355824382e-08
01_18,3,Baseline,1,-75.99825774496081,1.3727352663793416e-13,-46.381456864291124,0.9999999659428949,-81.18639461284967,7.663154436300335e-16,-63.61354300571585,3.282464684677533e-08,-69.92684987580367,5.9479283196977e-11,-72.52581998004877,4.422291347223939e-12,-66.94907127952638,1.1684188068610062e-09,L1,6.252460086004575e-07,0.9999999659428949,3.399762598482564e-08,shallow,0.9999999659428941,-3.282464608045988e-08
01_18,4,Baseline,1,-76.24406602878102,1.2926466812044936e-13,-46.56715166216493,0.9999999650799855,-80.84696692593299,1.2955834007593907e-15,-63.821488970384685,3.210232616810891e-08,-69.09313871895914,1.6484967931704407e-10,-72.64786081001373,4.7129400756140854e-12,-66.31661457405718,2.6479953714572902e-09,L1,6.449610647696399e-07,0.9999999650799855,3.475516503989334e-08,shallow,0.9999999650799841,-3.210232487252551e-08
01_18,5,Baseline,1,-76.34410349316283,5.2784812852781284e-14,-45.77155062568365,0.9999999865417362,-81.07077184417005,4.674584379276789e-16,-63.959388753917864,1.2621827989715879e-08,-69.3169436371962,5.947928442218092e-11,-72.87166572825078,1.7004722386085109e-12,-66.74944716177885,7.752027176997869e-10,L1,2.6073232708159225e-07,0.9999999865417362,1.3398784431925566e-08,shallow,0.9999999865417357,-1.262182752225744e-08
01_18,6,Baseline,1,-72.63639709993733,6.981985561732717e-13,-44.64612439979297,0.9999998319753469,-77.36306545094455,6.18319529411614e-15,-60.251682360692364,1.6695222740043512e-07,-66.10988530516362,4.768776898184059e-10,-69.16395933502528,2.249259204765028e-11,-65.92739316617751,5.72350852318415e-10,L1,2.796394484349395e-06,0.9999998319753469,1.6754777522655266e-07,shallow,0.9999998319753407,-1.6695222121723982e-07
01_18,7,Baseline,1,-75.36693792883676,2.5703743382335516e-13,-46.37738333202226,0.9999999330923153,-79.76179397929835,3.172010711717166e-15,-62.98222318959179,6.146241885302853e-08,-68.76617163395332,1.8909182565322552e-10,-71.89132750118914,8.306820130451862e-12,-65.44287694014044,5.247606993459201e-09,L1,1.1919825607650175e-06,0.9999999330923153,6.671859287606272e-08,shallow,0.999999933092312,-6.146241568101782e-08
01_18,8,Baseline,1,-75.36693792883676,2.5703743382335516e-13,-46.37738333202226,0.9999999330923153,-79.76179397929835,3.172010711717166e-15,-62.98222318959179,6.146241885302853e-08,-68.76617163395332,1.8909182565322552e-10,-71.89132750118914,8.306820130451862e-12,-65.44287694014044,5.247606993459201e-09,L1,1.1919825607650175e-06,0.9999999330923153,6.671859287606272e-08,shallow,0.999999933092312,-6.146241568101782e-08
01_18,9,Baseline,1,-76.37053772965203,1.057867098413392e-13,-46.493186257281096,0.9999999731277539,-79.51200021505034,4.572053329658121e-15,-64.13690843640062,2.174847480036306e-08,-69.73157782018443,8.085274410606614e-11,-73.26866903877162,2.3526404839398775e-12,-65.59895559501484,5.040455587486012e-09,L1,5.088432678665645e-07,0.9999999731277539,2.6791393387096182e-08,shallow,0.9999999731277494,-2.174847022830973e-08
01_18,10,Baseline,1,-72.54034222019408,1.4281981186094932e-12,-45.26573475789471,0.9999999391869662,-77.27948388122815,1.2491235155037012e-14,-61.91488850337507,5.879824636015886e-08,-65.58648135944168,1.4955876022237209e-09,-69.10226465160463,4.445560991933754e-11,-66.7370189660942,4.733035071678045e-10,L1,1.0814069910083619e-06,0.9999999391869662,5.9317446166599765e-08,shallow,0.9999999391869536,-5.8798233868923706e-08
01_18,11,Baseline,1,-76.39629597837555,1.0457725299242308e-13,-46.507445687766534,0.9999999570682258,-77.46885813435712,3.577909933240749e-14,-64.21941550076761,2.031370905474237e-08,-67.74183903505389,5.998188696416409e-10,-71.9071494002396,9.31212542915113e-12,-64.13926937652052,2.2008794099023577e-08,L1,8.037603023993106e-07,0.9999999570682258,4.233195563554742e-08,shallow,0.99999995706819,-2.0313673275643037e-08
01_18,12,Baseline,1,-72.26706678790968,5.6237335623585145e-12,-46.363041564006416,0.9999998862467919,-77.1179810432984,4.39844781281459e-14,-63.00179833404265,5.9412756140722506e-08,-66.132003836188,2.5968611118196152e-09,-69.26921682237041,1.127131103381847e-10,-63.14229716774827,5.1625210019711074e-08,L1,2.0226063132067093e-06,0.9999998862467919,1.1115634698881225e-07,shallow,0.999999886246748,-5.941271215624438e-08
01_18,13,Baseline,1,-74.38729714501318,8.276835438291969e-13,-46.56715166216493,0.9999999758252941,-80.30144232134188,2.235546487408821e-15,-64.33292557616085,1.924963113584253e-08,-68.54761411436803,2.8445032664950747e-10,-72.1023362054226,8.132241139576141e-12,-65.75750166478974,4.631662199984606e-09,L1,4.6152562928866645e-07,0.9999999758252941,2.389025549605703e-08,shallow,0.9999999758252919,-1.9249628900296044e-08
01_18,14,Baseline,1,-73.71785048424367,1.2788698064579316e-12,-46.3328061170971,0.9999999754027425,-80.02902959253268,2.322287972795801e-15,-63.88147102272077,2.3917272740709103e-08,-69.87819912860964,5.947928375964239e-11,-72.79374799705369,3.2222478671030556e-12,-67.54057713548977,6.160019153965201e-10,L1,4.588983170917411e-07,0.9999999754027425,2.4537778096067155e-08,shallow,0.9999999754027402,-2.391727041842113e-08
01_18,15,Baseline,1,-73.96881785804607,1.0712462609828867e-12,-46.40661946269681,0.9999999800134418,-79.43738395067962,4.5177400819466625e-15,-64.36276764372687,1.5912701645213873e-08,-69.56755848969048,8.73638925820225e-11,-72.96839806673144,2.913171912650845e-12,-65.74797456706081,3.982503782555556e-09,L1,3.848748908938556e-07,0.9999999800134418,1.9899194363683146e-08,shallow,0.9999999800134373,-1.591269712747379e-08
01_18,16,Baseline,1,-76.4484357921636,1.0141152440037491e-13,-46.528846157312586,0.9999999775030658,-78.79689512279995,9.686444238675596e-15,-64.36062040179583,1.8020167907286754e-08,-67.52735659544068,7.593863366228379e-10,-71.08207868649527,2.171033825222315e-11,-65.94498028545867,3.6955584745830277e-09,L1,4.3206434710219724e-07,0.9999999775030658,2.1737547818090642e-08,shallow,0.9999999775030561,-1.8020158220842516e-08
02_01,1,Baseline,2,-79.13768527467491,0.0013984158456112168,-74.43086001419108,0.15480485405097932,-73.28681380143833,0.4860014125293371,-75.97944545534207,0.032903527683032716,-78.11708832209804,0.003880395221564027,-78.61754895566817,0.002352494785990638,-73.70890408043786,0.31865889988348517,L2,1.1612134119650463,0.4860014125293371,0.8413147507274569,deep,-0.33119655847835777,0.45309788484630437
02_01,2,Baseline,2,-80.9152782333581,0.005240511238354952,-76.67379617706573,0.36427209948564593,-76.93199609553983,0.28137862884270626,-78.54910172886702,0.055845869325982685,-81.46451178311982,0.0030258302250337973,-81.05490969239571,0.004557560941187751,-76.91682673863507,0.28567949994108865,L1,1.3133536399636312,0.36427209948564593,0.6327020702893202,shallow,0.08289347064293967,0.22553275951672358
02_01,3,Baseline,2,-79.78296445515889,0.004080149405965641,-75.70808168023619,0.24009060712366556,-75.01052961190081,0.48230102394230917,-77.40540243272483,0.04397826916431657,-80.49879728629028,0.001994315284665738,-79.87979624924903,0.0037035870121380817,-75.77811272808587,0.22385204806693912,L2,1.2222612785811884,0.48230102394230917,0.7579150775916685,deep,-0.2422104168186436,0.4383227547779926
02_01,4,Baseline,2,-81.65910793721827,0.0006097446510258889,-74.61279882235064,0.7003597282461261,-76.30143712322331,0.1294061359826964,-79.24368359563283,0.006825798477414128,-81.29542132768492,0.0008771928575525516,-81.63217227745315,0.0006263917188843813,-76.0811578863682,0.16129500806630068,L1,0.8576850847698667,0.7003597282461261,0.2987630788963214,shallow,0.5709535922634297,0.12258033750528227
02_01,5,Baseline,2,-82.05027668699992,0.0022917378476762906,-77.01964192526773,0.35070491677566185,-76.81637332686022,0.4297543538550149,-79.67271466456586,0.02470170915109086,-81.81035753132184,0.0029131342717329364,-82.14710848109006,0.002080230325749661,-77.64552073667728,0.18755391777307345,L2,1.179527196492918,0.4297543538550149,0.6463819489526051,deep,-0.07904943707935308,0.40505264470392405
02_01,6,Baseline,2,-79.42946042593387,0.004276580321457742,-77.1751933551364,0.04074857096444064,-74.19555706579416,0.8019586597222116,-77.0518984034998,0.046095518023163244,-79.88427685504861,0.0027137658173879142,-79.526292220024,0.003881889058218858,-76.27419904928824,0.10032501609312004,L2,0.7408328476587305,0.8019586597222116,0.9565376632181715,deep,-0.761210088757771,0.7558631416990483
02_01,7,Baseline,2,-80.91784110379393,0.001565132987233757,-75.91750442392721,0.23236455034868625,-75.3521254431086,0.40898826223351137,-78.54027908135987,0.016869931206410494,-79.55161532039983,0.0061361442932907325,-81.0115002351485,0.0014251993018602116,-75.55871867016728,0.3326507796290072,L2,1.1904956833270988,0.40898826223351137,0.761499305358023,deep,-0.17662371188482512,0.39211833102710086
02_01,8,Baseline,2,-80.72375358019403,0.0006521045866038898,-73.7825416643283,0.6742908829236482,-75.1580379195087,0.17040285001021088,-78.34619155775997,0.007028769826668634,-78.16388952666054,0.00843435910367513,-80.8174127115486,0.0005938019383326053,-75.36463114656738,0.13859723161086077,L1,0.925489810684613,0.6742908829236482,0.31727475797267674,shallow,0.5038880329134374,0.16337408018354224
02_01,9,Baseline,2,-79.3788943454505,0.005104938574173207,-74.7523296934267,0.5215332710111251,-76.53857935349986,0.0874024584523822,-76.86128648361014,0.06329562939674756,-79.76978454077133,0.00345325831247406,-79.55516392817242,0.004279939338900224,-75.25675076934593,0.3149305049141977,L1,1.1609508863278273,0.5215332710111251,0.47501347067640093,shallow,0.4341308125587429,0.024106829055634646
02_01,10,Baseline,2,-78.24651541403118,0.004946473332389707,-76.5138260574788,0.02797648178863425,-73.02508536391831,0.9160811153889171,-77.62821441402306,0.009179528710295379,-78.07989525356732,0.005843296022351845,-78.37770740444391,0.004338301335498892,-76.39093238995328,0.031634803421912695,L2,0.41257122144736635,0.9160811153889171,0.9661802221890138,deep,-0.8881046336002829,0.9069015866786218
02_01,11,Baseline,2,-79.0358862993342,0.0013242392976617744,-73.19448018275294,0.4558866919994179,-74.11114397607884,0.18228665998732285,-75.98306030615763,0.0280409003959328,-78.03818216202865,0.003591400783926284,-78.33338730663233,0.002673362844664513,-73.52922376828373,0.3261967446910739,L1,1.1788623873973814,0.4558866919994179,0.5405219072166558,shallow,0.27360003201209504,0.15424575959139006
02_01,12,Baseline,2,-78.1285100006267,0.005359615144107819,-75.90316265591136,0.04961233616186564,-73.0188525448685,0.8876252399147667,-80.06015078323796,0.000776663101395593,-80.33338793799277,0.000590972516327333,-80.25262978288882,0.0006406784338291379,-75.79292195598981,0.055394494727707876,L2,0.45778291685158135,0.8876252399147667,0.9497966913218071,deep,-0.838012903752901,0.8868485768133711
02_01,13,Baseline,2,-83.29591447824865,0.00010325615467368703,-74.61279882235064,0.6094599373515722,-75.83354752807216,0.17979629411778258,-77.59104431327009,0.031010557948692726,-80.82753173253377,0.0012187677486608967,-81.16428268230199,0.0008703057924281167,-75.84617114151261,0.17754088088618994,L1,1.0401719138183747,0.6094599373515722,0.389321294899767,shallow,0.42966364323378964,0.14878573616908985
02_01,14,Baseline,2,-78.25949853648136,0.029788683738912622,-75.44593465708228,0.49655411002914923,-76.8421124550223,0.12291765535821919,-77.45983417376985,0.06627368721283147,-80.23665026313637,0.004124632209308588,-79.93422799029405,0.005581173881374571,-76.03772891869345,0.2747600575702044,L1,1.2963699419195491,0.49655411002914923,0.49932125776154224,shallow,0.37363645467093004,0.05664396814538772
02_01,15,Baseline,2,-81.59645753552218,0.0017393434439764623,-75.73324427864188,0.6119930754667211,-77.10445191700882,0.15532401113193398,-78.60296925025162,0.034708895072220934,-80.88674286603673,0.003536800059866382,-81.36850608813516,0.002184657702450804,-76.90024367311113,0.1905132171228304,L1,1.0666857273318964,0.6119930754667211,0.38447012447341256,shallow,0.45666906433478716,0.12061511605971303
02_01,16,Baseline,2,-81.08712760620124,0.0028442568024863624,-76.70945607709722,0.22655173585275598,-75.60997798528958,0.6802439099841994,-79.00646493264436,0.02278185709298519,-81.08825186936578,0.0028410609061837013,-81.425002819134,0.002028763696782651,-77.99393375054053,0.062708415664607,L2,0.9042047346220824,0.6802439099841994,0.7706072032410605,deep,-0.45369217413144336,0.6574620528912142
02_02,1,Baseline,2,-68.1426270627405,6.645278499820049e-07,-67.78336233089446,9.517872379879872e-07,-61.325199721976425,0.0006071335906217645,-58.193264792647135,0.013914458795097125,-58.01932525332828,0.01655797799759085,-56.06263783812366,0.11716174958120308,-54.07889194354386,0.8517570637203993,S,0.5197898148887077,0.8517570637203993,0.9834410702151712,deep,-0.0006061818033837765,-0.01330732520447536
02_02,2,Baseline,2,-67.97934478542467,2.4759469348234758e-06,-71.19082363536852,9.977317422202069e-08,-59.361252584040784,0.013694028271011745,-58.76381957309309,0.024888176619084074,-57.232684461672164,0.11506854192408683,-56.09331328221242,0.3595665028098304,-55.79039979478583,0.4867801746558778,S,1.1177558529178022,0.4867801746558778,0.8849313583027387,deep,-0.013693928497837522,-0.011194148348072329
02_02,3,Baseline,2,-67.70101611106504,2.5239067461800015e-06,-71.07909424237855,8.609791067048919e-08,-60.428733963840244,0.0036340032539822586,-58.47410538079047,0.025660772102104826,-57.12095506868219,0.0992968412683505,-55.7721849429053,0.38255938125777245,-55.52702051567219,0.48884639211313313,S,1.0612389640452031,0.48884639211313313,0.9007030726337388,deep,-0.0036339171560715883,-0.022026768848122567
02_02,4,Baseline,2,-67.0734305386857,8.068897424509625e-06,-71.26478904025235,1.22047904061806e-07,-60.96270013312312,0.0036363919701382775,-58.148310655559584,0.06066588117358921,-58.22811914783668,0.05601239235793686,-55.70013824927035,0.7017336084931959,-57.07222582499389,0.17794353505981123,D2,0.9077047372869613,0.7017336084931959,0.9439874855941591,deep,-0.0036362699222342158,-0.05702948920345093
02_02,5,Baseline,2,-66.97938047946761,3.598283019384044e-06,-71.53666938357053,3.774764793928018e-08,-60.31311119516063,0.0028263066763353282,-57.75246974919303,0.036584046006865586,-57.57853020987418,0.043534415370720385,-55.05054931130786,0.5454072055432967,-55.4341445359046,0.3716443903721147,D2,0.9726021220727358,0.5454072055432967,0.9564655468816318,deep,-0.002826268928687389,-0.03375773933053026
02_02,6,Baseline,2,-67.56100835779992,1.4364512692297385e-06,-69.34376177788039,2.4157440829006867e-07,-60.89473907349294,0.001128274732861156,-58.334097627525345,0.014604520833138065,-57.46716787926003,0.03475282539909854,-55.632177189640174,0.21772908590826323,-54.419943891939376,0.7317836151009616,S,0.7466006767967197,0.7317836151009616,0.9652469330264932,deep,-0.001128033158452866,-0.013476246100276909
02_02,7,Baseline,2,-66.23511994346141,6.1357440375618e-06,-69.58054677839044,2.1625532988572091e-07,-60.90619106156796,0.0012652945630476607,-57.00820921318684,0.06238262553203416,-56.96370932384334,0.06522133823684093,-54.45838613144602,0.7987994247181334,-56.86032664655281,0.07232496495057633,D2,0.729064752790717,0.7987994247181334,0.934778445507829,deep,-0.001265078307717775,-0.0611173309689865
02_02,8,Baseline,2,-66.23511994346141,6.1357440375618e-06,-69.58054677839044,2.1625532988572091e-07,-60.90619106156796,0.0012652945630476607,-57.00820921318684,0.06238262553203416,-56.96370932384334,0.06522133823684093,-54.45838613144602,0.7987994247181334,-56.86032664655281,0.07232496495057633,D2,0.729064752790717,0.7987994247181334,0.934778445507829,deep,-0.001265078307717775,-0.0611173309689865
02_02,9,Baseline,2,-65.08434823231778,7.399545513470753e-06,-70.33683853152895,3.8732675075483525e-08,-60.67580604967994,0.0006078698301298218,-56.00852294803677,0.06468236421463032,-56.605438599123126,0.03560809271354033,-53.52608613818968,0.7742736750053618,-55.351134348940064,0.12482055995814917,D2,0.7582854480680152,0.7742736750053618,0.9643918685537847,deep,-0.0006078310974547463,-0.0640744943845005
02_02,10,Baseline,2,-64.32073559573827,2.098519116257814e-05,-70.66208722094177,3.69742106444039e-08,-59.12259604845739,0.0037969620046736183,-56.98894715440958,0.03206772807723104,-57.17666896185796,0.02657918421500794,-54.17305233630024,0.5357914431152234,-54.46098309840045,0.40174366042249077,D2,0.9288244696906778,0.5357914431152234,0.9734207788107814,deep,-0.0037969250304629738,-0.02827076607255742
02_02,11,Baseline,2,-64.35316513900167,1.7137766450231985e-05,-69.07012030625505,1.532521653564054e-07,-59.91364162474606,0.0014521610523235762,-54.81005235664441,0.2390426758256585,-57.13495587031929,0.023376671537803245,-54.02198410050872,0.5256892990868631,-54.9375798826492,0.2104219014787361,D2,1.1055941907456082,0.5256892990868631,0.9766231752100315,deep,-0.0014520078001582198,-0.23759051477333493
02_02,12,Baseline,2,-63.25170131669427,0.00017790161475101794,-68.28522735461524,1.1591704656057454e-06,-57.77715931656826,0.042436862898648633,-56.00494310826621,0.2496933589485109,-58.044376727780126,0.03248569963582036,-55.291033372705535,0.5098636496631804,-56.41716447501169,0.1653413680686231,D2,1.234445468772164,0.5098636496631804,0.9675131411937141,deep,-0.042435703728183026,-0.2072564960498623
02_02,13,Baseline,2,-65.44956668323773,1.6079535089672637e-05,-71.90527786813202,2.526933095242268e-08,-59.97077422425224,0.0038519693269024303,-58.44625098537584,0.01769191525327141,-57.23619323896579,0.05933299244442948,-54.70821234039947,0.7433347003759782,-56.15016924659464,0.17577231779499786,D2,0.7866350836639868,0.7433347003759782,0.9406669822862396,deep,-0.003851944057571478,-0.013839945926368979
02_02,14,Baseline,2,-65.95434954024762,4.703413204942774e-06,-70.4967028052848,5.0083442924086225e-08,-57.67014687382407,0.018629304402243464,-57.354307604056096,0.02554841082735532,-56.538563631588445,0.057761305047673656,-54.652387166170925,0.3808842617572965,-54.34650728116849,0.5171719644687832,S,1.0413177270077085,0.5171719644687832,0.9422386448688835,deep,-0.01862925431880054,-0.006919106425111857
02_02,15,Baseline,2,-64.71084298233077,4.1562439680516814e-05,-72.06499008260374,2.6597176028995704e-08,-58.78647143965014,0.015546151729850471,-58.26259677698198,0.026250572373005602,-57.93589320034842,0.03639354304811539,-55.25402978776847,0.5317932482517941,-55.564202203773995,0.3899748955603779,D2,0.9843484381135625,0.5317932482517941,0.9636064303547087,deep,-0.015546125132674442,-0.01070442064315513
02_02,16,Baseline,2,-66.54997208856864,2.3096702839319213e-06,-71.76022422529974,1.261148519731658e-08,-58.57297516369025,0.006728460906279669,-57.61996070717126,0.017450370535216753,-56.3226838580184,0.06385645870351728,-53.794702959452074,0.800005522086335,-55.761207922171856,0.11195686548688219,D2,0.7036605580273643,0.800005522086335,0.9361435286849975,deep,-0.0067284482947944715,-0.010721909628937085
02_03,1,Baseline,2,-75.17829979323692,0.05331269800460367,-79.45772687542852,0.000738412591956915,-73.05390877311845,0.4461100004546153,-74.7469896804827,0.08206278721706309,-79.60573962810929,0.0006368218737308008,-76.3952468104493,0.01578764263112582,-73.15963638865014,0.4013516372269043,L2,1.1634724862848254,0.4461100004546153,0.9986247655343122,deep,-0.4453715878626584,0.3640472132375522
02_03,2,Baseline,2,-72.63744535182231,0.021223391799507243,-79.51717839780427,2.1826529799244644e-05,-69.27524328952373,0.6123512295967796,-71.93071717411038,0.04302718554384424,-75.67488095413478,0.0010178253666181117,-73.64076629087948,0.0077817637929892235,-69.94132114045462,0.3145767773704623,L2,0.9263055078435158,0.6123512295967796,0.9989603481035826,deep,-0.6123294030669804,0.5693240440529354
02_03,3,Baseline,2,-71.29163529766322,0.054257188617511866,-79.30840524301435,1.789857008885332e-05,-69.08115576592382,0.4948303737065421,-70.62204348290828,0.10598815127880205,-75.46610779934485,0.0008346548365767956,-72.4462440953728,0.01710082477858064,-69.49549958915708,0.32697090821189767,L2,1.1853269461808038,0.4948303737065421,0.9991474465933343,deep,-0.49481247513645327,0.38884222242774
02_03,4,Baseline,2,-74.98249712538167,0.05690255857521027,-83.9095912027859,7.553428059826701e-06,-72.67200043190516,0.5735453445381963,-74.27504299147536,0.11544502472013579,-79.04788780439807,0.0009762365328272195,-76.013338469236,0.020297525101628317,-73.57354708145749,0.2328257571039424,L2,1.1564881710152317,0.5735453445381963,0.9990162100391131,deep,-0.5735377911101365,0.4581003198180605
02_03,5,Baseline,2,-74.75258579964364,0.056762447984582194,-82.7840413761848,1.845203536882112e-05,-72.56585656002238,0.5055284004019523,-74.0829939848887,0.11088202461716343,-78.9417439325153,0.0008604642990371721,-75.90719459735324,0.017890434460777222,-73.06117342924763,0.30805777620111874,L2,1.1925374055015843,0.5055284004019523,0.9991210836655939,deep,-0.5055099483665835,0.3946463757847889
02_03,6,Baseline,2,-75.55741433011585,0.03875862520251454,-81.02783069859443,0.00016315362268259204,-73.37068509049459,0.3451857080886994,-74.88782251536091,0.07571264077616861,-79.26707853000092,0.0009490337825237078,-76.71202312782543,0.012215974972815973,-72.94753889478594,0.5270148635545953,S,1.0879523571928071,0.5270148635545953,0.9988878125947938,deep,-0.3450225544660168,0.2694730673125308
02_03,7,Baseline,2,-73.46488019755773,0.035685380071120945,-79.19758357276554,0.00011556035953864206,-70.94633865739084,0.44287281223503444,-72.7952883828028,0.06970924144416092,-75.33409343257398,0.005504290329588801,-74.61631633253175,0.011283087781641029,-70.96466698655762,0.4348296277789151,L2,1.1077200244579564,0.44287281223503444,0.9943801493108724,deep,-0.4427572518754958,0.37316357079087353
02_03,8,Baseline,2,-74.33827405375729,0.16260439645481523,-81.15786756112455,0.0001775907963444792,-73.48888521654955,0.3802044264544943,-73.66868223900235,0.3176378984827981,-78.65687183660428,0.002165654125627037,-75.64498020761123,0.044018679651497715,-74.89493933945562,0.09319135403442334,L2,1.4007654686493902,0.3802044264544943,0.9976567550780288,deep,-0.3800268356581498,0.0625665279716962
02_03,9,Baseline,2,-72.12972533899419,0.03754075868190375,-79.40072588364433,2.6106438643998694e-05,-69.52231537536343,0.5091981352426397,-70.88339075673319,0.13055072168633064,-75.54255827676548,0.0012368827499964572,-72.58742183093597,0.023753520450073177,-70.05908688734057,0.2976938747504123,L2,1.1907964808174376,0.5091981352426397,0.9987370108113596,deep,-0.5091720288039957,0.37864741355630904
02_03,10,Baseline,2,-71.27877331679473,0.08959519560786766,-82.60817429851569,1.0764364426619213e-06,-69.1045173872003,0.7880469172081943,-72.36844252446573,0.030133348752392857,-75.54123044488061,0.0012621852826337006,-72.46774231082692,0.027284880039713792,-71.6202610598677,0.0636763966727552,L2,0.7914510720026816,0.7880469172081943,0.9987367382809237,deep,-0.7880458407717517,0.7579135684558015
02_03,11,Baseline,2,-72.26223172569765,0.06593801078408545,-79.48291594738974,4.822059092361035e-05,-72.32553875895974,0.06189305874842227,-70.9173759402002,0.2530458899867342,-76.69315562348132,0.0007848922532279549,-73.073615417075,0.029292496138995365,-70.07252497296949,0.5889974314976111,S,1.1205100296962374,0.5889974314976111,0.9991668871558483,deep,-0.06184483815749866,-0.19115283123831195
02_03,12,Baseline,2,-75.21719714662818,0.002821876735980251,-79.10560679530974,5.778607346359765e-05,-72.49481623114876,0.04293911097251318,-70.52074899830282,0.3091573347111349,-75.68110999730314,0.001774447881979918,-73.06168703351248,0.024359265388598807,-69.82667148052886,0.6188901782363294,S,0.913912949715785,0.6188901782363294,0.9981677660445565,deep,-0.042881324899049576,-0.2662182237386217
02_03,13,Baseline,2,-74.62020217333307,0.1360209607410997,-82.41511727106666,5.601666177653333e-05,-73.62094975903328,0.3694669943599905,-74.0392426313919,0.24317188498280398,-79.99683713152619,0.0006288729932216726,-76.96228779636414,0.01307527933695143,-74.06250679962952,0.23757999092415624,L2,1.386426496566101,0.3694669943599905,0.9993151103450019,deep,-0.36941097769821396,0.1262951093771865
02_03,14,Baseline,2,-72.4562815808443,0.31178378584245015,-83.67524565771808,4.1833031242623195e-06,-71.85406309850484,0.5693688324544344,-74.33502504381144,0.047634938329744046,-79.83294821404857,0.000195077828463341,-76.15922565627596,0.007685733960701412,-74.05027267703045,0.06332744828108253,L2,1.0429439084974463,0.5693688324544344,0.9998007388684126,deep,-0.5693646491513101,0.5217338941246903
02_03,15,Baseline,2,-73.77473033444616,0.14763732515302913,-82.68157762351832,1.9998689582813005e-05,-72.32989883645125,0.6261501876089383,-74.19718246453387,0.09676705839710864,-79.20206316118959,0.0006488367945403434,-76.31252609835774,0.011669317913429258,-74.0063986962366,0.11710727544337156,L2,1.1096384294858694,0.6261501876089383,0.9993311645158768,deep,-0.6261301889193555,0.5293831292118296
02_03,16,Baseline,2,-75.18686688876424,0.00922983510664645,-83.87128569793356,1.561704188049239e-06,-70.62192862877211,0.886587163101062,-74.8141744228865,0.013398377925549411,-77.48210568087961,0.000929788992190933,-74.44755634571756,0.019331806149025823,-73.153390911959,0.07052146702133726,L2,0.47755669251409827,0.886587163101062,0.9990686493036209,deep,-0.8865856013968739,0.8731887851755126
02_04,1,Baseline,2,-74.71248973659715,0.003580462323716871,-71.4225033983926,0.09610854895630704,-72.12228865983893,0.047736342713065566,-75.06917496965853,0.0025062978388632772,-70.29536112102203,0.2966700410599665,-69.75551262809668,0.5090107016988723,-72.19502139635863,0.04438760540920847,D2,1.247986250916839,0.5090107016988723,0.6072214099837265,deep,0.04837220624324147,0.04523004487420229
02_04,2,Baseline,2,-74.54920745928133,0.004599863431425032,-74.73292094106671,0.003827887683754642,-73.14728938534176,0.018689178904767876,-74.67899650828498,0.0040399712080607785,-70.68294984714531,0.21970466801090796,-69.57269179622556,0.6668347587979874,-71.66481835002175,0.08230367196309636,D2,0.951411263640507,0.6668347587979874,0.7764674443053374,deep,-0.014861291221013234,0.014649207696707097
02_04,3,Baseline,2,-72.66965671522252,0.004534457545797415,-73.01996947837756,0.003194378985554023,-70.47858593584311,0.04055975183318102,-72.78806024628318,0.004028128718635448,-68.96999838445616,0.18334393077954073,-67.65034138721924,0.6860982159227125,-69.82156662880492,0.07824113621457883,D2,0.9638855099375904,0.6860982159227125,0.8134616902349052,deep,-0.037365372847627,0.036531623114545574
02_04,4,Baseline,2,-75.24451528224154,0.005932341463212503,-74.27314565605081,0.015670635515329604,-73.14751486472491,0.048299412791113994,-75.66470966045065,0.0038970685136362634,-71.1446438434101,0.35791317332227657,-70.78073883298266,0.5150146952862282,-73.04951076773776,0.05327267310820284,D2,1.1292257288788465,0.5150146952862282,0.6264161911623938,deep,-0.03262877727578439,0.04440234427747773
02_04,5,Baseline,2,-75.15046522302345,0.0033321214034249843,-74.545025999369,0.006104635391804347,-72.49792592676242,0.04728288806434813,-75.26886875408411,0.002960048425540093,-70.4950549054476,0.35038041940887366,-70.13114989502017,0.5041755330241448,-71.90247091335621,0.08576435428186405,D2,1.1350381603968467,0.5041755330241448,0.643514945199322,deep,-0.04117825267254378,0.04432283963880804
02_04,6,Baseline,2,-72.52964896195739,0.0042130576673823925,-74.70057742923765,0.00048059046463703976,-69.87710966569637,0.05978339621441407,-72.64805249301806,0.003742617151411849,-68.56897422917437,0.2211549094371018,-67.51033363395412,0.6374679484759048,-69.6752232468916,0.07315748058914805,D2,1.0280773664240934,0.6374679484759048,0.7783645000982613,deep,-0.05930280574977703,0.05604077906300222
02_04,7,Baseline,2,-73.9112815018375,0.0008413346518398426,-72.26865898024907,0.004348612134969069,-70.92692990503086,0.016636279455516167,-74.02968503289816,0.0007473891284306305,-67.06208317674619,0.7934833432589087,-68.88879351109867,0.1277049102708843,-69.70892070886626,0.05623813109945116,D1,0.7113638328998257,0.7934833432589087,0.2021680446061221,shallow,-0.012287667320547098,0.015888890327085535
02_04,8,Baseline,2,-73.9112815018375,0.0008413346518398426,-72.26865898024907,0.004348612134969069,-70.92692990503086,0.016636279455516167,-74.02968503289816,0.0007473891284306305,-67.06208317674619,0.7934833432589087,-68.88879351109867,0.1277049102708843,-69.70892070886626,0.05623813109945116,D1,0.7113638328998257,0.7934833432589087,0.2021680446061221,shallow,-0.012287667320547098,0.015888890327085535
02_04,9,Baseline,2,-74.64315876961291,0.005338245078924623,-74.73292094106671,0.004879949105451247,-71.47289498754245,0.12712371474165235,-74.91264774666713,0.004077189834278199,-70.90968908843584,0.22326661565888747,-69.99441251564129,0.5576007564289465,-71.9650263690916,0.07771352915185974,D2,1.1975487123640134,0.5576007564289465,0.7718534352356613,deep,-0.1222437656362011,0.12304652490737415
02_04,10,Baseline,2,-75.90776075465237,0.00018525446109804493,-73.3599037989804,0.002367494024434938,-71.52090705601907,0.014892068637800978,-71.57462455294214,0.014113210421930259,-68.70546786369209,0.24870512490326604,-68.82666036809277,0.22031877017372792,-68.00829224567354,0.49941807737774174,S,1.164780530333864,0.49941807737774174,0.748927381072299,deep,-0.01252457461336604,0.0007788582158707192
02_04,11,Baseline,2,-72.24282297333765,0.001669945738361921,-70.82661239483414,0.006882635960800087,-70.96692609376043,0.005981599538074467,-71.68596253365581,0.0029143638816902908,-66.95578456447429,0.33024326275831006,-66.4241768585424,0.5619636953002451,-68.25198400160242,0.09034449682251809,D2,0.9995350594990512,0.5619636953002451,0.6628741012808899,deep,0.0009010364227256202,0.003067235656384176
02_04,12,Baseline,2,-71.33544667463016,0.04481024800111826,-72.25431721223322,0.017877918101389365,-69.00124080635054,0.46249823076224245,-74.4820753549768,0.0019266990135980346,-70.19231482989794,0.14055076047120385,-69.41090071459834,0.3070414710502899,-71.9072897335198,0.025294672600158045,L2,1.311123540158253,0.46249823076224245,0.8415713214274066,deep,-0.44462031266085306,0.4605715317486444
02_04,13,Baseline,2,-76.39610301427216,0.0003347625750193213,-72.13818289645191,0.02365528100002222,-71.51510012797435,0.04410923436597593,-73.18719840278834,0.008286029316890835,-69.51222910665953,0.3268626911266914,-69.1483240962321,0.4703349913289488,-70.46218323685135,0.12641701028645144,D2,1.2503663509615326,0.4703349913289488,0.6494820278732863,deep,-0.02045395336595371,0.035823205049085094
02_04,14,Baseline,2,-72.52421221410427,0.04639127318843336,-75.10628149078244,0.003507986011947214,-71.45618367512505,0.1349817930014378,-75.190951022887,0.003223193231384216,-71.05631039686105,0.20134365629709056,-70.05323216382307,0.5489961419048216,-72.24137695707937,0.06155595636488526,D2,1.274611357452023,0.5489961419048216,0.7951483576909624,deep,-0.1314738069894906,0.1317585997700536
02_04,15,Baseline,2,-72.02794262204705,0.03002177358156508,-74.43285787052253,0.002710159951879305,-70.11730106741237,0.2028698132137088,-74.92501067803349,0.001656745023936252,-69.99843279208227,0.2284763569777179,-69.48064526764121,0.38345422742686847,-70.41383863440244,0.1508109238243241,D2,1.4456468223096648,0.38345422742686847,0.7688134830704028,deep,-0.2001596532618295,0.20121306818977255
02_04,16,Baseline,2,-72.39200654892566,0.007229826020542739,-70.98387413090012,0.02955779178134091,-71.18478244721183,0.024177901964851055,-71.78834992996404,0.013221860936794777,-68.70546786369209,0.28851689840662464,-68.34156285326466,0.41515779131163694,-68.96692302790913,0.22213792957820896,D2,1.3447064841533878,0.41515779131163694,0.6819253098120345,deep,0.005379889816489854,0.010956041028056277
02_05,1,Baseline,2,-67.44391197778086,0.0013979108636527422,-60.932072747817955,0.9408823562430344,-65.43985522229433,0.010371230111736636,-65.27551852880752,0.012223646712227932,-67.34911251277553,0.0015369168233806503,-64.57919837368732,0.02452498725965654,-65.57469596636601,0.009062951986311022,L1,0.31126817122443345,0.9408823562430344,0.057580726933584875,shallow,0.9305111261312977,-0.0018524166004912964
02_05,2,Baseline,2,-69.46411434096392,0.0001284466252945716,-60.50630546119396,0.9978141649190546,-69.3276469208957,0.00014722777402876574,-68.08778420683234,0.0005086924372091458,-70.93914537829718,2.9384943383712303e-05,-67.25916851491473,0.0011649800911802586,-68.98641052434311,0.0002071032098487635,L1,0.0184239915986262,0.9978141649190546,0.0021564501375615054,shallow,0.9976669371450259,-0.00036146466318038
02_05,3,Baseline,2,-70.25326704640375,5.2236580158915076e-05,-60.39457606820399,0.9989639760715285,-69.3276469208957,0.00013181549034038066,-68.86555139432917,0.00020924350529410022,-70.82741598530721,2.941880453422037e-05,-68.00552155540707,0.0004944907819760262,-69.4314507063691,0.00011881876616756594,L1,0.009645773317276144,0.9989639760715285,0.001006605123936988,shallow,0.9988321605811882,-7.742801495371957e-05
02_05,4,Baseline,2,-70.15942216392412,4.053222327060743e-05,-60.04653017617807,0.9994788596955916,-69.32787240027886,9.309747455107456e-05,-69.07349735899801,0.0001200636596256953,-71.40083937456197,1.1712774495851124e-05,-68.46721555167186,0.0002201488495262964,-70.28958618214716,3.5585322938853704e-05,L1,0.005230351494658848,0.9994788596955916,0.0005094275299125274,shallow,0.9993857622210405,-2.6966185074620735e-05
02_05,5,Baseline,2,-70.06537210470603,5.839683875901749e-05,-60.31841051949625,0.9987136128819822,-68.67828346231637,0.00023377296279965626,-68.67765645263147,0.0002339195866738915,-70.75125043659946,2.9411431509855083e-05,-67.81762661370935,0.0005528060676067471,-68.95039967940171,0.00017808023066849017,L1,0.011755754124891563,0.9987136128819822,0.0012569756865078024,shallow,0.9984798399191825,-1.4662387423525366e-07
02_05,6,Baseline,2,-67.44455584363998,0.0009210926656404842,-60.473961949364906,0.9808301065732311,-66.05746720125032,0.0036872982516807725,-66.05684019156541,0.00368961094836155,-68.82516976032623,0.000231584942544888,-65.1968103526433,0.008719403741962065,-66.70956588628512,0.0019209028765788717,L1,0.1220557046475927,0.9808301065732311,0.018938308484223745,shallow,0.9771428083215503,-2.3126966807777115e-06
02_05,7,Baseline,2,-68.73884899790013,8.651307569984334e-06,-57.08131025855681,0.9997386892063396,-67.01994805496484,4.826040328242167e-05,-67.35113334582557,3.465444934974238e-05,-67.10478243193816,4.433511557305775e-05,-66.48793084416789,8.215671874232345e-05,-67.12949752022357,4.325279914314039e-05,L1,0.002849556730958492,0.9997386892063396,0.0002169756780876122,shallow,0.9996904288030571,1.3605953932679284e-05
02_05,8,Baseline,2,-69.02027590712,0.00014382077559893625,-60.17700625997523,0.9963337368996136,-67.3013749641847,0.0008022889689966139,-67.63256025504542,0.0005761013283964308,-69.45324146749697,9.32796854161029e-05,-66.76935775338775,0.0013657869535444126,-67.45944631034341,0.0006849853884338186,L1,0.02981320018888076,0.9963337368996136,0.003572983414970212,shallow,0.995531447930617,0.00022618764060018312
02_05,9,Baseline,2,-68.49058427149605,0.00011700651658407128,-59.4388240813945,0.9984804184188082,-68.72073390289584,9.295169960435738e-05,-67.25395406541504,0.00040296908088251454,-70.09840323978824,2.343921940346375e-05,-66.61340785453102,0.0007646406978732182,-68.47727357000139,0.00011857436684409364,L1,0.013399436668419874,0.9984804184188082,0.001496142361788255,shallow,0.9983874667192039,-0.00031001738127815716
02_05,10,Baseline,2,-69.22144556663578,4.793301763619702e-05,-59.27885396180758,0.9968904619490955,-69.30248666127221,4.420170998547871e-05,-66.09941551218894,0.0010877151961159956,-70.56288546454314,1.253299381984469e-05,-68.11435915648113,0.00014502280132578543,-65.61131132921477,0.0017721323320214937,L1,0.02409757613225515,0.9968904619490955,0.0030970050570849504,shallow,0.99684626023911,-0.001043513486130517
02_05,11,Baseline,2,-70.11756458991874,0.00011331629807488549,-61.05430558157913,0.9781731857461634,-65.07636975250344,0.017524897164527264,-68.93768319948121,0.00036872989973599555,-69.17614583445716,0.00029049947294920915,-66.85311028569818,0.00296501482304765,-68.51206128322629,0.0005643565955016824,L1,0.12025042190126262,0.9781731857461634,0.021536314780887477,shallow,0.9606482885816361,0.01715616726479127
02_05,12,Baseline,2,-69.23930141975123,2.6464310614538255e-06,-56.3973665341213,0.9996363568264887,-69.23802758514242,2.6498043249634996e-06,-64.8728020615457,0.0002084525257842225,-68.12140095308699,8.093914068377977e-06,-65.60290350156828,0.00010044495652695774,-66.49030694984656,4.1355541745257486e-05,L1,0.003635387891414568,0.9996363568264887,0.00035554925944285504,shallow,0.9996337070221637,-0.000205802721459259
02_05,13,Baseline,2,-67.52630318575669,0.000561450260818261,-60.04653017617807,0.9947992103576514,-66.84147255968874,0.0011136005835825572,-67.98371189507499,0.00035535400089797153,-68.91443953397184,0.00014010425714389212,-65.98081571108173,0.0026333462694846277,-67.87305567202867,0.00039693427042140233,L1,0.03977731912961393,0.9947992103576514,0.005060685385204819,shallow,0.9936856097740688,0.0007582465826845857
02_05,14,Baseline,2,-67.9728597856866,0.00048594520250481917,-60.34592532100996,0.9975228454318293,-67.10280052077927,0.0011599766219467355,-69.1334794113341,0.00015224274291153865,-70.77876523811318,2.9376364224446327e-05,-68.27344957241198,0.0003597848013810042,-68.48966512589328,0.0002898288352021165,L1,0.02088113087746957,0.9975228454318293,0.002447778203946214,shallow,0.9963628688098826,0.0010077338790351969
02_05,15,Baseline,2,-68.54407157342882,0.00021479556942939615,-60.099494252669835,0.9987542752841463,-67.8988806726655,0.00040947573104631747,-68.67539241811667,0.00018836204670567866,-70.89511715111381,2.0463466170942994e-05,-68.10650560055392,0.0003327038346490672,-69.53268127725889,7.992406785242457e-05,L1,0.011508210180215098,0.9987542752841463,0.001225261249682884,shallow,0.9983447995531,0.0002211136843406388
02_05,16,Baseline,2,-70.1697044037068,0.00011087881561084114,-61.075706051125174,0.9870107463468554,-66.40440674094627,0.004787365391447382,-69.07888810050942,0.00033005330009625917,-68.96166339484395,0.00037110270698413963,-66.02803957195384,0.006975105174917477,-68.85047051374919,0.0004147482640887417,L1,0.08292871474655018,0.9870107463468554,0.0126181509461607,shallow,0.982223380955408,0.0044573120913511234
02_06,1,Baseline,2,-67.76415639172069,4.5539578259627284e-10,-71.71363468379246,8.773085778347774e-12,-46.2543035144441,0.999998654057951,-71.69011118378425,8.981905922844119e-12,-60.090239130139224,9.797808020886447e-07,-61.169080584037054,3.33114881978274e-07,-63.49407771337506,3.2573213931147595e-08,L2,2.0442263421597766e-05,0.999998654057951,0.9999990202104245,deep,-0.9999986540491779,0.999998654048969
02_06,2,Baseline,2,-66.10640018268563,1.49435393772086e-09,-75.64513230198624,1.0760556905676515e-13,-45.784830308227704,0.9999980022713116,-70.55269575655109,1.751668175237034e-11,-59.730590890402894,8.778741594889502e-07,-59.49178582044669,1.1146640376841392e-06,-65.20558556461704,3.678512957304422e-09,L2,2.9621248090709268e-05,0.9999980022713116,0.9999991221257328,deep,-0.9999980022712041,0.999998002253795
02_06,3,Baseline,2,-66.89555288812545,6.787799685075634e-10,-75.53340290899628,1.203257057915704e-13,-45.784830308227704,0.9999984867411269,-71.33046294404792,8.047705074299019e-12,-59.61886149741292,9.816483362582064e-07,-60.238138860939024,5.284540043554658e-07,-65.60404474097906,2.469584433491546e-09,L2,2.2794806421839227e-05,0.9999984867411269,0.9999990183515434,deep,-0.9999984867410066,0.9999984867330792
02_06,4,Baseline,2,-66.80170800564584,7.457332851379564e-10,-75.18535701697034,1.704555019974529e-13,-45.78505578761085,0.9999991117579867,-71.53840890871676,6.538234053332276e-12,-60.19228488666768,5.533749770874369e-07,-60.69983285720381,3.331150344451703e-07,-66.50876122242109,9.995596108935306e-10,L2,1.3865739746560982e-05,0.9999991117579867,0.9999994466248523,deep,-0.9999991117578163,0.9999991117514485
02_06,5,Baseline,2,-66.70765794642774,4.278741582378036e-10,-75.45723736028853,6.783002846846783e-14,-45.13546684964836,0.9999991103909782,-71.1425680023502,5.072932605808731e-12,-59.54269594870518,5.53374976330972e-07,-60.05024391924131,3.3311503398980113e-07,-64.8706799333318,2.6859966842760814e-09,L2,1.3892918838668043e-05,0.9999991103909782,0.999999446624956,deep,-0.9999991103909104,0.9999991103859053
02_06,6,Baseline,2,-67.28928582476006,4.278739090832756e-10,-73.26432975459839,1.0873946626880955e-12,-45.71709472798067,0.9999985280835368,-71.72419588068253,5.072929651799625e-12,-59.431333618091024,1.106575593602503e-06,-60.63187179757363,3.331148400142631e-07,-62.98114455793102,3.179199520796228e-08,L2,2.217434381855141e-05,0.9999985280835368,0.9999988934233189,deep,-0.9999985280824495,0.9999985280784639
02_06,7,Baseline,2,-65.73049238210167,3.0705203057171807e-10,-76.06307006662713,9.996097915303689e-15,-43.82648898477666,0.9999994953131954,-70.16540243802413,3.640449481647209e-12,-58.991923945462304,2.5925972839986877e-07,-59.069905692179674,2.3981040329233723e-07,-62.880921628621735,5.3059704599823596e-09,L2,8.199927522237687e-06,0.9999994953131954,0.9999997407402617,deep,-0.9999994953131854,0.999999495309555
02_06,8,Baseline,2,-65.96339741042155,1.6297264792012359e-09,-73.50111475510845,8.680118875010971e-13,-45.72854671605569,0.9999970539907438,-70.39830746634402,1.932225266638981e-11,-58.92787506267433,1.8518391220960097e-06,-59.458080739379476,1.0897775454036759e-06,-65.44287694014044,2.742672107369777e-09,L2,4.2438732098707675e-05,0.9999970539907438,0.99999814816001,deep,-0.9999970539898758,0.9999970539714216
02_06,9,Baseline,2,-64.59912942331803,6.27007169160456e-09,-74.04391023228706,4.959710398605623e-13,-45.71165798012756,0.999993394913047,-69.18512492523405,6.391458392066816e-11,-58.356108061994235,3.2253899929686887e-06,-58.31228447016324,3.3698811032926705e-06,-65.18749004498305,3.481374430066227e-09,L2,9.003874743842316e-05,0.999993394913047,0.9999967746095109,deep,-0.999993394912551,0.9999933948491324
02_06,10,Baseline,2,-65.8637314083575,1.857445831607831e-09,-74.41768080259986,3.58082532993543e-13,-45.7596700486042,0.9999978580060276,-68.56432706190768,1.2475626585050085e-10,-59.35433097664885,1.2471332131830127e-06,-60.34697646201309,4.621813199640822e-07,-60.41752919768141,4.306968790785099e-07,L2,3.219162164492059e-05,0.9999978580060276,0.9999987528664287,deep,-0.9999978580056695,0.9999978578812713
02_06,11,Baseline,2,-63.99410322034186,1.1312235162865068e-08,-72.02995504115353,3.661190456642607e-12,-45.696730521053304,0.9999917601106456,-67.75374930552181,2.6348438111974853e-10,-58.138388367330776,3.950509159572161e-06,-58.060945466622655,4.268606265644734e-06,-64.20137738407249,9.194548315432944e-09,L2,0.00011055180611425433,0.9999917601106456,0.9999960494871791,deep,-0.9999917601069844,0.9999917598471613
02_06,12,Baseline,2,-65.88158726147293,1.7106453937770252e-09,-71.5361933749136,5.9895715864644236e-12,-45.69521097247441,0.9999811747990456,-67.33771361126443,3.988157982455815e-10,-56.9128464651927,1.3434905925777492e-05,-57.83552080710024,5.339766353348606e-06,-62.53868496935257,4.8413224733250406e-08,L2,0.00023521843845112942,0.9999811747990456,0.9999865650880848,deep,-0.999981174793056,0.9999811744002298
02_06,13,Baseline,2,-66.24532552999733,1.4029128401048833e-09,-74.75836446505056,2.8175060442103443e-13,-45.86061125853942,0.9999991097572453,-70.76886785873356,1.522233299472657e-11,-60.26784035759624,5.533749759802797e-07,-60.77538832813238,3.3311503377869257e-07,-65.73615203719376,2.334328263268731e-09,L2,1.3906560992691147e-05,0.9999991097572453,0.9999994466247425,deep,-0.9999991097569635,0.9999991097420229
02_06,14,Baseline,2,-62.965401676809144,3.158887244771179e-08,-74.41727078200279,3.357767060175653e-13,-45.69494666771017,0.9999940930171863,-69.46342820145392,4.758576563264136e-11,-58.502729370419445,2.7393535126015517e-06,-58.37110411834503,3.1247278779137204e-06,-63.996538954555575,1.1264629040832321e-08,L2,8.135444290012527e-05,0.9999940930171863,0.9999972606461515,deep,-0.9999940930168506,0.9999940929696006
02_06,15,Baseline,2,-66.57408320888983,8.984961235773324e-10,-73.85059529972283,6.213941483520104e-13,-45.743789853736786,0.999994631126375,-69.75257817409613,3.742082720949712e-11,-58.29883686948023,3.5270371115674345e-06,-58.95139711234658,1.8365667473157742e-06,-65.0007376012012,4.3332278257534615e-09,L2,7.40107336760098e-05,0.999994631126375,0.999996472962267,deep,-0.9999946311257536,0.9999946310889541
02_06,16,Baseline,2,-64.12387804356989,1.0414261850060268e-08,-73.33233316645892,1.0433913846339903e-12,-45.743789853736786,0.9999985513550027,-68.66159992476963,1.1140916511646712e-10,-59.674575390588686,8.911197798145501e-07,-60.18212336112482,5.364272119965964e-07,-64.1089123122036,1.0571290992419159e-08,L2,2.199589972065907e-05,0.9999985513550027,0.9999991088791768,deep,-0.9999985513539593,0.9999985512435935
02_07,1,Baseline,2,-73.76146087095763,1.4141239767771509e-10,-51.08213092512297,0.9999892576430138,-76.60959220546864,8.195203902105395e-12,-62.536943570812916,1.05982317361661e-05,-67.70041093049134,6.064123390491828e-08,-71.61293022894773,1.2122229110049036e-09,-67.39717781296908,8.212218561468913e-08,L1,0.0001345190581593009,0.9999892576430138,1.0681715752293373e-05,shallow,0.9999892576348186,-1.0598223540962199e-05
02_07,2,Baseline,2,-76.31540392404042,1.2252390891541544e-11,-51.190104328398704,0.9999995724795907,-79.96364321417029,3.1901466758516414e-13,-65.88294993873747,4.158895828079543e-07,-71.82418448591272,1.093283170365242e-09,-74.82664106007488,5.4297813371733035e-11,-69.56479134467081,1.0470673957491644e-08,L1,6.75467661765221e-06,0.9999995724795907,4.264271259843768e-07,shallow,0.9999995724792717,-4.158892637932867e-07
02_07,3,Baseline,2,-76.0370752496808,1.4473513102197092e-11,-51.07837493540873,0.9999994947438752,-79.96364321417029,2.8529040057922526e-13,-65.59323574643484,4.969078123509266e-07,-71.71245509292275,1.0932830853780562e-09,-74.50551272076775,6.694576575904191e-11,-69.8312710049849,7.173324836442668e-09,L1,7.876821319048664e-06,0.9999994947438752,5.041628417566311e-07,shallow,0.9999994947435898,-4.969075270605261e-07
02_07,4,Baseline,2,-75.99175224810115,7.414811289607325e-13,-48.061625593884166,0.9999999707434852,-79.33308424185375,2.6240859468767394e-14,-65.51005042570382,2.643902070398198e-08,-70.58761265067838,1.6484968025066905e-10,-74.33642226533286,3.8815106289579e-12,-67.81108850577642,2.6479953864541926e-09,L1,5.467091851683301e-07,0.9999999707434852,2.9091665323053558e-08,shallow,0.999999970743459,-2.643899446312251e-08
02_07,5,Baseline,2,-76.3829209978828,5.56539865283025e-12,-50.46846869680126,0.9999998030435154,-79.84802044549068,1.7402943459810288e-13,-65.93908149463685,1.9107248184401542e-07,-71.10254885431529,1.0932834224370005e-09,-74.85135846896978,2.5742186567786232e-11,-69.63164688723737,4.7592374201292535e-09,L1,3.2675029054605016e-06,0.9999998030435154,1.9586320087879988e-07,shallow,0.9999998030433414,-1.9107230781458082e-07
02_07,6,Baseline,2,-74.18909728873655,8.93832606118446e-11,-51.05101267858971,0.9999969173923898,-77.6541967363444,2.7950052237325088e-12,-63.74525778549059,3.0687256216103114e-06,-69.60346072996184,8.765422348095388e-09,-72.6575347598235,4.134331993516899e-10,-70.24584056627532,4.610954413222809e-09,L1,4.2299969454121875e-05,0.9999969173923898,3.0738421874887214e-06,shallow,0.9999969173895948,-3.0687228266050877e-06
02_07,7,Baseline,2,-75.40575543355673,2.7100877490120515e-11,-51.07430140313987,0.9999990215594828,-78.53904258061898,1.1809024803452924e-12,-64.96191593031078,9.304332439068996e-07,-70.5517768510724,3.4756774531838944e-09,-73.87102024190814,1.2575069033662855e-10,-68.00483225165912,4.437756327123642e-08,L1,1.4722530896752869e-05,0.9999990215594828,9.749648396484431e-07,shallow,0.9999990215583019,-9.304320630044193e-07
02_07,8,Baseline,2,-75.40575543355673,2.7100877490120515e-11,-51.07430140313987,0.9999990215594828,-78.53904258061898,1.1809024803452924e-12,-64.96191593031078,9.304332439068996e-07,-70.5517768510724,3.4756774531838944e-09,-73.87102024190814,1.2575069033662855e-10,-68.00483225165912,4.437756327123642e-08,L1,1.4722530896752869e-05,0.9999990215594828,9.749648396484431e-07,shallow,0.9999990215583019,-9.304320630044193e-07
02_07,9,Baseline,2,-76.40935523437201,1.1153684058560422e-11,-51.190104328398704,0.9999996422174745,-78.28924881637097,1.7021229569594628e-12,-66.11660117711962,3.2923396256367175e-07,-71.51718303730352,1.4861468596661689e-09,-75.24836177949061,3.561487212897895e-11,-68.61701658699332,2.701394517326887e-08,L1,5.77425521607594e-06,0.9999996422174745,3.562963784160851e-07,shallow,0.9999996422157724,-3.2923226044071477e-07
02_07,10,Baseline,2,-72.57915972491406,1.5058283003818703e-10,-49.96265282901232,0.9999990784691325,-76.05673248254877,4.650340956365703e-12,-63.894581244094056,8.901023893596069e-07,-67.37208657656076,2.7490243718885377e-08,-71.08195739232363,6.729800131667314e-10,-69.55128805829276,3.11002164549974e-09,L1,1.3879624592905908e-05,0.9999990784691325,8.940406241892679e-07,shallow,0.9999990784644821,-8.900977390186505e-07
02_07,11,Baseline,2,-76.43511348309552,1.1026163570715692e-11,-51.20436375888414,0.9999995633408959,-76.24610673567774,1.3320147018493244e-11,-66.19910824148661,3.075140931826827e-07,-69.52744425217297,1.1025214831554917e-08,-73.88684214095859,1.4096932269886584e-10,-67.15733036849898,1.1795448039445796e-07,L1,7.135303529194141e-06,0.9999995633408959,4.2563388921042877e-07,shallow,0.9999995633275758,-3.0750077303566424e-07
02_07,12,Baseline,2,-72.30588429262966,5.929411192471719e-10,-51.05995963512402,0.9999986426394057,-75.89522964461902,1.6374901218940855e-11,-64.98149107476164,8.994046459622362e-07,-67.91760905330709,4.773262189923949e-08,-71.2489095630894,1.7062782756434616e-09,-65.77218311252692,4.0790773216795947e-07,L1,2.0731793314903273e-05,0.9999986426394057,1.3096279724263053e-06,shallow,0.9999986426230308,-8.993882710610173e-07
02_07,13,Baseline,2,-74.42611464973317,8.726730382285368e-11,-51.26406973328253,0.9999996665581835,-79.0786909226625,8.322683060674801e-13,-66.31261831687983,2.9140583567741584e-07,-70.33321933148711,5.228455428500362e-09,-74.0820289461416,1.2310794469177707e-10,-68.3873876095684,3.659631774254014e-08,L1,5.449882838858401e-06,0.9999996665581835,3.282133609367767e-07,shallow,0.9999996665573513,-2.914050034091098e-07
02_07,14,Baseline,2,-72.49509908556429,1.9359857318432815e-11,-47.827280048816334,0.9999996327250892,-78.8062781938533,3.5155387654480705e-14,-62.65871962404139,3.620657750835736e-07,-68.46136020633037,1.0932832362306442e-09,-71.57099659837431,4.877921007809147e-11,-67.15240208828996,4.047678189557196e-09,L1,5.839649266866105e-06,0.9999996327250892,3.6618162749591496e-07,shallow,0.999999632725054,-3.6206573992818597e-07
02_07,15,Baseline,2,-74.00763536276604,1.1294748993527398e-10,-51.10353753381442,0.9999997328949178,-78.21463255200024,1.681902899406966e-12,-66.34246038444587,2.408905592149887e-07,-71.35316370680958,1.6058278160332579e-09,-74.94809080745043,4.4100343660935804e-11,-68.63017429251934,2.4449965653042797e-08,L1,4.402744956477385e-06,0.9999997328949178,2.6549925460452713e-07,shallow,0.999999732893236,-2.4088887731208933e-07
02_07,16,Baseline,2,-76.48725329688358,1.0692384179561069e-11,-51.225764228430194,0.9999996816525863,-77.57414372412057,3.606152093864554e-12,-66.34031314251482,2.7279391077504123e-07,-69.31296181255978,1.3958210961053137e-08,-73.06177142721427,3.2865665328667674e-10,-68.50693559697736,3.125233677078152e-08,L1,5.241587950032905e-06,0.9999996816525863,3.0438920273538284e-07,shallow,0.9999996816489802,-2.7279030462294735e-07
02_08,1,Baseline,2,-82.93209636105297,0.00010078404664407616,-74.09120684789124,0.6965323996013306,-86.82441857253144,2.055785193393574e-06,-74.9274910774306,0.3018197788087605,-84.83251663865462,1.5067796707838045e-05,-82.0917156281064,0.00023354173754191066,-80.37775139133046,0.0012963722238215987,L1,0.6251452899847749,0.6965323996013306,0.3034525326019615,shallow,0.6965303438161372,-0.3018177230235671
02_08,2,Baseline,2,-82.18655151293744,1.79518098540809e-06,-68.95881711396964,0.9973332475051137,-85.52036901483545,6.401027526363348e-08,-74.92548766325686,0.0025559255666986152,-83.71592705687867,3.889635274382181e-07,-81.81185103443532,2.611190696565192e-06,-78.10852413353845,0.00010596758270299719,L1,0.018954360740787667,0.9973332475051137,0.0026663635313588494,shallow,0.9973331834948383,-0.002555861556423352
02_08,3,Baseline,2,-81.520047791378,5.568068931147583e-06,-69.42935029177939,0.9922653123062576,-86.00558782383521,6.275658729757917e-08,-74.29612030465441,0.0076386471322863695,-84.18646023468841,3.8698701461594274e-07,-81.2966351715283,6.9619591560958995e-06,-78.81752334766033,8.306078976699028e-05,L1,0.045876775873107734,0.9922653123062576,0.0077343007067279005,shallow,0.9922652495496703,-0.007638584375699072
02_08,4,Baseline,2,-85.5214496568563,6.124724274964363e-06,-73.5259086901912,0.9923932268439867,-90.39219133657613,4.6962402667849304e-08,-78.40522549368126,0.007544377797491225,-88.56399908650123,2.9222953972975984e-07,-85.65948839215109,5.335032645160538e-06,-83.40990277750048,5.059640966005068e-05,L1,0.045090745267244055,0.9923932268439867,0.007606480926474068,shallow,0.992393179881584,-0.007544330835088557
02_08,5,Baseline,2,-85.55355648797814,5.649868066218765e-06,-73.47754461956954,0.9921643641234625,-90.06284681255347,6.218396370027916e-08,-78.32962900125455,0.007750864623890986,-88.23465456247857,3.8694764446422396e-07,-85.33014386812843,7.064235590603358e-06,-83.01398163945055,7.16080173816225e-05,L1,0.046315929311740583,0.9921643641234625,0.00783524892889313,shallow,0.9921643019394989,-0.007750802439927286
02_08,6,Baseline,2,-84.00022160671155,6.35302545773894e-07,-69.73193682508018,0.9991206669890571,-88.50951193128688,6.992310259651485e-09,-76.77629411998795,0.0008715502680405588,-85.98832947226549,8.70074258761291e-08,-83.77680898686184,7.943418858735324e-07,-81.71253146055747,6.259098734584839e-06,L1,0.007115985897673337,0.9991206669890571,0.0008792460035170508,shallow,0.9991206599967468,-0.0008715432757302992
02_08,7,Baseline,2,-84.57639092365207,2.6702488101861097e-05,-74.08337732590815,0.9629630748233022,-88.75386894768178,4.0953976440487983e-07,-77.35246343692847,0.036632248394624964,-87.68388255923568,1.193947581978921e-06,-84.3498056410668,3.349318653015287e-05,-82.02377408127998,0.00034287762009428707,L1,0.16086306201391926,0.9629630748233022,0.03703573122911567,shallow,0.9629626652835378,-0.03663183885486056
02_08,8,Baseline,2,-83.64477081037253,5.711780520326012e-07,-69.27000674063059,0.999199539309723,-87.82224883440225,8.760237022495517e-09,-76.42084332364894,0.00078358002444566,-84.00592398701755,3.980381318364779e-07,-83.41818552778727,7.164341002860943e-07,-80.36432575450084,1.5186255310286489e-05,L1,0.006596889862056039,0.999199539309723,0.0008000626521452877,shallow,0.9991995305494861,-0.0007835712642086374
02_08,9,Baseline,2,-85.57999072446734,1.125767104858988e-05,-74.19918025116698,0.9864424257158304,-88.50407518343377,6.046928162092938e-07,-78.5071486837373,0.013278371772191882,-88.64928874546679,5.229610699490189e-07,-85.72714717864928,9.717159206853142e-06,-82.45157526919427,0.0002571000278359684,L1,0.07323116223744226,0.9864424257158304,0.013557051323099503,shallow,0.9864418210230141,-0.013277767079375674
02_08,10,Baseline,2,-81.74979521500939,0.00014860334623773987,-72.9717287517806,0.9644826414271579,-86.27155884961157,1.6152940523373038e-06,-76.28512875071175,0.0350996737574533,-84.50419228472404,9.458214098604168e-06,-81.56074279148228,0.000179528339193253,-82.38823686919022,7.847962180702573e-05,L1,0.15617868838946425,0.9644826414271579,0.035507900358743655,shallow,0.9644810261331056,-0.035098058463400965
02_08,11,Baseline,2,-82.34507857671251,2.5134295128194098e-06,-69.45829535345484,0.9929458239440236,-86.27072732961264,4.958828847534479e-08,-74.44588711924641,0.0067739497669659175,-84.26839166958547,3.6726745631224834e-07,-81.3223351700708,6.989377992578352e-06,-77.66716977143362,0.00027030662576024326,L1,0.043205368858035366,0.9929458239440236,0.007053808788520034,shallow,0.9929457743557352,-0.006773900178677442
02_08,12,Baseline,2,-81.437702278005,0.00039493485110694035,-73.64204300597251,0.9597039106111139,-86.07123850696185,3.8388950908386655e-06,-76.94504602945955,0.03529078165631336,-84.62272220955059,1.6341385632154043e-05,-81.59183369572814,0.000338522107248369,-79.06135585341215,0.004251670493494068,L1,0.18673427090204703,0.9597039106111139,0.040279748003253575,shallow,0.9597000717160231,-0.03528694276122252
02_08,13,Baseline,2,-83.5967501398285,8.819729504434008e-05,-74.27314565605081,0.987745920220632,-89.2935172897253,2.9606067700441266e-07,-78.70316582349753,0.011768251227836035,-87.4653250396504,1.842275319365443e-06,-84.56081434530026,3.3633146667093334e-05,-82.18506966228537,0.0003618597738242253,L1,0.06852345131525275,0.987745920220632,0.012252237504048698,shallow,0.987745624159955,-0.011767955167159031
02_08,14,Baseline,2,-82.92730347905898,0.00013592334493701052,-74.03880011098299,0.9851945907837533,-89.0211045609161,3.067537424330049e-07,-78.25171127005744,0.014584043450251993,-88.795910053892,3.842294079766363e-07,-85.25222613693134,1.3292080792975475e-05,-83.5702657096056,7.145935711445247e-05,L1,0.07840596589369002,0.9851945907837533,0.014805024986838864,shallow,0.9851942840300109,-0.01458373669650956
02_08,15,Baseline,2,-82.96477457690148,1.6668315655516608e-06,-69.66800916614496,0.9922099122369019,-86.72148871138391,3.893780784712115e-08,-74.53295388036169,0.007652175417854822,-84.44824892409491,3.781176875893805e-07,-81.55288923555507,6.840151630217618e-06,-78.61597738173425,0.00012898830655209834,L1,0.04631189316877872,0.9922099122369019,0.007789709645410536,shallow,0.992209873299094,-0.007652136480046975
02_08,16,Baseline,2,-85.65788878697892,1.0815002679727483e-05,-74.23484015119847,0.9885385733782243,-87.78897009118337,1.2838366826490114e-06,-78.7308606491325,0.011025460245090785,-86.44506752072306,4.922199942940058e-06,-83.54055682637292,8.98612009103414e-05,-82.24250964214237,0.00032908413646931956,L1,0.06477077290775113,0.9885385733782243,0.011456504421832823,shallow,0.9885372895415416,-0.011024176408408136
02_09,1,Baseline,2,-66.93928441642112,1.3597855156413124e-08,-70.11241261409327,5.693749342446549e-10,-48.825963202142795,0.9999674490790541,-70.71967356578475,3.1021890729517383e-10,-59.45945467843955,2.4094570633925105e-05,-60.53829613233738,8.191893570405945e-06,-64.0278184032748,2.499792924830068e-07,L2,0.0003887724101643281,0.9999674490790541,0.9999759048599911,deep,-0.9999674485096792,0.9999674487688351
02_09,2,Baseline,2,-65.28152820738606,4.461983769501323e-08,-74.04391023228706,6.983511046656509e-12,-48.35648999592639,0.999950927221039,-69.58225813855158,6.049851421625599e-10,-59.09980643870322,2.158816053863587e-05,-58.86100136874701,2.7411156749593505e-05,-65.73932625451675,2.822986624961377e-08,L2,0.0005702021592348987,0.999950927221039,0.9999784118324776,deep,-0.9999509272140554,0.9999509266160538
02_09,3,Baseline,2,-66.07068091282588,2.0267887640019892e-08,-73.93218083929709,7.809126364038239e-12,-48.35648999592639,0.9999628245291529,-70.36002532604842,2.7795204801129034e-10,-58.98807704571325,2.4140389051731287e-05,-59.60735440923935,1.2995575696397555e-05,-66.1377854308788,1.8952450285455656e-08,L2,0.0004407406136247885,0.9999628245291529,0.9999758596031392,deep,-0.9999628245213438,0.9999628242512009
02_09,4,Baseline,2,-65.6857047449464,1.1288868056644695e-08,-73.58413494727117,4.191850105433779e-12,-47.386277857310034,0.999978163358881,-69.93718683901757,1.6078857405389918e-10,-58.59106281696849,1.360862470771453e-05,-59.098610787504626,8.191981343503007e-06,-64.9075391527219,2.458121921094729e-08,L2,0.00027090681536798365,0.999978163358881,0.9999863913711003,deep,-0.9999781633546891,0.9999781631980924
02_09,5,Baseline,2,-65.88278597112816,1.2776206434215272e-08,-73.85601529058934,4.402226907678001e-12,-47.70712653734705,0.9999781658244978,-70.17213038435071,1.7521178364898532e-10,-58.911911497005505,1.3608624741268916e-05,-59.419459467541635,8.191981363701794e-06,-65.40442062323152,2.061357659347842e-08,L2,0.00027086441253435314,0.9999781658244978,0.9999863913708563,deep,-0.9999781658200956,0.9999781656492861
02_09,6,Baseline,2,-66.46441384946048,1.2776029281498584e-08,-71.6631076848992,7.057190692279886e-11,-48.288754415679364,0.9999643002964606,-70.75375826268302,1.752093541920415e-10,-58.80054916639135,2.7212600151731368e-05,-60.00108734587395,8.1918677750744e-06,-63.36931960513082,2.8221380210045685e-07,L2,0.00042219323296760426,0.9999643002964606,0.9999727873292764,deep,-0.9999643002258887,0.9999643001212511
02_09,7,Baseline,2,-65.13852543512198,4.866083034448695e-08,-71.89989268540926,5.633198156701339e-11,-48.30020640375438,0.9999275984626707,-69.42786984834451,6.673303943857276e-10,-58.29709061097466,4.5538309857525255e-05,-58.8272962876798,2.679856308586668e-05,-66.29686204398,1.5279893175203687e-08,L2,0.0008108660335607661,0.9999275984626707,0.9999544616338104,deep,-0.9999275984063387,0.9999275977953402
02_09,8,Baseline,2,-64.90562040680209,9.168574213900328e-09,-74.46184799692796,6.48761238896765e-13,-46.39814867247535,0.9999876878734066,-69.19496482002462,1.257370292040262e-10,-58.36113949376262,6.375786299104536e-06,-58.43912124047999,5.897483165359942e-06,-63.734906732461305,2.9562168857685837e-08,L2,0.00016028219228515897,0.9999876878734066,0.999993624213052,deep,-0.9999876878727578,0.9999876877476697
02_09,9,Baseline,2,-63.774257448018446,1.8719739681700985e-07,-72.44268816258787,3.218460467287871e-11,-48.28331766782625,0.999837614486499,-68.21468730723456,2.2072199861048635e-09,-57.72532361029455,7.9308254620345e-05,-57.68150001846357,8.286110800952585e-05,-65.72123073488278,2.6714069420039323e-08,L2,0.0016933819854159818,0.999837614486499,0.9999206917131948,deep,-0.9998376144543144,0.999837612279279
02_09,10,Baseline,2,-65.03885943305791,5.5461591684769263e-08,-72.81645873290068,2.3239344330315974e-11,-48.33132973630289,0.9999546003043197,-67.59388944390817,4.308805539136844e-09,-58.72354652494917,3.066887720613121e-05,-59.716192010313414,1.1365732224201379e-05,-60.95126988758114,3.305292613381128e-06,L2,0.0005362384316797174,0.9999546003043197,0.9999693310995545,deep,-0.9999546002810804,0.9999545959955142
02_09,11,Baseline,2,-63.16923124504228,3.377217301034437e-07,-70.42873297145435,2.3757320920296817e-10,-48.268390208751995,0.9997974925325183,-66.78331168752231,9.098793571751345e-09,-57.507603915631094,9.713427728133303e-05,-57.43016101492298,0.00010495558113245134,-64.73511807397222,7.05509711593566e-08,L2,0.00206791910972683,0.9997974925325183,0.9999028654851456,deep,-0.9997974922949451,0.9997974834337247
02_09,12,Baseline,2,-65.05671528617336,5.105784760251429e-08,-69.9349713052144,3.885642425347249e-10,-48.2668706601731,0.99953815238413,-66.36727599326494,1.3768708941452145e-08,-56.282062013493025,0.00033025241312627387,-57.204736355400556,0.0001312603700737725,-63.392670073192136,2.696175489938961e-07,L2,0.00428737121821171,0.99953815238413,0.9996697471983093,deep,-0.9995381519955657,0.9995381386154211
02_09,13,Baseline,2,-65.42045355469776,4.1890596402360533e-08,-73.15714239535139,1.8285855007010692e-11,-48.43227094623811,0.9999781439541611,-69.79843024073406,5.257574397122405e-10,-59.63705590589657,1.360862444363721e-05,-60.1446038764327,8.19198118453649e-06,-66.59013714103332,1.3005570762515945e-08,L2,0.0002712446902122432,0.9999781439541611,0.9999863913572702,deep,-0.9999781439358753,0.9999781434284036
02_09,14,Baseline,2,-63.256532962209,6.2309333529555e-08,-74.41727078200279,8.861479903250021e-13,-46.66538428570968,0.9999940700263306,-70.0942126531536,6.683232151205211e-11,-59.473166988418946,2.739353449621118e-06,-59.34154173634453,3.1247278060731504e-06,-66.13150171415448,3.515361899294796e-09,L2,8.172838089995238e-05,0.9999940700263306,0.9999972606456644,deep,-0.9999940700254444,0.9999940699594982
02_09,15,Baseline,2,-65.74921123359024,2.68260166353003e-08,-72.24937323002365,4.032475180586164e-11,-48.31544954143548,0.9998680505127153,-68.78214055609662,1.2923249255320315e-09,-57.66805241778055,8.672790798743644e-05,-58.3206126606469,4.5160168956430736e-05,-65.53447829110092,3.3251674578192254e-08,L2,0.0013959923866532326,0.9998680505127153,0.9999132720516878,deep,-0.9998680504723906,0.9998680492203904
02_09,16,Baseline,2,-63.2990060682703,3.109629676038362e-07,-71.73111109675975,6.771610777538717e-11,-48.31544954143548,0.999964520378224,-67.69116230677012,3.847861699813133e-09,-59.04379093888901,2.19141748366453e-05,-59.55133890942514,1.3191671846038571e-05,-64.96289741604318,5.889654805638342e-08,L2,0.0004245191148216922,0.999964520378224,0.9999780857574474,deep,-0.999964520310508,0.9999645165303623
02_10,1,Baseline,2,-61.436903122363915,5.273045029412796e-05,-66.86144659379492,2.3238718946545122e-07,-62.49942923975583,1.822268006577841e-05,-56.357196819392065,0.008475198858448666,-60.64532944763494,0.00011636906878006019,-56.55367927283141,0.006963356846984781,-51.60233514240912,0.984373889708237,S,0.09229888549913849,0.984373889708237,0.9998833985440304,deep,-1.799029287631296e-05,-0.008456976178382888
02_10,2,Baseline,2,-61.27362084504809,0.0005341078659407699,-70.26890789826898,6.622553015368427e-08,-60.53548210182019,0.0011173739882457407,-56.927751599838025,0.04121127075395474,-59.85868865597883,0.0021984987142161846,-56.584354716920174,0.05809668839399826,-53.847583683550816,0.896841994058114,S,0.4194662323117814,0.896841994058114,0.9978014350602535,deep,-0.001117307762715587,-0.040093896765709
02_10,3,Baseline,2,-60.99529217068846,0.0004120134830146114,-70.157178505279,4.3246876839596736e-08,-61.602963481619646,0.00022438981022689848,-56.63803740753541,0.032154601253518725,-59.74695926298886,0.0014356729633583718,-56.26322637761305,0.04677582869713283,-53.285309618093336,0.9189974505458718,S,0.3458926390771512,0.9189974505458718,0.9985642837897649,deep,-0.00022434656335005887,-0.03193021144329183
02_10,4,Baseline,2,-60.36770659830911,0.0023835782671684127,-70.34287330315281,1.1093524861833878e-07,-62.13692965090252,0.0004063175751278398,-56.312242682304515,0.13756090275961252,-60.85412334214334,0.001465484769424362,-56.191179683978106,0.1552644429141953,-54.68106753424311,0.702919162779223,S,0.8369982841260566,0.702919162779223,0.998534404295327,deep,-0.00040620663987922143,-0.13715458518448467
02_10,5,Baseline,2,-60.273656539091014,0.0007228758969593508,-70.614753646471,2.3333631430720906e-08,-61.48734071294003,0.00021476692781757515,-55.91640177593796,0.056415110623171776,-60.20453440418084,0.0007746100118698879,-55.54159074601561,0.08206799175127406,-53.192433638325745,0.8598046214552759,S,0.509846036901288,0.8598046214552759,0.9992253666544987,deep,-0.00021474359418614442,-0.0562003436953542
02_10,6,Baseline,2,-60.855284417423334,0.00011589166112837415,-68.42184604078085,5.997030089136845e-08,-62.068968591272345,3.443149249395461e-05,-56.49802965427028,0.009044485935084397,-60.09317207356669,0.00024833239290999835,-56.12321862434793,0.01315716284016548,-51.8152893252287,0.9773996357079169,S,0.12535014505754233,0.9773996357079169,0.9997516076367892,deep,-3.4371522193063245e-05,-0.009010054442590442
02_10,7,Baseline,2,-59.52939600308483,0.003395872600250704,-68.6586310412909,3.682773316128346e-07,-62.08042057934736,0.000264883857363387,-55.172141239931776,0.2650227088926088,-59.58971351815,0.0031970970878203984,-54.94942756615377,0.3311360075841977,-54.76806314214587,0.39698306170042746,S,1.1245340335147427,0.39698306170042746,0.996802534634848,deep,-0.00026451558003177413,-0.2647578250352454
02_10,8,Baseline,2,-59.52939600308483,0.003395872600250704,-68.6586310412909,3.682773316128346e-07,-62.08042057934736,0.000264883857363387,-55.172141239931776,0.2650227088926088,-59.58971351815,0.0031970970878203984,-54.94942756615377,0.3311360075841977,-54.76806314214587,0.39698306170042746,S,1.1245340335147427,0.39698306170042746,0.996802534634848,deep,-0.00026451558003177413,-0.2647578250352454
02_10,9,Baseline,2,-59.552853809720595,0.0029283814754095657,-70.58915231220882,4.716546393157745e-08,-60.67580604967994,0.0009526550843407626,-55.3466844925611,0.19649150328403867,-60.40567231120919,0.0012481112036190382,-55.19135709067683,0.2295099978053874,-54.28365296914061,0.5688693039817407,S,1.010469875738818,0.5688693039817407,0.9987518416309171,deep,-0.000952607918876831,-0.1955388481996979
02_10,10,Baseline,2,-56.712504670622145,0.010014271907067213,-69.86632837418217,1.9408247811361326e-08,-58.9090997724975,0.0011133975144368717,-56.5406049748938,0.011892535827829016,-58.41494736242533,0.0018249791721136977,-53.2763679772687,0.3111104393477978,-52.518166987165436,0.6640443568225076,S,0.7530082850977018,0.6640443568225076,0.9981750014196386,deep,-0.0011133781061890603,-0.010779138313392144
02_10,11,Baseline,2,-59.68536019642406,0.0024368724149735183,-70.71015988067421,3.97029818193591e-08,-58.52591583100677,0.007769142402471792,-55.53593969490804,0.15449101224505296,-59.2699186299182,0.003691958169226178,-55.21756324588411,0.21240872581138054,-54.147643661597606,0.6192022492539132,S,0.9874848504202405,0.6192022492539132,0.9963080021277919,deep,-0.007769102699489972,-0.14672186984258118
02_10,12,Baseline,2,-57.41937123251724,0.006303256871770928,-66.87809280851596,4.916934462425163e-07,-60.018870214147114,0.0004684000605264729,-53.10139375521169,0.4729756659133157,-59.60289954228733,0.0007100202088525951,-55.3550822554935,0.04966773070381719,-53.10797219763338,0.46987443454827077,L3,0.8988184155285213,0.4729756659133157,0.999289488097701,deep,-0.00046790836708023037,-0.47250726585278924
02_10,13,Baseline,2,-59.811324122660615,0.00267928812911245,-69.91588075123303,1.0956358494622069e-07,-62.212485121831094,0.0002427775071757023,-55.542701632321325,0.191363282875959,-60.92967881307191,0.0008756370900590857,-56.26673515490668,0.09277155779410375,-54.22870276295562,0.7120673470400051,S,0.8028704365071505,0.7120673470400051,0.999124253346356,deep,-0.00024266794359075608,-0.1911205053687833
02_10,14,Baseline,2,-58.28789235805153,0.003755009245564867,-70.53552031000477,1.8010831977429276e-08,-59.80510963342299,0.0008235536951092106,-56.47897287262054,0.022920007815688075,-60.12530106771462,0.0005979082515829348,-56.10416184269818,0.033342113337706196,-52.7666348390653,0.9385613896435167,S,0.290703095195082,0.9385613896435167,0.9994020737375849,deep,-0.0008235356842772332,-0.022096454120578864
02_10,15,Baseline,2,-60.88731876741272,0.00012773874282899218,-68.26087462004567,8.017297859049809e-08,-61.348426751168844,8.055008160255435e-05,-53.77917498182427,0.15608107956806724,-58.21343835909627,0.001851714998309237,-53.69550697326126,0.16970194297003155,-52.31905880918365,0.6721568934661819,S,0.8714837338525638,0.6721568934661819,0.9981482048287122,deep,-8.046990862396385e-05,-0.1560005294864647
02_10,16,Baseline,2,-60.37798883809179,0.0004931728087888475,-71.37204917809993,8.28589421222482e-09,-59.21346399156993,0.0015803229187144913,-56.31763342381592,0.028601517413761157,-58.41494736242533,0.003511860079303429,-53.7520037042601,0.3720727845024468,-53.284651121037115,0.593740333991091,S,0.812834989073575,0.593740333991091,0.9964881316348023,deep,-0.001580314632820279,-0.027021194495046665
02_11,1,Baseline,2,-73.50914709027776,0.550499968038588,-76.31350899311012,0.03333023674222603,-79.55972256418714,0.0012972562072636946,-73.82507394338316,0.4013765623908634,-82.54810648588379,6.534120065359318e-05,-79.87329523335953,0.00094807539909652,-77.29564151656403,0.012482560021308873,E,0.8789426605647161,0.550499968038588,0.9666044220571205,deep,0.032032980534962334,-0.4000793061835997
02_11,2,Baseline,2,-74.94708688266113,0.5019992320114466,-78.02270446608503,0.02317284239107352,-82.18594535938915,0.0003605012384501246,-75.0361175517088,0.4592376907448359,-84.53691728170625,3.434730195130349e-05,-81.29169647118759,0.0008816051502251822,-78.50446268168226,0.01431378116201725,E,0.8607656709579331,0.5019992320114466,0.976792810306975,deep,0.022812341152623396,-0.4588771895063858
02_11,3,Baseline,2,-72.00005475880286,0.4975767304017138,-75.24227162359642,0.019443890582942654,-78.44976053009105,0.0007866624776870724,-72.07769990990754,0.4604041200077234,-81.75648443921764,2.8820166714537373e-05,-78.30186468238182,0.0009120502908889273,-75.17255965445419,0.020847726072329494,E,0.8740369637991169,0.4975767304017138,0.9805272892503427,deep,0.018657228105255583,-0.45961745753003636
02_11,4,Baseline,2,-75.64239470562133,0.5392906463852034,-77.56292918106914,0.0790215170223379,-82.18617083877231,0.0007760630788303344,-76.02183070387447,0.3690081239592094,-84.99861127797104,4.660898645087479e-05,-82.4997435079447,0.0005671711640818407,-79.50874355314247,0.011289869403886139,E,0.9623334652883974,0.5392906463852034,0.9209318739912111,deep,0.07824545394350756,-0.3682320608803791
02_11,5,Baseline,2,-75.45130088460328,0.4790233707679043,-77.73776576258737,0.0486807906117021,-81.43953813900987,0.0012014295417408206,-75.52894603570797,0.443236831640967,-84.2519785782086,7.215574965513979e-05,-81.75311080818226,0.0008780422756078921,-78.33064969498494,0.026907379412422817,E,0.9725664518125899,0.4790233707679043,0.9512470536386428,deep,0.04747936106996128,-0.4420354020992262
02_11,6,Baseline,2,-73.24777279927702,0.5058190593623343,-78.31060536819582,0.003200626097783665,-79.2360100536836,0.001268635306288442,-73.3254179503817,0.4680306868868892,-82.74318607767515,3.8035541138389934e-05,-79.54958272285599,0.0009271583497405953,-76.44305519482015,0.020715798455825475,E,0.8141144654824525,0.5058190593623343,0.9967613383610779,deep,0.001931990791495223,-0.46676205158060075
02_11,7,Baseline,2,-73.7268983544176,0.32209810630784164,-73.71461103106833,0.3260802447000039,-79.38332330827855,0.0011257294474302836,-73.80454350552228,0.29803502883081207,-80.20763115016749,0.0004936756192678091,-80.025535615261,0.0005922768604578267,-75.55871867016728,0.0515749382341866,L1,1.2598069639685159,0.3260802447000039,0.6734260796807283,shallow,0.32495451525257363,-0.2969092993833818
02_11,8,Baseline,2,-73.63955896879764,0.3220981063078431,-73.62727164544839,0.32608024470000074,-79.29598392265859,0.0011257294474302886,-73.71720411990232,0.2980350288308134,-80.12029176454755,0.0004936756192678043,-79.93819622964105,0.0005922768604578294,-75.47137928454733,0.05157493823418683,L1,1.2598069639685163,0.32608024470000074,0.6734260796807314,shallow,0.32495451525257046,-0.2969092993833831
02_11,9,Baseline,2,-76.64226026269189,0.30502768137593933,-77.4889637761853,0.13080386893577392,-78.91032889189066,0.03157399699385333,-76.33725016989041,0.4138123556684952,-83.69617514319732,0.00026354995421457614,-82.03366160454316,0.0013895795081405446,-77.59938717919674,0.11712896756358299,L3,1.3649580176912974,0.4138123556684952,0.8689325811100115,deep,0.0992298719419206,-0.3822383586746419
02_11,10,Baseline,2,-71.98719277793437,0.976650577805363,-77.08638425209851,0.005959207281708343,-78.95834096036728,0.0009166594566782934,-76.25019299646377,0.013751236143829183,-82.55943529825304,2.5019154178048907e-05,-79.5849318012353,0.000489872520813512,-78.07949384527241,0.0022074276374298147,E,0.13645991545187508,0.976650577805363,0.9940157735641139,deep,0.005042547825030049,-0.01283457668715089
02_11,11,Baseline,2,-76.66801851141541,0.23374630293184032,-77.50322320667075,0.1013957986081499,-77.75998941975698,0.07843462249792621,-76.16356170310553,0.38710391067258365,-81.70643635806677,0.001515610768218145,-79.81815686217158,0.010015140529817442,-76.88693792656203,0.18778861399146424,L3,1.5088722292223704,0.38710391067258365,0.8970885906236318,deep,0.02296117611022369,-0.30866928817465744
02_11,12,Baseline,2,-71.39367293171013,0.8850997760462694,-77.57231535887051,0.0018350247199678917,-77.50615609049821,0.001960534658829155,-73.81441427379313,0.07864617836044603,-80.61093309674062,8.789962108227352e-05,-78.07302689286193,0.0011122070992232805,-74.73708582760635,0.031258379494181934,E,0.4485073387371778,0.8850997760462694,0.99807707565895,deep,-0.00012550993886126347,-0.07668564370161687
02_11,13,Baseline,2,-76.79398243765196,0.031582003208182614,-75.42796642147023,0.12379208888289947,-80.55375610202175,0.0007355136173186357,-73.54431944621216,0.8142361472097459,-83.36619654122048,4.417365696059992e-05,-80.86732877119414,0.000537536349701617,-76.87677589182809,0.029072537075191175,L3,0.647725060329167,0.8142361472097459,0.87616373746014,deep,0.12305657526558084,-0.8135006335924273
02_11,14,Baseline,2,-71.66052273408471,0.6395027288760702,-75.1936208764024,0.018682602549876536,-80.49483964917245,9.314237645574339e-05,-72.34562792691246,0.32233316849193844,-81.70783369202361,2.7691768674178748e-05,-78.56979269938674,0.0006385348160683062,-75.19150731579786,0.018722131120916558,E,0.8055244295207178,0.6395027288760702,0.9812897056814494,deep,0.018589460173420794,-0.3222400261154827
02_11,15,Baseline,2,-76.16200687472494,0.05578921252700185,-75.48093049796199,0.11023967989729712,-81.39766793903863,0.0002969829534835987,-73.48876300339423,0.8082119982183419,-82.35792629492397,0.00011368328560446712,-80.00407079722785,0.0011966387732589116,-76.99922831014707,0.024151804345012122,L3,0.67762258496423,0.8082119982183419,0.8896466368170983,deep,0.10994269694381352,-0.8079150152648583
02_11,16,Baseline,2,-72.64432032960553,0.3074624851014599,-74.12809201321852,0.06972656625078365,-78.62221635156004,0.0007791568216984561,-71.99990533068794,0.5856767868003425,-80.95821322855384,7.535539036222712e-05,-78.45934545852751,0.0009169777702982792,-74.80701661303016,0.035362671865054984,L3,0.9925367804158581,0.5856767868003425,0.9301980783588542,deep,0.06894740942908519,-0.584897629978644
02_12,1,Baseline,2,-85.48434729639166,0.0024536737350452976,-80.40875574106803,0.3927518315284613,-80.19632964159482,0.48570626100023057,-82.20577321242689,0.06511536019702982,-87.46240258343329,0.0003394363259864753,-85.56588230054463,0.0022615521757967582,-82.4428426424334,0.051371885037449765,L2,1.0794201908295604,0.48570626100023057,0.6069087321455522,deep,-0.09295442947176924,0.4205909008032007
02_12,2,Baseline,2,-86.15564137055541,0.005059521002489909,-81.15721797222344,0.7497165588831762,-82.73521305117688,0.1547328582230817,-83.6691306014324,0.060811723092177784,-89.70352715993563,0.0001456405070572679,-86.89694415275272,0.002410825049438796,-84.47653578285122,0.027122873242578078,L1,0.8153827182880199,0.7497165588831762,0.25013780060976626,shallow,0.5949837006600945,0.09392113513090392
02_12,3,Baseline,2,-84.61574379279642,0.0021625746940324587,-78.8134820578346,0.7159148496239266,-79.92094395897831,0.2365357439304447,-82.11784750573042,0.02629018792539419,-87.35979124554679,0.0001390741613929125,-85.31424691004625,0.0010755115217264625,-82.50324542082245,0.017882058143082656,L1,0.7697293631301221,0.7159148496239266,0.28394607621468043,shallow,0.4793791056934819,0.2102455560050505
02_12,4,Baseline,2,-88.01547433511503,0.0006003278263600673,-80.69744268720754,0.9048346792930726,-83.22065733955978,0.07256898305151492,-85.47971572889766,0.007579742366652983,-90.65043996520016,4.30563728322814e-05,-88.59020999850961,0.0003378966974350602,-84.86361832926373,0.014035314392132165,L1,0.3853208286596926,0.9048346792930726,0.09512226433409521,shallow,0.8322656962415577,0.06498924068486193
02_12,5,Baseline,2,-88.06698991859686,0.00220439507259099,-82.27941381482506,0.719120711404376,-83.39594037689687,0.23545096364561527,-85.56909363153086,0.026798593768877346,-90.82572300253725,0.00013969693453261172,-88.76549303584669,0.001096310016736498,-86.13684989417295,0.015189329157271315,L1,0.7604267128322413,0.719120711404376,0.2807395916610914,shallow,0.4836697477587607,0.2086523698767379
02_12,6,Baseline,2,-84.61159730605124,0.00617005433581059,-81.01812632241445,0.2243435602480812,-79.94054776435124,0.6590221767302858,-82.11370101898522,0.07500868684257397,-87.48280340398473,0.00034941377630279567,-85.31010042330107,0.003068548127449329,-82.96439598777683,0.03203755993949622,L2,0.9665607220172234,0.6590221767302858,0.775307025975616,deep,-0.4346786164822046,0.5840134898877118
02_12,7,Baseline,2,-87.16745936371075,0.0013282645954860017,-80.8279187710047,0.752509685399337,-82.16459752146514,0.19769691330745875,-84.66956307664475,0.01614756980479609,-88.21762324913541,0.00046473375343852055,-87.86278981822501,0.0006626838966985946,-84.01123032294298,0.03119014924278501,L1,0.7264365846890227,0.752509685399337,0.24702558084722445,shallow,0.5548127720918783,0.18154934350266266
02_12,8,Baseline,2,-87.12864185899076,0.0009787330017909245,-80.40092621908494,0.8174741167599571,-82.12578001674515,0.1456731543276676,-84.63074557192476,0.011898351819649268,-87.79063069721563,0.0005048543852549786,-87.82397231350502,0.0004882992452396188,-83.97241281822299,0.022982490460440506,L1,0.5991504969550718,0.8174741167599571,0.1820210288547879,shallow,0.6718009624322895,0.13377480250801832
02_12,9,Baseline,2,-85.52176446738737,0.0012504464675953822,-78.97373333172455,0.8726475899281737,-81.59455934327728,0.06347878691329302,-82.4471254128153,0.02706224860213641,-87.50417235622739,0.00017223297252832445,-85.52335527886939,0.0012484588243990666,-82.21478849040238,0.03414023629187388,L1,0.525072645157719,0.8726475899281737,0.12718017709929777,shallow,0.8091688030148807,0.03641653831115661
02_12,10,Baseline,2,-84.6708124451879,0.008123791910403832,-81.94827671827602,0.12363488621420002,-80.01223621351475,0.8569445901302247,-85.09670232214725,0.005306365577610526,-87.93954145244228,0.00030914898133188064,-85.40367575876033,0.0039037347208413288,-86.19041145651228,0.0017774824653879959,L2,0.4930485717050488,0.8569445901302247,0.8760559648044685,deep,-0.7333097039160247,0.8516382245526142
02_12,11,Baseline,2,-85.14964329273108,0.0010251602072823321,-78.55129583411022,0.7523460257821488,-79.89495217935588,0.19627956863944565,-81.97648303492257,0.024483738389470048,-87.150591395044,0.0001386088693085663,-85.04881562318891,0.0011339153663892075,-81.97203104487943,0.02459298274595524,L1,0.7316026168330575,0.7523460257821488,0.24751536534854246,shallow,0.5560664571427032,0.1717958302499756
02_12,12,Baseline,2,-84.24226699402358,0.00927994270663563,-82.73504348662789,0.04189132983431714,-79.69546335670509,0.8753808162453703,-84.4756419451357,0.00734838397580515,-87.50492193500912,0.0003552975867731987,-85.31831414884624,0.003163908777490571,-82.33367150130648,0.06258032087360806,L2,0.5234137684954694,0.8753808162453703,0.9577533725789098,deep,-0.8334894864110532,0.8680324322695652
02_12,13,Baseline,2,-87.46879623564652,0.0046128533944869215,-82.29866475690673,0.8115760532112943,-83.985223519268,0.15026784566411072,-85.91351732523385,0.0218483528341522,-91.41500614490838,8.915638769562032e-05,-89.35477617821782,0.0006996792106696762,-86.60832432512713,0.010906059297590328,L1,0.61779155916379,0.8115760532112943,0.18833479040100987,shallow,0.6613082075471837,0.12841949282995851
02_12,14,Baseline,2,-84.4508905393182,0.007481200317792894,-79.71586017628009,0.8518612082493314,-82.43183313469946,0.05634258559072441,-82.36636677037535,0.06015454606383728,-88.26216936399229,0.00016548320407470404,-85.56276617469118,0.0024608765657924514,-83.3936460631297,0.02153410000844685,L1,0.603220930752372,0.8518612082493314,0.14797330854659388,shallow,0.7955186226586071,-0.0038119604731128715
02_12,15,Baseline,2,-88.97178343231842,0.000145796720676113,-80.21666607379959,0.9247980662515196,-83.54815770052554,0.03305205623339975,-83.72299812281702,0.02775020861737677,-89.12575824285253,0.00012499059779760074,-87.21054054849219,0.0008484882284509953,-84.45995271732728,0.013280393350779277,L1,0.3502707225321351,0.9247980662515196,0.0750769431506829,shallow,0.8917460100181198,0.005301847616022978
02_12,16,Baseline,2,-86.54098701935845,0.004841460955071202,-81.40637414821481,0.8220731624802828,-83.33466142456564,0.11952698002964873,-84.33999008116965,0.04373783266419619,-91.2487337298206,4.369462487316352e-05,-89.18850376313004,0.00034290555541725327,-85.87388720869652,0.009433963690510661,L1,0.6248222174068825,0.8220731624802828,0.17788314289484403,shallow,0.702546182450634,0.07578914736545254
02_13,1,Baseline,2,-76.66306934877616,3.87573005620312e-05,-76.01267333153027,7.427059826356178e-05,-68.54525559989276,0.12997961228192026,-75.49422664634231,0.00012473130230662187,-66.75326381532383,0.7800588722859109,-69.97094977929257,0.03123950344991884,-69.34387567467608,0.0584842527811179,D1,0.7354992437133019,0.7800588722859109,0.21986685711582565,shallow,-0.1299053416836567,0.12985488097961365
02_13,2,Baseline,2,-77.17909340405998,0.00017924917353210552,-75.05316535500654,0.0015022284497908753,-70.92886899059489,0.09287421058578406,-76.8023140164679,0.00026127049667183465,-68.83911837294626,0.7506928806368194,-71.14674161262076,0.07469202912016112,-71.08061490398605,0.07979813153724061,D1,0.8449812941338531,0.7506928806368194,0.24780489091338972,shallow,-0.09137198213599318,0.09261294008911222
02_13,3,Baseline,2,-76.90076472970036,0.00018042019455698745,-74.94143596201658,0.0012800025028555783,-69.86138761079543,0.2058011444789487,-76.51259982416528,0.0002659885998400156,-68.72738897995629,0.6396422369878371,-70.82561327331364,0.0784675153534163,-70.87934363242437,0.07436269188254534,D1,1.0163914824859517,0.6396422369878371,0.35907776050930734,shallow,-0.20452114197609314,0.2055351558791087
02_13,4,Baseline,2,-79.07774387333959,6.642902082785055e-05,-75.02038262191043,0.0038410278271580863,-71.45313078369777,0.13604583245642923,-78.65171664865314,0.00010171362294507968,-69.82484868293076,0.6931690668099153,-72.8788249630976,0.03269746830104065,-71.46769745039856,0.1340784619616838,D1,0.9295989322831594,0.6931690668099153,0.3029899053629266,shallow,-0.13220480462927114,0.13594411883348415
02_13,5,Baseline,2,-79.32334698042132,8.208243801067457e-05,-76.40826622592805,0.0015144457937837715,-71.82250134463476,0.14853408204717783,-78.93518207488623,0.00012101191228356843,-70.19421924386775,0.756798125918954,-73.24819552403459,0.03569891375332793,-72.77586476955577,0.05725133813646218,D1,0.7885583604948467,0.756798125918954,0.24168742828726217,shallow,-0.14701963625339406,0.14841307013489427
02_13,6,Baseline,2,-79.64295670189377,7.743230586871778e-05,-74.59382929125772,0.012070641882075406,-72.14211106610722,0.1401193330966902,-79.25479179635869,0.00011415634857825512,-70.4613275842734,0.7524073910190637,-73.56780524550703,0.033676499820451025,-72.96500677190993,0.06153454552727262,D1,0.8302624069204967,0.7524073910190637,0.2355219670988608,shallow,-0.1280486912146148,0.14000517674811194
02_13,7,Baseline,2,-78.49174705879517,0.00018172420541510197,-76.11159194752712,0.0019638169740533256,-70.87258539842288,0.37014564536053796,-78.10358215326009,0.00026791106768336175,-70.66240673952436,0.4567221518577857,-72.41342293967287,0.07928579819798134,-72.27087602038495,0.09143295233654322,D1,1.1614921396118376,0.4567221518577857,0.5413140311681609,shallow,-0.3681818283864846,0.3698777342928546
02_13,8,Baseline,2,-78.31706828755526,5.029907214921289e-05,-76.11159194752712,0.00045644260813277183,-70.48441035122308,0.1268352864947302,-77.92890338202018,7.41545579588386e-05,-68.74094025588533,0.7251361158884532,-72.23874416843296,0.02194535436189492,-70.49497517944586,0.12550234701668073,D1,0.843952749919722,0.7251361158884532,0.2744074415034139,shallow,-0.12637884388659743,0.12676113193677135
02_13,9,Baseline,2,-76.6228515103319,7.417759543163e-05,-73.23844700934747,0.0021882702208119807,-70.64220038653487,0.029351921160014012,-75.65794383729076,0.00019468246160649544,-67.2511392685777,0.871677153889242,-69.85078774817737,0.06476534360560507,-70.56371444870031,0.031748451067288866,D1,0.525840252342893,0.871677153889242,0.12613457588994606,shallow,-0.027163650939202033,0.029157238698407518
02_13,10,Baseline,2,-75.57781196453254,9.217889351500954e-05,-75.96067661521907,6.285726575248067e-05,-68.08943963877283,0.16473666519520958,-76.94890808142341,2.3397637759143086e-05,-66.5219832231932,0.7898196640528484,-69.53702070446842,0.038735913408906315,-71.31748452305186,0.006529323546009058,D1,0.6439417981659254,0.7898196640528484,0.21011747868139907,shallow,-0.1646738079294571,0.16471326755745044
02_13,11,Baseline,2,-76.73594914467537,0.0006027294402886192,-73.78644712973264,0.01150998756756663,-71.69475430726006,0.09321493587895742,-75.83749466345769,0.0014801857828731185,-69.59537488543293,0.7607367616303535,-72.06436029435552,0.06441213055118948,-72.0095184584965,0.0680432691487712,D1,0.8542427623802953,0.7607367616303535,0.2277532508020798,shallow,-0.08170494831139079,0.0917347500960843
02_13,12,Baseline,2,-75.63448532236796,0.0011942499182471056,-73.42854673001263,0.010842318936754355,-69.13127944716247,0.7968959992806137,-77.45937796699928,0.0001925548290070618,-70.69694239125768,0.16651097712779958,-73.33340956655235,0.011924487520706335,-73.29113377678709,0.012439412386871778,L2,0.6455479683711726,0.7968959992806137,0.8226467039354459,deep,-0.7860536803438594,0.7967034444516067
02_13,13,Baseline,2,-80.09347033885028,2.5414235768676393e-05,-74.59339006999065,0.006219157641912929,-71.4316424928264,0.1468456517998109,-77.44547867057017,0.000358992374974514,-69.80336039205939,0.7481953808160065,-72.85733667222623,0.03529311378507473,-72.27690158251042,0.06306228934645185,D1,0.8257637069800318,0.7481953808160065,0.2455854615420807,shallow,-0.14062649415789796,0.14648665942483638
02_13,14,Baseline,2,-77.50255719444174,0.00028681470913799744,-76.28051100856185,0.0009734851596605157,-70.09174838421774,0.4743236647741735,-79.44923129066883,4.094224021793426e-05,-70.06646402650155,0.4864695372161868,-73.76224473981719,0.012078096071923087,-73.00220004959098,0.025827459828700196,D1,0.8616007783841136,0.4864695372161868,0.5125569776241526,shallow,-0.473350179614513,0.47428272253395554
02_13,15,Baseline,2,-79.14125036198342,3.950309026151953e-05,-74.96659856042226,0.0025683801950336298,-72.38230246782322,0.034041198732512386,-77.71016664169207,0.00016525051969146505,-69.11533455970272,0.8929578922366788,-72.31432311219977,0.03643576598087575,-72.38964962464942,0.03379200924494628,D1,0.4684752651011608,0.8929578922366788,0.10447372756828739,shallow,-0.031472818537478756,0.033875948212820924
02_13,16,Baseline,2,-76.71045394902347,0.00048041265819473043,-73.3808550473589,0.013416550567733788,-71.52831736398366,0.08554364770857434,-75.6002288934661,0.001458072292535919,-69.42359170101173,0.701872952406821,-72.47756798117855,0.03310803916611227,-70.87674426013216,0.16412032520002795,D1,0.9392513265231922,0.701872952406821,0.2847104970254452,shallow,-0.07212709714084055,0.08408557541603842
02_14,1,Baseline,2,-66.87135378316115,6.136040805167248e-09,-71.73304343615244,4.747699795432181e-11,-47.962273722123236,0.9999939382777637,-71.51543241254434,5.901881927256607e-11,-60.30373540609912,4.3668538727744854e-06,-61.34375935527697,1.5434479820091131e-06,-63.70757398933495,1.4517784498402072e-07,L2,8.301314164839198e-05,0.9999939382777637,0.9999956330986502,deep,-0.9999939382302867,0.9999939382187449
02_14,2,Baseline,2,-65.96083453998571,4.517651750117927e-09,-75.98478546828608,2.0024707201594325e-13,-46.74556355004721,0.9999974875296813,-71.12525395117079,2.5824617465521678e-11,-60.264331580302624,1.345465453453538e-06,-60.41370155754622,1.1587826773195112e-06,-66.16631880643655,3.6785110638168563e-09,L2,3.669879320414697e-05,0.9999974875296813,0.999998654534346,deep,-0.999997487529481,0.9999974875038568
02_14,3,Baseline,2,-66.0027502795659,9.145932357532206e-09,-75.55281166135626,6.511619650667963e-13,-47.49280051590683,0.9999931560920046,-71.15578417280801,5.288028658671381e-11,-59.83235777337281,4.375174726802165e-06,-60.412817632178935,2.448526947361153e-06,-65.81754101693895,1.1006857547685271e-08,L2,9.283891867117557e-05,0.9999931560920046,0.9999956248246221,deep,-0.9999931560913534,0.9999931560391243
02_14,4,Baseline,2,-65.90890539708629,1.0048088433222545e-08,-75.20476576933034,9.224494673596724e-13,-47.49302599528998,0.9999959756221881,-71.36373013747685,4.2961868764350324e-11,-60.40578116262757,2.466379698284319e-06,-60.87451162844372,1.543451126563315e-06,-66.72225749838097,4.4550144722992455e-09,L2,5.67975741611142e-05,0.9999959756221881,0.9999975336193795,deep,-0.9999959756212656,0.9999959755792263
02_14,5,Baseline,2,-65.8148553378682,5.765221236554723e-09,-75.47664611264852,3.670739447091186e-13,-46.84343705732749,0.9999959723988401,-70.96788923111029,3.3333567241370566e-11,-59.75619222466507,2.4663796903343044e-06,-60.22492269048122,1.5434511215882256e-06,-65.08417620929168,1.1971426164456071e-08,L2,5.685759212076818e-05,0.9999959723988401,0.9999975336199427,deep,-0.999995972398473,0.9999959723655065
02_14,6,Baseline,2,-66.39648321620051,5.76520627390836e-09,-73.28373850695839,5.884612667790826e-12,-47.425064935659805,0.999993377080207,-71.54951710944262,3.3333480729793494e-11,-59.64482989405092,4.93197233811385e-06,-60.80655056881354,1.543447115824626e-06,-63.19464083389091,1.416959147170951e-07,L2,8.988891482517521e-05,0.999993377080207,0.9999950680217772,deep,-0.9999933770743223,0.9999933770468735
02_14,7,Baseline,2,-65.05118604950201,1.808513196778379e-08,-73.73401978342832,3.0648900853398577e-12,-47.22302064777493,0.9999897272959544,-70.20421994274412,1.0456527820559911e-10,-59.35486761459412,5.385193905385913e-06,-59.458080739379476,4.857093402170404e-06,-65.44287694014044,1.222397603364824e-08,L2,0.00013557956290258293,0.9999897272959544,0.9999946148030298,deep,-0.9999897272928895,0.9999897271913891
02_14,8,Baseline,2,-64.83768977354212,4.137256807760772e-09,-76.08247881898713,5.4095687756028853e-14,-45.53445919245579,0.9999977055377868,-69.99072366678422,2.3920942898407504e-11,-59.205420221422195,1.1555162739463398e-06,-59.244584463419585,1.111136085700462e-06,-63.09441790458163,2.36486216098004e-08,L2,3.382101563362924e-05,0.9999977055377868,0.9999988444836718,deep,-0.9999977055377327,0.9999977055138658
02_14,9,Baseline,2,-63.706326814758484,8.448188395185329e-08,-74.06331898464705,2.6839785556231686e-12,-47.419628187806694,0.9999699107338121,-69.01044615399414,4.199657078728373e-10,-58.569604337954125,1.4375197390439377e-05,-58.48696324140315,1.5613648172934255e-05,-65.40098632094295,1.5516090994059173e-08,L2,0.00036483837296140626,0.9999699107338121,0.9999856247999257,deep,-0.9999699107311282,0.9999699103138464
02_14,10,Baseline,2,-64.97092879979795,2.502731048625361e-08,-74.43708955495985,1.937817174630627e-12,-47.46764025628333,0.9999903546771385,-68.38964829066776,8.197532957704961e-10,-59.567827252608744,5.558420117024559e-06,-60.52165523325301,2.141455923141069e-06,-60.6310254736413,1.919597819786692e-06,L2,0.00013058155883934573,0.9999903546771385,0.9999944415779451,deep,-0.9999903546752007,0.9999903538573852
02_14,11,Baseline,2,-63.101300611782314,1.5241824799495233e-07,-72.04936379351352,1.9812646993399742e-11,-47.404700728732436,0.9999624203938684,-67.5790705342819,1.7312755536656865e-09,-58.35188464329067,1.760686817423418e-05,-58.23562423786257,1.9777589802087826e-05,-64.41487366003237,4.0978819076827124e-08,L2,0.00044766041938871154,0.9999624203938684,0.9999823931120132,deep,-0.9999624203740558,0.9999624186625928
02_14,12,Baseline,2,-65.20228092887328,1.5038069622616227e-08,-71.5361933749136,2.6693705636579937e-11,-47.18968490419365,0.999915152057103,-67.14362608766454,2.158125027560785e-09,-56.9128464651927,5.9875304746051384e-05,-57.79670330238026,2.473965218948038e-05,-62.53868496935257,2.1576307274921882e-07,L2,0.0009330690852749671,0.999915152057103,0.9999401246685599,deep,-0.9999151520304093,0.999915149898978
02_14,13,Baseline,2,-65.35252292143778,1.8902994383005408e-08,-74.77777321741056,1.5247421678285637e-12,-47.56858146621855,0.999995960760644,-70.59418908749365,1.0002392980450607e-10,-60.48133663355614,2.466379661629961e-06,-60.95006709937229,1.5434511036251557e-06,-65.94964831315365,1.0404047891567905e-08,L2,5.707042484667563e-05,0.999995960760644,0.9999975336188137,deep,-0.9999959607591192,0.9999959606606201
02_14,14,Baseline,2,-62.024077187349626,2.6199825288755336e-07,-73.90293884446305,1.8170811632514742e-12,-46.86917618548957,0.9999730006488783,-68.75500874031428,3.12674139817643e-10,-58.182484956479605,1.2209017124012474e-05,-58.01204219968521,1.447781595946981e-05,-63.676294540615736,5.0205294140572e-08,L2,0.00033126971570182406,0.9999730006488783,0.9999877909810589,deep,-0.9999730006470612,0.9999730003362042
02_14,15,Baseline,2,-65.68128060033028,1.2106240179751652e-08,-73.87000405208282,3.3627290589569205e-12,-47.45176006141592,0.9999757392633111,-69.57789940285622,2.4588341810452764e-10,-58.512333145440124,1.571967657860117e-05,-59.126075883586495,8.509391830562453e-06,-65.21423387716108,1.9312793658688927e-08,L2,0.00029804025355863325,0.9999757392633111,0.9999842803200589,deep,-0.9999757392599483,0.9999757390174276
02_14,16,Baseline,2,-63.23107543501033,1.403225663874859e-07,-73.35174191881892,5.6464815302334005e-12,-47.45176006141592,0.9999933546612397,-68.48692115352972,7.320533387518049e-10,-59.88807166654858,3.971692425344554e-06,-60.356802132364734,2.485470162005189e-06,-64.3224085881635,4.7115906651114756e-08,L2,9.11382774825939e-05,0.9999933546612397,0.999996028301928,deep,-0.9999933546555932,0.9999933539291864
02_15,1,Baseline,2,-66.11441244112153,0.013223178338762496,-65.61928644275557,0.021695334183927474,-67.96881565480105,0.0020700401657157267,-65.85389934913522,0.01715833937712599,-67.0269272235997,0.005309281110583967,-70.22326355997245,0.00021721233656477,-61.850156388483896,0.9403266144873196,S,0.31035468094580454,0.9403266144873196,0.9729953847054885,deep,0.019625294018211746,-0.015088299211410262
02_15,2,Baseline,2,-67.87259664744474,0.0014455273077600673,-68.0757188815901,0.001179808267041637,-68.13983127646432,0.001106541676370697,-67.38518737140069,0.0023534526199273935,-67.62801222568287,0.0018460691516134276,-71.96190921174033,2.4213658833530903e-05,-61.341302969743005,0.9920443873184532,S,0.058983624597912926,0.9920443873184532,0.9969741225813449,deep,7.32665906709399e-05,-0.0012469109435566965
02_15,3,Baseline,2,-66.2065421793458,0.004156257611742706,-68.28423390253997,0.0005204420843506511,-68.46007569040415,0.0004365211487021406,-65.70774738535879,0.0068442566190452655,-67.83652724663274,0.0008143459441339971,-70.25305507869393,7.266482548598104e-05,-60.73632964909354,0.9871555117665393,S,0.08346233695199276,0.9871555117665393,0.9986652119715154,deep,8.392093564851052e-05,-0.006407735470343125
02_15,4,Baseline,2,-67.18017867666565,0.005324418136026602,-67.93618801051404,0.002500008424196105,-69.52778254958676,0.0005090034738889158,-66.98317472982708,0.006483804045850202,-68.4099506358875,0.0015566428392026278,-71.78223045475816,5.341047759079062e-05,-61.9612905444754,0.9835727126032449,S,0.10626363337558462,0.9835727126032449,0.9959433487366014,deep,0.001991004950307189,-0.005974800571961286
02_15,5,Baseline,2,-67.08612861744754,0.0024185468365205886,-68.20806835383223,0.000787593758187359,-68.87819361162427,0.00040296800383187175,-66.58733382346053,0.003982706737801639,-67.76036169792499,0.0012323634115895348,-71.13264151679567,4.2284020920385504e-05,-61.07044622124573,0.9911335372311487,S,0.06286505495973395,0.9911335372311487,0.9979800428302232,deep,0.00038462575435548724,-0.0035797387339697676
02_15,6,Baseline,2,-66.28003070204058,0.024084380979765452,-67.40288654188137,0.007835836999927707,-68.07209569621729,0.004012837287412152,-65.78123590805355,0.03966060320001511,-67.64899936731084,0.006126323857022425,-70.32654360138869,0.0004210728747631108,-62.63955051639519,0.917858944801094,S,0.3910423393239712,0.917858944801094,0.9860378391430498,deep,0.003822999712515555,-0.035647765912602956
02_15,7,Baseline,2,-66.34186808144136,0.017766414262542125,-66.25194574865213,0.019438043842450414,-69.4712734780316,0.000777170467489798,-65.84307328745433,0.02925658363176393,-67.14554081189415,0.007953699014828234,-70.54047833693383,0.0002667881397336131,-62.38988019391399,0.924541300641192,S,0.37027286756417255,0.924541300641192,0.9726082571427215,deep,0.018660873374960616,-0.02847941316427413
02_15,8,Baseline,2,-66.24482431964141,0.0071125689141520254,-67.3194271284516,0.0024284681794561093,-68.40379209823215,0.0008211049957866182,-65.74602952565438,0.011712519149815118,-68.21302219169361,0.000993685636427026,-70.28816455625396,0.0001247458579076512,-61.322398814114536,0.9768069072664555,S,0.13863295039401335,0.9768069072664555,0.9965778461841168,deep,0.0016073631836694912,-0.0108914141540285
02_15,9,Baseline,2,-66.04508147413729,0.003463443325014305,-67.86222260563021,0.0005627736036638952,-68.38690336230401,0.0003330180409903327,-65.69737212614383,0.004903614679440896,-67.6412551910135,0.000701937828667092,-70.46216344751706,4.180168210418783e-05,-60.3896464615935,0.9899934108401194,S,0.06805113779059357,0.9899934108401194,0.9987352885676691,deep,0.00022975556267356247,-0.004570596638450563
02_15,10,Baseline,2,-63.2823673444788,0.04656924777449527,-67.70225248604328,0.0005604895182953531,-65.08690564868235,0.00766298887406121,-64.54283357291773,0.013203397407711691,-64.02989942017047,0.022052110874820795,-67.36324044014953,0.0007866808096813056,-60.31078105970147,0.9091650847409344,S,0.4177952758222633,0.9091650847409344,0.9773873996068838,deep,-0.007102499355765857,-0.005540408533650482
02_15,11,Baseline,2,-64.34346076282168,0.0009332280908076936,-64.65462914435729,0.0006836740437080833,-69.16191212428136,7.5398197796327345e-06,-63.16940199809215,0.0030190829521228374,-66.03580970261075,0.00017179479315577602,-68.82309865023717,1.0580490155698253e-05,-57.37143742859196,0.9951740998102704,S,0.035526491877402123,0.9951740998102704,0.9991445311631363,deep,0.0006761342239284505,-0.0030115431323432047
02_15,12,Baseline,2,-63.0090919121944,0.0052241350783465475,-68.79955929215498,1.5967847160722803e-05,-64.92540281075262,0.0007687252544948467,-65.62974340358531,0.0003800842871807369,-64.5754218969168,0.0010908522420540537,-67.5301926109153,5.682315091198832e-05,-57.762191013559004,0.9924634121398511,S,0.05163604515735213,0.9924634121398511,0.9988931799107852,deep,-0.0007527574073341238,0.00038864096731410977
02_15,13,Baseline,2,-68.33176640869627,0.00014802103401596666,-65.80122525091514,0.00185918880117752,-67.8953678128362,0.00022900709400343225,-64.50566347216476,0.006791705192408945,-66.77753589913694,0.0007003532810560816,-70.1498157180076,2.403004869289312e-05,-59.523410406760924,0.990247694548645,S,0.0638666709288736,0.990247694548645,0.9974404579177663,deep,0.0016301817071740878,-0.0065626980984055125
02_15,14,Baseline,2,-64.88686816044817,0.04047486773549956,-68.34233129332588,0.0012778999913624553,-67.40945880806711,0.0032481661778835163,-66.9364086441832,0.005212923068312985,-67.89462463741866,0.001999555197910819,-71.48171633751835,5.534511139993575e-05,-61.733478429380725,0.9477312427176308,S,0.2481808731351125,0.9477312427176308,0.9967225448107268,deep,-0.0019702661865210608,-0.0019647568904294687
02_15,15,Baseline,2,-67.69979084576926,0.0002640490079131074,-65.8541893274069,0.001671933868140598,-68.73927964985307,9.337707989673753e-05,-64.45010702934682,0.006807760826374549,-65.76926565284043,0.00182012400957986,-69.28655774404132,5.40207279414775e-05,-59.471184053840005,0.9892887344801536,S,0.07036802989730442,0.9892887344801536,0.9965079421222796,deep,0.0015785567882438604,-0.006714383746477812
02_15,16,Baseline,2,-68.25794229624778,0.0001555494550161393,-67.8978825056617,0.00022296694021895877,-65.53683551045471,0.0023639057421350417,-66.88181733335854,0.0006159025066817275,-64.90329327637002,0.00445424449481044,-68.2755730952407,0.00015283102827610433,-59.49739275146995,0.9920345998328616,S,0.05547856365441874,0.9920345998328616,0.9953227885649706,deep,-0.002140938801916083,0.001748003235453314
02_16,1,Baseline,2,-76.5854343393362,1.7383805313220542e-11,-51.809959138622595,0.9999931285066053,-71.87967925533904,1.922331646962918e-09,-63.96348686927219,5.269713284197733e-06,-66.47183690610397,4.2896751692942564e-07,-71.59934410229575,2.5443469140236177e-09,-65.46988870362206,1.1683285310601727e-06,L1,9.325524068884867e-05,0.9999931285066053,6.442525877624206e-06,shallow,0.9999931265842736,-5.2677909525507705e-06
02_16,2,Baseline,2,-79.139377392419,1.506178875158902e-12,-51.91793254189833,0.9999996319226017,-75.2337302640407,7.483031066610341e-11,-67.30949323719673,2.067902043096286e-07,-70.59561046152535,7.73370113351815e-09,-74.81305493342289,1.1396579463688692e-10,-67.6083891067838,1.5336319072573113e-07,L1,6.1060824981052935e-06,0.9999996319226017,3.6034369731953786e-07,shallow,0.9999996318477713,-2.0671537399896248e-07
02_16,3,Baseline,2,-78.86104871805935,1.7792202269841958e-12,-51.80620314890836,0.999999646815753,-75.2337302640407,6.691971702892812e-11,-67.01977904489412,2.470744202426744e-07,-70.48388106853538,7.733701248697374e-09,-74.49192659411577,1.405126215080845e-10,-67.94279940035787,9.816691383975381e-08,L1,5.845400719066218e-06,0.999999646815753,3.454505456411922e-07,shallow,0.9999996467488333,-2.470075005256455e-07
02_16,4,Baseline,2,-79.30094452547947,4.744937092506435e-13,-50.92441656698271,0.9999999239099111,-75.76769643332358,1.6244285306818384e-11,-67.76146569946268,4.872618807531768e-08,-70.52356376789041,3.077503018635511e-09,-75.48736128028027,2.1500502921138468e-11,-68.45934083460008,2.4248178307922046e-08,L1,1.3829468608589855e-06,0.9999999239099111,7.301258566517693e-08,shallow,0.9999999238936668,-4.8709943790010864e-08
02_16,5,Baseline,2,-79.20689446626137,6.841510069477899e-13,-51.19629691030089,0.9999998246976768,-75.11810749536109,4.0821559279664204e-11,-67.36562479309613,9.500578446468562e-08,-69.87397482992792,7.73370262438346e-09,-74.83777234231778,5.40303274634956e-11,-67.63642714463039,7.24673001219877e-08,L1,3.049574522577136e-06,0.9999998246976768,1.675686206244234e-07,shallow,0.9999998246568552,-9.496496290540596e-08
02_16,6,Baseline,2,-77.0130707571151,1.0987844304490636e-11,-51.778840892089335,0.9999983476362673,-72.92428378621481,6.556168639326654e-10,-65.17180108394986,1.5258455474342744e-06,-68.37488670557447,6.200520735383694e-08,-72.6439486331715,8.677570008090915e-10,-68.35930983688428,6.297861597387529e-08,L1,2.4193456443919083e-05,0.9999983476362673,1.590358525117196e-06,shallow,0.9999983469806504,-1.5251899305703417e-06
02_16,7,Baseline,2,-78.2297289019353,3.33149386214681e-12,-51.8021296166395,0.9999989800172749,-73.80912963048938,2.7700071352745763e-10,-66.38845922877006,4.6263351891360583e-07,-69.32320282668503,2.4586354819659926e-08,-73.85743411525614,2.639383616608743e-10,-66.24834016308002,5.322185804795938e-07,L1,1.5899434473861278e-05,0.9999989800172749,9.9539636996225e-07,shallow,0.9999989797402742,-4.623565182000784e-07
02_16,8,Baseline,2,-78.2297289019353,3.33149386214681e-12,-51.8021296166395,0.9999989800172749,-73.80912963048938,2.7700071352745763e-10,-66.38845922877006,4.6263351891360583e-07,-69.32320282668503,2.4586354819659926e-08,-73.85743411525614,2.639383616608743e-10,-66.24834016308002,5.322185804795938e-07,L1,1.5899434473861278e-05,0.9999989800172749,9.9539636996225e-07,shallow,0.9999989797402742,-4.623565182000784e-07
02_16,9,Baseline,2,-77.6321066330514,1.3711154807114878e-12,-50.31671047219915,0.9999996729643453,-75.16055793594056,1.6235063634775824e-11,-65.94192240587971,1.637029616631357e-07,-69.2211276331167,6.164754714182977e-09,-73.63355358313943,7.475212783999671e-11,-65.98324889174265,1.570755799342527e-07,L1,5.464484658569717e-06,0.9999996729643453,3.208708999043439e-07,shallow,0.9999996729481103,-1.6368672659950092e-07
02_16,10,Baseline,2,-75.40313319329263,1.8511057795058613e-11,-50.69048104251195,0.9999993070258287,-71.32681953241918,1.090816669815299e-09,-65.32112454255333,4.4258017918425534e-07,-66.14351255217339,1.9446138999125e-07,-71.06837126567163,1.4125194033263453e-09,-67.43573405105383,5.3410755280339754e-08,L1,1.1119353915397997e-05,0.9999993070258287,4.985127815955318e-07,shallow,0.9999993059350121,-4.4148936251444004e-07
02_16,11,Baseline,2,-76.2895478403956,3.041153519255235e-13,-47.468178929586045,0.9999995924567517,-73.48035952437915,5.047232703527416e-12,-63.77301419648784,8.296594003084404e-08,-66.22795635097465,7.124132811028176e-09,-71.12109492966,5.341569989670503e-11,-62.431299168841385,3.1739440811365304e-07,L1,6.644550645611344e-06,0.9999995924567517,4.004191151924493e-07,shallow,0.9999995924517046,-8.296089279814051e-08
02_16,12,Baseline,2,-75.12985776100822,7.28895996591354e-11,-51.78778784862365,0.9999947594511468,-71.16531669448943,3.84099616343549e-09,-66.40803437322091,4.4720364467055714e-07,-66.68903502891972,3.376512020587311e-07,-71.23532343643741,3.5812969400706524e-09,-64.11079391051177,4.448198823661923e-06,L1,7.177117301555688e-05,0.9999947594511468,4.902897651035645e-06,shallow,0.9999947556101506,-4.4336264850712163e-07
02_16,13,Baseline,2,-77.25008811811173,1.0727713111379874e-11,-51.99189794678217,0.9999994589815684,-74.34877797253291,1.9522262014571243e-10,-67.73916161533911,1.4489388216776612e-07,-69.10464530709974,3.6985203809008724e-08,-74.0684428194896,2.5839145492928417e-10,-66.8327465455332,3.586750040144159e-07,L1,8.789000545869336e-06,0.9999994589815684,5.040332279703684e-07,shallow,0.9999994587863458,-1.446986595476204e-07
02_16,14,Baseline,2,-76.58064145734221,1.6575601627536135e-11,-51.757552401714335,0.9999997723997965,-74.07636524372371,2.027975207044229e-10,-67.28770706189903,1.80027739826105e-07,-70.43523032134136,7.733702219927136e-09,-74.75985461112069,1.0238279479638302e-10,-68.80408691412512,3.951700544814129e-08,L1,3.848827165906325e-06,0.9999997723997965,2.1986650119137464e-07,shallow,0.999999772196999,-1.7982494230540057e-07
02_16,15,Baseline,2,-76.8316088311446,1.388456223087362e-11,-51.831365747314045,0.9999995599588518,-73.48471960187065,3.9451881062061254e-10,-67.76900368290514,1.1977649462703945e-07,-70.12458968242221,1.1359353049427955e-08,-74.93450468079844,9.256228251308132e-11,-66.82321944780426,3.084043345078888e-07,L1,7.191375754307456e-06,0.9999995599588518,4.2868179479029285e-07,shallow,0.999999559564333,-1.1938197581641884e-07
02_16,16,Baseline,2,-79.31122676526215,1.3144078318116861e-12,-51.95359244192982,0.9999994535961226,-72.84423077399099,8.458840026202209e-10,-67.76685644097408,1.3563958958662766e-07,-68.0843877881724,9.873800660457909e-08,-73.04818530056227,6.898179421999043e-10,-66.93870840629016,3.104892645886333e-07,L1,8.969007322979925e-06,0.9999994535961226,4.476658705279129e-07,shallow,0.9999994527502386,-1.3479370558400743e-07
02_17,1,Baseline,2,-77.77907260947559,3.875266132345305e-05,-69.22931438171372,0.20017708134579504,-73.20917879199837,0.003740943944845879,-71.42809302692439,0.022207359352870736,-69.54812415516241,0.14553150728555708,-73.47422958027079,0.002869928690590269,-68.09007027222071,0.6254344267190174,S,1.0186587247810586,0.6254344267190174,0.6542914113686478,deep,0.19643613740094915,-0.018466415408024857
02_17,2,Baseline,2,-78.36302729801939,3.3252238109579044e-05,-69.01704337104962,0.3808291024090226,-74.78732895976093,0.0011877551959356973,-72.75558914940996,0.009059418601991161,-70.82851548984524,0.06223257681181182,-74.52386452325904,0.0015457814450862402,-68.65840260945927,0.545112113298043,S,0.9321835636020479,0.545112113298043,0.5569383207791656,deep,0.3796413472130869,-0.007871663406055465
02_17,3,Baseline,2,-79.7732600789789,9.664951957954581e-05,-71.46726928957834,0.3912421764406526,-76.28180289148017,0.003173366917848512,-74.20295829332646,0.025371785298397332,-73.27874140837396,0.06393421259915376,-76.08538516287095,0.0038620992084757552,-71.19764717112821,0.5123197100158925,S,1.019436839049551,0.5123197100158925,0.5448236109601936,deep,0.3880688095228041,-0.02219841838054882
02_17,4,Baseline,2,-80.58192218123882,6.669118082557252e-05,-71.86646036341205,0.40657941042918105,-76.60227278480315,0.003567863082088769,-74.973758076435,0.01818289920933399,-73.1049278317691,0.1178381170505197,-76.86732357307557,0.0027371467667918334,-71.76271048627041,0.4510278722812589,S,1.0867863580633348,0.4510278722812589,0.47558247252029906,deep,0.40301154734709227,-0.014615036127245221
02_17,5,Baseline,2,-80.65284651708063,4.728403866872808e-05,-71.3911037408706,0.4977810326777568,-76.69992081270028,0.0024629091069895033,-75.0825447314282,0.012412689502886856,-73.20257585966623,0.08134408887246737,-76.9649716009727,0.0018894625561561148,-71.59969437654037,0.40406253324507463,L1,0.9990965937161385,0.4977810326777568,0.42087487844977584,shallow,0.4953181235707673,-0.009949780395897353
02_17,6,Baseline,2,-80.1669930156135,4.436682699532212e-05,-70.26567751497991,0.8854112905144597,-76.21406731123314,0.002310958736426131,-74.59669122996107,0.011646882610419922,-73.4114579429919,0.038102193173491804,-76.47911809950556,0.0017728912483645433,-72.94559801954993,0.06071141688984284,L1,0.47991024749580125,0.8854112905144597,0.07648651631204877,shallow,0.8831003317780335,-0.00933592387399379
02_17,7,Baseline,2,-79.67568095275456,6.705909590688145e-05,-71.99693644720921,0.1449753148706851,-75.39094294782858,0.004867385745408496,-74.10537916710213,0.01760390523466301,-72.65180385642334,0.07531626216101124,-75.98463337391107,0.0026881858447820126,-70.34746866150994,0.7544818870475433,S,0.8008917560106456,0.7544818870475433,0.7797084229683037,deep,0.14010792912527661,-0.012736519489254514
02_17,8,Baseline,2,-79.6077503194946,3.4425012067088414e-05,-71.2496994813496,0.1468011506419664,-75.32301231456862,0.002498688817003079,-74.03744853384217,0.009037023865825295,-71.90456689056373,0.07626480381953728,-75.91670274065109,0.0013799892303007033,-69.60023169565031,0.7639839186133001,S,0.750551832798888,0.7639839186133001,0.7769340455384962,deep,0.1443024618249633,-0.006538335048822216
02_17,9,Baseline,2,-77.70003726631136,1.7607935723876844e-05,-67.6778394582103,0.39654606878692,-73.32643083792149,0.0013968236579819128,-71.55299271315285,0.008228789894728526,-69.47344141379656,0.06583754493723383,-73.3152500444356,0.0014125288897051916,-67.39426518831394,0.5265606358977066,S,0.9417794161475821,0.5265606358977066,0.5376163862758462,deep,0.39514924512893806,-0.006831966236746613
02_17,10,Baseline,2,-76.97524213445183,0.0005952726080059127,-70.75913098274172,0.2980840036021831,-73.0347897400983,0.03062193495356788,-74.4257702746247,0.007619692740991482,-70.13201116215136,0.5580760026958979,-73.41877117646644,0.020857949453624253,-72.0239631089555,0.08414514394572957,D1,1.1236275602220787,0.5580760026958979,0.1438399937019191,shallow,0.2674620686486152,0.0230022422125764
02_17,11,Baseline,2,-77.90047428627477,2.507383426024169e-05,-67.82796015521568,0.5938244249182528,-76.87689118737742,6.97842222214835e-05,-71.65490852987983,0.01293110074253432,-71.37127572637203,0.017171793477128727,-74.54868059643427,0.0007159558710774116,-68.2869197558504,0.37526186693452507,L1,0.8094291274426977,0.5938244249182528,0.38900378160461857,shallow,0.5937546406960313,-0.012861316520312836
02_17,12,Baseline,2,-76.78930608778738,0.0005379846651956339,-69.63413564363456,0.6890027219403457,-72.96062628778853,0.024748245000218008,-74.82949202222062,0.0038186190154881894,-72.36609509421683,0.044848303916537775,-75.71098173065113,0.0015815401244169598,-70.70782883767241,0.23546258533779765,L1,0.863472420469162,0.6890027219403457,0.26614897414311645,shallow,0.6642544769401277,0.02092962598472982
02_17,13,Baseline,2,-80.19051410065023,5.2796643926946155e-05,-70.69223084563264,0.7041388752880867,-77.42506522159134,0.0008387364270173259,-74.70884458781156,0.012684260073916336,-73.9277202685573,0.027701489375410754,-77.69011600986376,0.0006434508966798656,-71.71210688883471,0.25394039129496204,L1,0.7609943933339345,0.7041388752880867,0.2681596353365025,shallow,0.7033001388610693,-0.01184552364689901
02_17,14,Baseline,2,-78.02659350816147,0.0012567429843511279,-71.95235923228405,0.5460757580231904,-75.65817856106291,0.013422580333696988,-75.0046270002311,0.02580297896781838,-73.76383135107966,0.08923609393629657,-76.8870538697756,0.003927735611660775,-72.48592723681524,0.32027811014298574,L1,1.0930515960189224,0.5460757580231904,0.36468814804051297,shallow,0.5326531776894934,-0.012380398634121393
02_17,15,Baseline,2,-78.8113015718636,6.3227922034386695e-06,-67.649498920706,0.44505963619520644,-74.10579967739034,0.0006990084350048016,-71.35380024379532,0.010956215973580622,-69.48410085454253,0.07106581029353959,-73.25564760165929,0.0016356816129924835,-67.59374691649587,0.47057732469747254,S,0.9680274179703694,0.47057732469747254,0.48387455351125386,deep,0.44436062776020163,-0.01025720753857582
02_17,16,Baseline,2,-79.68969743628195,0.00011107401027712769,-71.08091789270007,0.6086363743808517,-75.49352547112963,0.0073788177149368365,-74.4162949995067,0.021668159875284226,-72.48047019771016,0.1501550907029548,-76.24286593901664,0.003487806249133448,-72.15189929018351,0.20856267706656173,L1,1.0538423243363808,0.6086363743808517,0.24120853491619337,shallow,0.6012575566659148,-0.01428934216034739
02_18,1,Baseline,2,-68.96749903804009,1.9304397695180193e-07,-64.45476130115615,1.7600027784444258e-05,-53.513176897080406,0.9939924447753664,-71.86478995502416,1.0650715849569795e-08,-58.766562219187904,0.005198365679017859,-61.169080584037054,0.0004703989657040322,-61.55126160214005,0.0003209868574346196,L2,0.03971189087744582,0.9939924447753664,0.994784034293198,deep,-0.993974844747582,0.9939924341246505
02_18,2,Baseline,2,-67.30974282900502,6.332971631191589e-07,-68.38625891934994,2.1581545632689788e-07,-53.043703690864,0.9937327866095895,-70.727374527791,2.07658137573053e-08,-58.406913979451566,0.0046564718869347935,-59.49178582044669,0.0015736318287303205,-63.26276945338202,3.623979631209882e-05,L2,0.04179052990047212,0.9937327866095895,0.9953433122976088,deep,-0.9937325707941332,0.9937327658437758
02_18,3,Baseline,2,-68.09889553444484,2.8774552166831797e-07,-68.27452952635997,2.4139690614804704e-07,-53.043703690864,0.9940204399994459,-71.50514171528783,9.543213784014454e-09,-58.295184586461595,0.005208421705296193,-60.238138860939024,0.0007462628460768532,-63.66122862974405,2.433676353962005e-05,L2,0.03898495701830556,0.9940204399994459,0.9947913368977979,deep,-0.9940201986025398,0.9940204304562321
02_18,4,Baseline,2,-67.83037188072531,1.6067871026171874e-07,-68.78046873817361,6.213503032201416e-08,-52.189944066407584,0.9965746400561825,-71.19875574241694,5.534620062168954e-09,-58.01462287187678,0.0029436350629657077,-59.84584775336424,0.0004716209689453274,-63.711960007346505,9.875563545967673e-06,L2,0.024305088941349667,0.9965746400561825,0.9970563028020041,deep,-0.9965745779211521,0.9965746345215624
02_18,5,Baseline,2,-67.91100059274713,1.8184550971623303e-07,-68.19836397765224,1.3642760313814025e-07,-52.394340232284655,0.9965579399221923,-71.31724677359011,6.0309907338383706e-09,-58.21901903775385,0.0029435857348993556,-60.05024391924131,0.0004716130657406327,-62.92786382209678,2.6536973064089904e-05,L2,0.024488682942083128,0.9965579399221923,0.9970562778374975,deep,-0.9965578034945892,0.9965579338912016
02_18,6,Baseline,2,-65.71717688360086,1.8211062338528725e-07,-68.78090795944067,8.506948051255206e-09,-50.20051652313839,0.9980108277734728,-69.12342306444384,6.039783351725802e-09,-56.719930913400404,0.001471599251271493,-57.85642021009504,0.0004723006332831446,-60.20569297045243,4.507568461799017e-05,L2,0.015655095031711263,0.9980108277734728,0.9985283922417807,deep,-0.9980108192665248,0.9980108217336895
02_18,7,Baseline,2,-67.16674005674093,6.871523206028774e-07,-66.24224137247214,1.7320391112241173e-06,-52.98742009869199,0.9886747264997119,-70.57298623758392,2.2789725656456727e-08,-57.604198151723004,0.009772646730356351,-59.458080739379476,0.0015306687716176886,-63.82030524284526,1.951601715645964e-05,L2,0.06665698864386863,0.9886747264997119,0.9902256212305323,deep,-0.9886729944606006,0.9886747037099862
02_18,8,Baseline,2,-66.93383502842106,1.307166292619927e-07,-68.80419668399084,2.0139240776179137e-08,-51.08536236741296,0.9982402191347736,-70.34008120926404,4.3352776819613105e-09,-57.668247034510976,0.001381416304916292,-59.069905692179674,0.00034008850824435426,-61.25834993132656,3.8120860918133916e-05,L2,0.013960801760793647,0.9982402191347736,0.998618563555843,deep,-0.9982401989955327,0.9982402147994959
02_18,9,Baseline,2,-65.80247206963742,2.616287807596944e-06,-66.78503684965077,9.794066652691636e-07,-52.970531362763865,0.9784227864737991,-69.35980369647396,7.460295352273286e-08,-57.03243115104291,0.01684480137321547,-58.31228447016324,0.004684170128285851,-62.96712877500019,4.457172727325129e-05,L2,0.11575087119301217,0.9784227864737991,0.9831542192201193,deep,-0.9784218070671338,0.9784227118708456
02_18,10,Baseline,2,-67.06707405467688,7.830658737423971e-07,-67.15880741996357,7.144288820200351e-07,-53.0185434312405,0.9885476915827454,-68.73900583314759,1.4712536462624413e-07,-58.030654065697526,0.006580602150645321,-60.34697646201309,0.0006490820513567125,-58.4747130864464,0.004220979595132253,L2,0.07231164828284241,0.9885476915827454,0.9934186834204727,deep,-0.9885469771538633,0.9885475444573807
02_18,11,Baseline,2,-65.82823031836094,3.3762243575666615e-07,-66.7992962801362,1.2785058218245973e-07,-50.927389282070635,0.9995035397599334,-69.44231076084095,9.096118414414414e-09,-58.77887719521045,0.0003889792737331042,-60.08916008824163,0.00010492472289935583,-64.00923073570858,2.0816742978617355e-06,L2,0.004546406484373466,0.9995035397599334,0.9996108928756848,deep,-0.9995034119093512,0.999503530663815
02_18,12,Baseline,2,-67.08492990779233,6.75716393549398e-07,-64.27731999227728,1.119680072986555e-05,-52.95408435511071,0.9262169056329445,-67.51239238250434,4.406764695766692e-07,-55.58916955424137,0.0664216626118163,-57.83552080710024,0.007026382510964781,-60.9161132720574,0.00032273605068160286,L2,0.28868479391486396,0.9262169056329445,0.9335671405874539,deep,-0.9262057088322145,0.9262164649564749
02_18,13,Baseline,2,-67.44866817631673,5.96239982802521e-07,-67.49949108241427,5.666944874282572e-07,-53.119484641175724,0.996566846718704,-70.94354662997347,1.8097336777362507e-08,-58.94416344664492,0.002943612043373861,-60.77538832813238,0.0004716172808107661,-64.11358033989859,1.674292530448374e-05,L2,0.024396399828389072,0.996566846718704,0.9970558212621388,deep,-0.9965662800242165,0.9965668286213673
02_18,14,Baseline,2,-65.28474758382796,8.892122876063716e-07,-68.75961946906567,2.753517051825805e-08,-51.35259798064729,0.9992200712521037,-71.23932904239302,2.306553783904021e-09,-58.7802745291673,0.0005941036365162476,-59.972326188044214,0.00018036852472998557,-63.65494491301975,4.537532638129328e-06,L2,0.006816506473710097,0.9992200712521037,0.9994058688283133,deep,-0.9992200437169332,0.9992200689455498
02_18,15,Baseline,2,-67.77742585520922,3.7512170198911263e-07,-66.59172191708652,1.227769576826412e-06,-53.00266323637309,0.9789715411755021,-69.92725694533604,4.370311678327398e-08,-56.975159958528906,0.01843048064207285,-58.95139711234658,0.002554275691709904,-63.05792148996618,4.2055896319492914e-05,L2,0.11010828555075203,0.9789715411755021,0.9815682915883502,deep,-0.9789703134059253,0.9789714974723853
02_18,16,Baseline,2,-65.32722068988927,4.4165875626005995e-06,-66.07345978382263,2.094109198387589e-06,-53.00266323637309,0.9944298201033233,-68.83627869600954,1.3216678214129176e-07,-58.350898479637365,0.004730042958126388,-60.18212336112482,0.0007578342407761221,-62.48634061490843,7.56598342310214e-05,L2,0.037125404661379875,0.9944298201033233,0.9952678629326751,deep,-0.9944277259941249,0.9944296879365411
02_19,1,Baseline,2,-76.21666804449639,0.0003413923417067438,-69.39428877677364,0.3134551748215547,-74.05734127012994,0.0029582677382696742,-71.72892868850424,0.030356675839917288,-70.04110646510615,0.16415952664690844,-72.32911319103138,0.016657023387641502,-68.98481375601627,0.4720719392240016,S,1.2088595422857715,0.4720719392240016,0.5223852985315368,deep,0.31049690708328503,-0.027398408101647613
02_19,2,Baseline,2,-76.57742208090029,0.0001439397281892568,-68.00778824833013,0.758447219729747,-76.28568464195216,0.00019269952234436167,-72.83322415884992,0.006085064345230747,-71.92316912294868,0.015118094485012687,-73.34963500547963,0.0036307035835150487,-69.26201480785497,0.21638227860596085,L1,0.6586539741417337,0.758447219729747,0.22643468578524026,shallow,0.7582545202074027,-0.0058923648228863855
02_19,3,Baseline,2,-76.29909340654066,0.00016559447981386187,-67.89605885534016,0.7386477717836084,-75.21820326215271,0.0004880569263108585,-72.5435099665473,0.007080680847260738,-71.8114397299587,0.014723432975267191,-73.02850666617252,0.004359569737031296,-69.04327565916931,0.2345348932507076,L1,0.6898918199804074,0.7386477717836084,0.24662879524112435,shallow,0.7381597148572976,-0.0065926239209498794
02_19,4,Baseline,2,-78.63134256905981,8.910808065035261e-05,-69.68297572291316,0.6857146571051279,-76.96521645393497,0.0004715268929292439,-74.83789680991508,0.003957215029408106,-73.06416945181311,0.023318985580374717,-75.2369883748364,0.0026550113709513296,-70.56519046565901,0.2837934959405582,L1,0.7458827454390263,0.6857146571051279,0.2909663573144972,shallow,0.6852431302121986,-0.0034856881364788623
02_19,5,Baseline,2,-78.7799019143416,6.991507414839203e-05,-69.4211153763316,0.8110360772901325,-77.237543253072,0.0003268953013634988,-75.02431847434823,0.0029895098376092944,-73.33649625095015,0.016166345829041705,-75.50931517397343,0.001840638901503519,-70.99802305338068,0.16757061776620086,L1,0.5681500177587577,0.8110360772901325,0.17279757688082556,shallow,0.810709181988769,-0.002662614536245796
02_19,6,Baseline,2,-77.22656703307499,9.403922889730274e-06,-65.67550758184225,0.9769457302526215,-75.68420837180541,4.3969033065927734e-05,-73.47098359308163,0.0004021038428894301,-71.09017116073709,0.0043482241669621936,-73.95598029270684,0.00024757502596419367,-69.66940062118361,0.018002993755606874,L1,0.12450370557183317,0.9769457302526215,0.018706045580416154,shallow,0.9769017612195556,-0.00035813480982350233
02_19,7,Baseline,2,-77.8415538547355,0.00015789694438041163,-69.59995553075044,0.5993139680483522,-75.96738289292028,0.0010287641755380777,-74.08597041474214,0.006751540698531097,-73.21271679962706,0.01616784422994403,-74.56779445163178,0.004170127844872602,-70.07574612847007,0.3724098580583816,L1,0.8064252747436624,0.5993139680483522,0.3845181877217038,shallow,0.5982852038728141,-0.005722776522993019
02_19,8,Baseline,2,-77.74451009293554,9.228692590308732e-05,-69.38645925479054,0.3935460323261683,-75.87033913112033,0.0006012876538693268,-73.98892665294218,0.003946111424904279,-72.1452354198276,0.02493872653365975,-74.47075068983183,0.0024373383597529733,-69.00826474867061,0.5744382167757421,S,0.8193322263214569,0.5744382167757421,0.5815152411401718,deep,0.39294474467229895,-0.0033448237710349523
02_19,9,Baseline,2,-76.12792832515215,0.00014063364504646438,-67.36729942045046,0.8969784817805189,-77.17324555567154,4.944401485348043e-05,-72.4263865693524,0.005697028503725821,-71.50941953635953,0.014252206784081465,-73.1308668970157,0.002816413863612648,-69.78348260382872,0.08006579140816128,L1,0.4079826170453276,0.8969784817805189,0.08876931143539969,shallow,0.8969290377656653,-0.005647584488872341
02_19,10,Baseline,2,-74.97614064137284,0.0012782876209380001,-68.91529950854266,0.5480478052338421,-73.4462552901301,0.005902681489356442,-72.97981822380542,0.009410666723165933,-69.60603397319562,0.2746858426611886,-71.73991409732729,0.03251650901928159,-70.36839653264835,0.12815820725222737,L1,1.1419427718472772,0.5480478052338421,0.17726635210496933,shallow,0.5421451237444856,-0.003507985233809491
02_19,11,Baseline,2,-76.15368657387566,9.505152630839259e-05,-66.95456629901612,0.939909996838243,-76.83807368265744,4.7943921123575464e-05,-72.08190108179961,0.0055758754692023065,-72.89292191139526,0.0024779423302994856,-74.48074996317429,0.0005064146182721644,-69.8609695722456,0.051386775296551335,L1,0.259785745199823,0.939909996838243,0.05761206083145777,shallow,0.9398620529171193,-0.005527931548078731
02_19,12,Baseline,2,-75.05222275156827,0.00013764691229092195,-66.16967334737632,0.9917647430259394,-74.70159137447963,0.00019545363239216213,-73.27679183342141,0.0008125055280127001,-73.8023427688561,0.00048037727389358927,-75.74979923537111,6.851929030661501e-05,-71.19110677143617,0.006540754337164433,L1,0.05410112376039031,0.9917647430259394,0.007754879700166833,shallow,0.9915692893935473,-0.000617051895620538
02_19,13,Baseline,2,-77.25008811811173,0.0004602336170309591,-69.7897238608931,0.7997852082347817,-76.89520628216361,0.0006562987255608439,-75.71809971053105,0.002129670668998886,-72.99415928004176,0.03245672886799297,-75.16697820306504,0.00369540020990145,-71.39380335013088,0.16081645967573321,L1,0.6259733776130993,0.7997852082347817,0.16775806289722536,shallow,0.7991289095092209,-0.0014733719434380421
02_19,14,Baseline,2,-79.3560930448208,3.000598824087898e-06,-66.77992672834668,0.8688955429238832,-73.47857567103601,0.0010709798440932726,-73.02493425951211,0.0016857581160163405,-70.69530760296523,0.017319655967900242,-73.50993095913732,0.0010379199719731565,-68.8467861693171,0.10998714257730996,L1,0.4603980104277287,0.8688955429238832,0.11378480110821682,shallow,0.8678245630797898,-0.0006147782719230679
02_19,15,Baseline,2,-77.47209765902427,0.00019068736721478217,-68.9887028335453,0.9217507148260132,-76.67163673938103,0.00042457819161834413,-74.80855816387356,0.0027357879204359097,-73.26686668950461,0.01278293344520771,-75.5846978848581,0.0012589521667756597,-71.70646154157778,0.060856346082734276,L1,0.3306664292840167,0.9217507148260132,0.06546635172877897,shallow,0.9213261366343949,-0.0023112097288175656
02_19,16,Baseline,2,-78.88423421334235,8.833757060937497e-05,-70.17841090796054,0.5333796885051997,-74.9636665317019,0.0044547810290601775,-75.42555012222618,0.0028069383030556636,-71.54690920919464,0.13573917731226068,-73.71972813221792,0.015454748578383038,-70.72729686696023,0.30807632870143137,L1,1.07492423257121,0.5333796885051997,0.3308811341825396,shallow,0.5289249074761395,0.001647842726004514
02_20,1,Baseline,2,-76.50779932989624,1.76206343079232e-08,-61.59197032805762,0.05295217051802054,-67.53600047717326,0.00013881112454996414,-63.68400083528833,0.006536216987433121,-63.85941883844931,0.005484580188298436,-66.25805545282647,0.0004982287043380171,-58.7214655080535,0.9343899748567257,S,0.2854553957427965,0.9343899748567257,0.9415632492936811,deep,0.05281335939347058,-0.0063974058628831565
02_20,2,Baseline,2,-74.85004312086117,8.787835848019518e-08,-65.5234679462514,0.0009871020851918173,-67.06652727095687,0.00021096961938635688,-62.546585408055165,0.019373394805871132,-63.49977059871297,0.007468659503858822,-64.5807606892361,0.002533813403105895,-58.63378201552438,0.9694259727042275,S,0.1668476959073717,0.9694259727042275,0.9915442384109493,deep,0.0007761324658054604,-0.019162425186484776
02_20,3,Baseline,2,-75.10545513640128,1.5829368817240014e-07,-65.94547924316116,0.001505187430220895,-66.53278658105714,0.0008366161556360193,-62.79061190565227,0.035296533793814214,-63.92178189562273,0.011388621880606797,-64.79337303982871,0.0047636950215252955,-59.50193299899817,0.9462091874245087,S,0.26249670706430195,0.9462091874245087,0.9871061906891724,deep,0.0006685712745848757,-0.0344599176381782
02_20,4,Baseline,2,-75.54535094382138,1.8172267418117204e-07,-65.0636926612355,0.006479410158819114,-67.06675275034002,0.0008742135404103157,-63.53229856022084,0.029964806679990637,-63.961464594977755,0.0195086420141139,-65.78880772599321,0.003137776463993793,-60.086405066500355,0.940034969419998,S,0.2969387607638616,0.940034969419998,0.9740119478270669,deep,0.005605196618408798,-0.02909059313958032
02_20,5,Baseline,2,-75.45130088460328,8.76774470419655e-08,-65.3355730045537,0.002168166822132567,-66.41716381237752,0.0007351293714142578,-63.136457653854286,0.019550431910472465,-63.31187565701526,0.016404888597642008,-65.13921878803072,0.0026385677331554076,-59.244082624170666,0.9585027278877363,S,0.219248822110941,0.9585027278877363,0.9814269445802254,deep,0.001433037450718309,-0.018815302539058207
02_20,6,Baseline,2,-73.36422531343696,5.499792729117176e-07,-65.81136884836219,0.0010483594345662949,-64.3300882412112,0.004611287518362009,-61.04938208268796,0.12263509819218671,-61.91953567064176,0.05137027391857156,-63.052143216864394,0.01655109281084057,-59.16926559442896,0.8037833381462,S,0.6853109468554661,0.8037833381462,0.9475813666468622,deep,-0.0035629280837957142,-0.1180238106738247
02_20,7,Baseline,2,-74.70704034859709,3.9413678444066454e-07,-63.3794503993736,0.03274588839271518,-67.01024367878485,0.0008676074870362741,-62.39219711784809,0.0878851361163793,-62.69705477098441,0.06479141029063047,-64.54705560816889,0.010187609226650431,-60.17922330011111,0.8035219543498039,S,0.7315965463638219,0.8035219543498039,0.9024627013166543,deep,0.03187828090567891,-0.08701752862934302
02_20,8,Baseline,2,-74.70704034859709,3.9413678444066454e-07,-63.3794503993736,0.03274588839271518,-67.01024367878485,0.0008676074870362741,-62.39219711784809,0.0878851361163793,-62.69705477098441,0.06479141029063047,-64.54705560816889,0.010187609226650431,-60.17922330011111,0.8035219543498039,S,0.7315965463638219,0.8035219543498039,0.9024627013166543,deep,0.03187828090567891,-0.08701752862934302
02_20,9,Baseline,2,-72.61494414799394,1.2032125887563689e-08,-61.738761236053335,0.0006365149228177867,-64.32465149335808,4.7948024702399654e-05,-59.72335814973887,0.004776249763070616,-59.69919372530554,0.004893070862404977,-61.60594974565356,0.0007269221248103465,-54.39040110712056,0.988919282270068,S,0.072989429267666,0.988919282270068,0.9944704142147772,deep,0.0005885668981153871,-0.004728301738368216
02_20,10,Baseline,2,-71.64753961163454,1.358329039360317e-06,-64.82975713676475,0.0012414530308889591,-62.62587584943561,0.011247701312888053,-61.09195740331148,0.052147812077353875,-59.58141337926074,0.23618756355677775,-61.36981771138457,0.03949688934633687,-58.55428897112236,0.659677222346715,S,0.9557415926831918,0.659677222346715,0.7625709834123331,deep,-0.010006248281999093,-0.04090011076446582
02_20,11,Baseline,2,-75.2899970938561,2.114436227292515e-08,-65.85797179067669,0.00026391928953788726,-63.028746378524474,0.00446877118490357,-63.18298812474414,0.003830026498767985,-61.95026733083284,0.013139099977115447,-64.38819873597943,0.0011475865795237937,-57.64121908639583,0.9771505753257891,S,0.13494395941093043,0.9771505753257891,0.9865969807333467,deep,-0.0042048518953656825,0.0006387446861355847
02_20,12,Baseline,2,-71.52953419823005,7.826179395651605e-07,-64.21909373519732,0.0011706680135307828,-62.61964303038579,0.005795172494417752,-63.52389377252638,0.002346147216245797,-61.83490606368619,0.01270203490190232,-63.244740089829484,0.003101631250662279,-57.494350230991145,0.9748835635053016,S,0.15013829669015313,0.9748835635053016,0.986127297084567,deep,-0.004624504480886969,0.0034490252781719547
02_20,13,Baseline,2,-73.70799081241353,2.875798732871336e-07,-65.91767776507507,0.0006951018698434665,-65.86133056550923,0.0007353934114608109,-63.72349075205715,0.006236942910691435,-62.756042410146975,0.01641078082249027,-64.58338554116244,0.0026395154405578856,-58.67330705339336,0.9732819779650829,S,0.151505686513119,0.9732819779650829,0.9828941173076663,deep,-4.029154161734442e-05,-0.005501549499230624
02_20,14,Baseline,2,-72.93179601366407,2.034475034201526e-06,-65.7900803579872,0.002570751307821094,-65.2686734227602,0.004330162755076013,-63.16528806063713,0.03548075693012926,-63.766383010448756,0.019450942790263298,-65.16804919481356,0.004788558166514019,-59.89546958088966,0.9333767935751621,S,0.3239498601415451,0.9333767935751621,0.9779783059019157,deep,-0.001759411447254919,-0.031150594175053246
02_20,15,Baseline,2,-73.82325221534613,3.714362073094618e-07,-65.22340487570722,0.0020172070669458105,-65.53101288474672,0.0014830576043432869,-63.24094175731945,0.014646143125912546,-63.56249050950955,0.010618824058797546,-65.53484591285523,0.0014773838835714622,-59.04807325239223,0.9697570128242221,S,0.17171733285427251,0.9697570128242221,0.9873639688742567,deep,0.0005341494626025236,-0.01316308552156926
02_20,16,Baseline,2,-72.87722535792543,3.117979260723823e-07,-63.317416948704036,0.004422270077279594,-66.91873867848601,0.00012067327726138077,-60.76223771425366,0.05693056633553387,-63.55050323687871,0.0035028147802723193,-65.37784636789418,0.0005633938931944228,-57.96410131503073,0.9344599698385324,S,0.2755900115780433,0.9344599698385324,0.9920749151424482,deep,0.0043015968000182135,-0.05680989305827249
03_01,1,Baseline,3,-63.35836960600294,0.009103638806252872,-58.69036185023909,0.9694044929546477,-69.93298139363203,1.2702739689326942e-05,-69.57649805178133,1.8143294358616186e-05,-62.55515067985797,0.02032584295877948,-65.48946885937086,0.0010806632241028753,-68.47630444418452,5.451602216898272e-05,L1,0.16034562618358317,0.9694044929546477,0.010269664086572674,shallow,0.9693917902149584,-5.440554669289244e-06
03_01,2,Baseline,3,-65.81526889728578,0.0025950849006932527,-59.86581663331428,0.9953271699033196,-73.09294487873379,1.7926563794218284e-06,-72.38876372980614,3.625092044514871e-06,-66.14518354537962,0.0018658273705058025,-68.5090921668981,0.00017548459170214998,-70.24215680203446,3.101548535508837e-05,L1,0.03374702772568003,0.9953271699033196,0.0028070027261744277,shallow,0.9953253772469401,-1.8324356650930425e-06
03_01,3,Baseline,3,-65.53694022292615,0.00306395292764751,-59.75408724032431,0.9948170703112074,-73.09294487873379,1.6023263017521467e-06,-72.09904953750353,4.329066167824431e-06,-66.03345415238965,0.0018648711444432312,-68.18796382759098,0.00021625052272582505,-70.10105266278877,3.192370150646485e-05,L1,0.036853966162470476,0.9948170703112074,0.0033180585443493764,shallow,0.9948154679849056,-2.726739866072284e-06
03_01,4,Baseline,3,-65.97683603034625,0.0008200525524172716,-58.87230065839866,0.9983945306487583,-73.62691104801667,3.903519186779773e-07,-72.8407361920721,8.568163004676547e-07,-66.07313685174468,0.0007447641604585961,-69.18339851375549,3.3208502519163066e-05,-70.86214437676686,6.1969676276871255e-06,L1,0.01323022125206902,0.9983945306487583,0.0008607051907832675,shallow,0.9983941402968396,-4.6646438178967735e-07
03_01,5,Baseline,3,-65.88278597112816,0.001180559990491912,-59.144181001716845,0.9968435765601886,-72.97732211005417,9.794226967700847e-07,-72.44489528570554,1.6680159371278783e-06,-65.42354791378219,0.0018686700067070008,-68.53380957579299,8.332266228681483e-05,-69.90142854504123,2.12233416916656e-05,L1,0.023897215366668938,0.9968435765601886,0.0012877534331042905,shallow,0.9968425971374919,-6.885932403577936e-07
03_01,6,Baseline,3,-63.68896226198189,0.01836836843534903,-59.726724983505285,0.9657136454223589,-70.7834984009079,1.523886722666249e-05,-70.25107157655927,2.5952710184962838e-05,-63.92445978942874,0.014514273594060594,-66.33998586664673,0.0012964198111276339,-69.31616132823179,6.610115969205752e-05,L1,0.17824389093998,0.9657136454223589,0.019772080983580347,shallow,0.9656984065551323,-1.0713842958300348e-05
03_01,7,Baseline,3,-64.90562040680209,0.0056966370997860935,-59.75001370805545,0.9878024387614842,-71.66834424518248,6.585744961339077e-06,-71.46772972137947,8.048791714953716e-06,-64.8727759105393,0.005886846848480755,-67.55347134873135,0.0004033401922237662,-68.27461390946299,0.00019610256134895633,L1,0.07679104749563255,0.9878024387614842,0.006310714390035109,shallow,0.9877958530165228,-1.4630467536146392e-06
03_01,8,Baseline,3,-64.90562040680209,0.0056966370997860935,-59.75001370805545,0.9878024387614842,-71.66834424518248,6.585744961339077e-06,-71.46772972137947,8.048791714953716e-06,-64.8727759105393,0.005886846848480755,-67.55347134873135,0.0004033401922237662,-68.27461390946299,0.00019610256134895633,L1,0.07679104749563255,0.9878024387614842,0.006310714390035109,shallow,0.9877958530165228,-1.4630467536146392e-06
03_01,9,Baseline,3,-65.90922020761737,0.0023614161259992977,-59.86581663331428,0.9949227209646231,-71.41855048093447,9.56094429805092e-06,-72.62241496818831,2.868593990289932e-06,-65.83818209677041,0.0025352686387295825,-68.93081288631383,0.00011505658982373166,-69.70390671915276,5.310814253569542e-05,L1,0.03621527251918203,0.9949227209646231,0.0025420103966470654,shallow,0.994913160020325,6.692350307760988e-06
03_01,10,Baseline,3,-66.64008150275708,0.00016910824252123222,-57.95905880132825,0.9960589281423656,-72.00030323931082,7.947857175246706e-07,-68.75065108456359,2.0490664995955395e-05,-63.63396087202667,0.003417483118690804,-67.22932004886559,9.381271977359262e-05,-66.29255853705043,0.0002393823259352773,L1,0.02790762051864134,0.9960589281423656,0.0005235887389435822,shallow,0.9960581333566481,-1.9695879278430726e-05
03_01,11,Baseline,3,-65.93497845634087,0.0022959840469186847,-59.88007606379973,0.9785422094198729,-69.37540840024124,7.35883603131374e-05,-72.70492203255529,2.6352372950729334e-06,-63.84844331163987,0.018498629993339528,-67.56929324778181,0.0004479143440278518,-68.73914368583817,0.00013903859823286948,L1,0.11441107837290206,0.9785422094198729,0.002959160586787616,shallow,0.9784686210595598,7.095312301806447e-05
03_01,12,Baseline,3,-65.59045597607309,2.5608558507765605e-05,-55.01934511656201,0.9985279983293442,-71.29535533530137,8.526657556789033e-08,-68.43624899483987,1.4875546444936383e-06,-61.60976453631031,0.0013714420439782618,-64.75668189867271,5.895065215217329e-05,-66.16423991019872,1.4427594797572507e-05,L1,0.011538337877102949,0.9985279983293442,0.00010055962667757295,shallow,0.9985279130627687,-1.402288068925748e-06
03_01,13,Baseline,3,-67.12842376237688,3.068926343203774e-05,-56.73733789879975,0.9994883046577883,-71.9944963112661,2.3641662249369593e-07,-70.36322493440977,1.208175893423152e-06,-64.44072211499412,0.00045106638124463256,-67.55098377700493,2.0112728099924312e-05,-68.42620511428838,8.382376919100737e-06,L1,0.004641000640276395,0.9994883046577883,6.062896096697963e-05,shallow,0.9994880682411658,-9.71759270929456e-07
03_01,14,Baseline,3,-63.25653296220899,0.027837051196217922,-59.705436493130286,0.9701632722682962,-71.9355798584168,4.73544779268154e-06,-72.36697755450844,3.0761493287199e-06,-65.98480340519562,0.0018186554552042434,-68.4558918445959,0.00015366337092802398,-70.51787974751225,1.954611223233005e-05,L1,0.1422157885177423,0.9701632722682962,0.028018072276499675,shallow,0.9701585368205036,1.6592984639616399e-06
03_01,15,Baseline,3,-63.50750033601139,0.02340293378742502,-59.779249838729996,0.9737084121543614,-71.34393421656375,9.245923840082675e-06,-72.84827417551455,2.054110339752838e-06,-65.67416276627647,0.0026810243985967877,-68.63054191427365,0.00013943172999525213,-69.52685865155088,5.689789544141719e-05,L1,0.13162233738496013,0.9737084121543614,0.02361056344704152,shallow,0.9736991662305213,7.191813500329836e-06
03_01,16,Baseline,3,-63.09521416849041,0.0005301820096883145,-55.553916004707986,0.9990084598184564,-71.34393421656375,1.3869199248196594e-07,-68.9352633330455,1.542140208719276e-06,-63.31371645808683,0.0004261187539245611,-66.42397812009764,1.900033119807072e-05,-66.69027637608228,1.4558254531548782e-05,L1,0.008688375810752616,0.9990084598184564,0.0005654214276191353,shallow,0.999008321126464,-1.40344821623731e-06
03_02,1,Baseline,3,-63.56216150578284,7.373336178886004e-06,-68.46266866349411,5.487832134328464e-08,-61.325199721976425,6.905008133141404e-05,-57.42467819919152,0.0034130226337102465,-60.75207758561489,0.00012248078910803085,-57.364965121478996,0.0036230324887445114,-51.75178253558104,0.9927649857926055,S,0.04881118545940506,0.9927649857926055,0.9998774643325706,deep,-6.899520301007076e-05,-0.0033439725523788325
03_02,2,Baseline,3,-63.39887922846702,7.046871911977241e-05,-71.87012996796817,1.4756349288567856e-08,-59.361252584040784,0.003994986805140669,-57.99523297963748,0.015659219998115332,-59.96543679395877,0.00218334055029324,-57.39564056556776,0.028521331895030238,-53.8902829387428,0.9495706372759514,S,0.25179404659556975,0.9495706372759514,0.9978166446933574,deep,-0.003994972048791381,-0.011664233192974664
03_02,3,Baseline,3,-62.907054278147484,8.951366288929453e-05,-71.9718968509381,1.0353286212830219e-08,-60.642230239800135,0.0008619655545599804,-57.49202251137497,0.020119062714923606,-60.06720367692869,0.0015318659903758728,-56.86101595030075,0.03781380775598726,-53.64825328722515,0.9395837739679779,S,0.2778286371397393,0.9395837739679779,0.998468123656338,deep,-0.0008619552012737676,-0.019257097160363626
03_02,4,Baseline,3,-62.49296498172803,0.00044433800075481083,-71.944095372852,3.492526258442398e-08,-60.96270013312312,0.0020525750059973377,-57.379724062103975,0.0738525971614337,-60.96087148012328,0.0020563318874087756,-57.00246553262569,0.10769785913242784,-54.97996232058696,0.813896263886715,S,0.6288879216288894,0.813896263886715,0.9979436331873286,deep,-0.0020525400807347534,-0.07180002215543636
03_02,5,Baseline,3,-62.39891492250994,0.00010819021138542057,-72.21597571617018,5.897835267984445e-09,-60.31311119516063,0.0008710458550276939,-56.98388315573742,0.02431679788029813,-60.31128254216079,0.0008726401529080158,-56.35287659466319,0.04570345712997544,-53.34188103149767,0.9281278628725701,S,0.31389454305969955,0.9281278628725701,0.9991273539492568,deep,-0.0008710399571924259,-0.023445752025270435
03_02,6,Baseline,3,-62.98054280084225,1.4024177588044291e-05,-70.02306811048004,1.2255965279253613e-08,-60.89473907349294,0.00011290949155021631,-57.565511034069736,0.003152069743454031,-60.19992021154663,0.00022619679619474418,-56.93450447299551,0.005924319686325276,-51.8152893252287,0.9905704678489223,S,0.06100577795481303,0.9905704678489223,0.9997737909478399,deep,-0.00011289723558493706,-0.0030391602519038146
03_02,7,Baseline,3,-61.65465438650374,0.000634175383914442,-70.2598531109901,1.161499584463266e-07,-60.90619106156796,0.00134048782056943,-56.23962261973123,0.14253705981191997,-59.69646165612994,0.00449408909259233,-55.76071341480136,0.2300993655325208,-54.76806314214587,0.6208947062085245,S,0.9494995795913708,0.6208947062085245,0.9955057947574492,deep,-0.0013403716706109836,-0.14119657199135055
03_02,8,Baseline,3,-61.65465438650374,0.000634175383914442,-70.2598531109901,1.161499584463266e-07,-60.90619106156796,0.00134048782056943,-56.23962261973123,0.14253705981191997,-59.69646165612994,0.00449408909259233,-55.76071341480136,0.2300993655325208,-54.76806314214587,0.6208947062085245,S,0.9494995795913708,0.6208947062085245,0.9955057947574492,deep,-0.0013403716706109836,-0.14119657199135055
03_02,9,Baseline,3,-60.9308752272799,0.0006726190030951421,-71.44313741604839,1.829581128851967e-08,-60.24881349776015,0.0013304077878350453,-55.66692890650094,0.12997863540264462,-59.765183483329515,0.0021578568219434743,-55.255405973464796,0.19615261945829376,-54.027457437988744,0.6697078432303767,S,0.8801771230966973,0.6697078432303767,0.9978421248822453,deep,-0.0013303894920237568,-0.12864822761480957
03_02,10,Baseline,3,-58.84746743022106,0.001734718664208839,-71.45784606770137,5.7891019014446875e-09,-57.841618392698045,0.004743115909353325,-57.501338216713314,0.006665696575112218,-58.62844363838522,0.002159483426924781,-54.194401963896226,0.18198253362565356,-52.71031363552934,0.8027144460096455,S,0.5695347281493096,0.8027144460096455,0.9978405107839734,deep,-0.0047431101202514234,-0.0019225806657588926
03_02,11,Baseline,3,-60.74313720004352,0.0014817151359257093,-71.24390057057394,4.077003926259596e-08,-58.41916769302682,0.01513741962858005,-55.53593969490804,0.270534003790273,-60.444148147697604,0.001998085245575457,-56.81878531558329,0.07500480490496256,-54.681384351497336,0.635843930524644,S,0.9213811132774256,0.635843930524644,0.9980018739843854,deep,-0.015137378858540787,-0.2553965841616929
03_02,12,Baseline,3,-59.43788147795622,0.0016179211507227848,-68.48901925439515,1.8971346718164632e-07,-58.73789255838777,0.003258056996864203,-54.2756232729911,0.28242140227974194,-59.816395818247216,0.0011080788439586156,-56.273116242121034,0.038317523367401685,-53.406866983977224,0.6732768276478436,S,0.7850132580913642,0.6732768276478436,0.9988917314425743,deep,-0.0032578672833970214,-0.27916334528287773
03_02,13,Baseline,3,-61.50958995415975,0.000995779232016588,-71.944095372852,2.9276215793156966e-08,-60.61126305213191,0.002445127335327981,-57.03717556404056,0.08719828728986938,-60.60943439913207,0.002449602715476259,-56.65102845163448,0.12829493614195514,-54.847841963239304,0.7786162380091389,S,0.7073228660445667,0.7786162380091389,0.997550368008308,deep,-0.002445098059112188,-0.0847531599545414
03_02,14,Baseline,3,-60.413150741470446,0.0007164622081973682,-72.13674237970396,5.80366225527397e-09,-58.63088011564358,0.00425817577913302,-57.54645425242,0.012594581867132292,-60.23204920569456,0.000858706370684985,-56.91544769134577,0.0236715350132848,-53.21497701858107,0.9579005329579053,S,0.21940510117176265,0.9579005329579053,0.9991412878256528,deep,-0.004258169975470764,-0.008336406087999272
03_02,15,Baseline,3,-62.799080874871755,3.409253992970868e-05,-70.07559296570474,2.3578181651392536e-08,-60.38769350934933,0.0003801120035548911,-55.06015263758361,0.07827682234614534,-58.53368277303611,0.0024271589399081574,-54.720289097868736,0.10995982677902696,-52.724701733507445,0.8089219638132532,S,0.6316549287526948,0.8089219638132532,0.9975728174819101,deep,-0.00038008842537323967,-0.07789671034259045
03_02,16,Baseline,3,-63.143736049390384,2.1917405132223573e-05,-72.33278241991944,2.238911890152956e-09,-57.39874564591085,0.0068518329509861375,-57.70535921755521,0.005042503217493572,-57.8812066725256,0.004229379000763787,-53.92280072502801,0.2215085349942636,-52.68686154834943,0.762345830192449,S,0.6249149763194438,0.762345830192449,0.9957706187603245,deep,-0.006851830712074247,0.0018093297334925654
03_03,1,Baseline,3,-64.37732910490242,0.00010622074080224962,-69.35547127205366,7.315258081895124e-07,-60.04422206621708,0.008091961397960989,-61.42288118534948,0.0020384954877632664,-59.72341371053541,0.011152676395582367,-57.77060804580279,0.07860891923842757,-55.33269734599922,0.9000009952136555,S,0.39748044787975384,0.9000009952136555,0.9888465920786096,deep,-0.0080912298721528,0.006053465910197722
03_03,2,Baseline,3,-64.2140468275866,0.000384713521667786,-72.76293257652772,7.454242957652737e-08,-58.08027492828144,0.17741925039759204,-61.99343596579544,0.0035443491288753436,-58.9367729188793,0.07534048106290851,-57.80128348989155,0.2345120603099437,-57.0267373201172,0.508799071036583,S,1.2085333065782764,0.508799071036583,0.9246594443946619,deep,-0.17741917585516245,0.1738749012687167
03_03,3,Baseline,3,-63.935718153226965,0.00044130495405011403,-72.65120318353775,7.238552807328858e-08,-59.14775630808089,0.05298149535879329,-61.70372177349282,0.0041122784528850286,-58.82504352588933,0.07316048776536657,-57.48015515058443,0.2807722565779367,-56.74006753817157,0.5885321045054401,S,1.0416092376503132,0.5885321045054401,0.9268394398491052,deep,-0.05298142297326522,0.04886921690590826
03_03,4,Baseline,3,-63.30813258084761,0.001633911415437388,-72.83689798141155,1.1883333189113591e-07,-59.68172247736377,0.06139859088496311,-61.37792704826193,0.011259163317644006,-59.93220760504381,0.04779407880506919,-57.408108456949485,0.5964532744119938,-58.15911595715334,0.2814608623315606,D2,1.0427060688076786,0.5964532744119938,0.9522058023615989,deep,-0.06139847205163122,0.05013942756731911
03_03,5,Baseline,3,-63.21408252162952,0.0006783429163619576,-73.10877832472973,3.421665152609681e-08,-59.03213353940128,0.04442696654409811,-60.98208614189538,0.0063211050159788,-59.282618667081316,0.03458297510535894,-56.75851951898699,0.4315833520848617,-56.64719155840399,0.48240722411668885,S,1.0059670915382128,0.48240722411668885,0.9654169906779895,deep,-0.044426932327446586,0.03810586152811931
03_03,6,Baseline,3,-63.15522157208216,0.0004030474122561198,-71.55635954691927,9.052911461754032e-08,-58.97327258985392,0.026396935042855788,-60.92322519234803,0.003755777436216322,-59.81174516434683,0.011413254232960256,-56.699658569439634,0.2564315909179598,-55.693158046754725,0.701599304428637,S,0.7687347816556727,0.701599304428637,0.9885866552379251,deep,-0.02639684451374117,0.022641157606639466
03_03,7,Baseline,3,-62.46982198562333,0.0013688025098150603,-71.15265571954964,2.3197117104778244e-07,-59.625213405808616,0.023536322283894337,-60.23782560588919,0.012755118689939227,-58.66779778105047,0.06131107415940097,-56.16635633912515,0.7479992113882956,-57.75312925511235,0.1530292389974836,D2,0.828514593230838,0.7479992113882956,0.9386886938694279,deep,-0.02353609031272329,0.01078120359395511
03_03,8,Baseline,3,-62.46982198562333,0.0013688025098150603,-71.15265571954964,2.3197117104778244e-07,-59.625213405808616,0.023536322283894337,-60.23782560588919,0.012755118689939227,-58.66779778105047,0.06131107415940097,-56.16635633912515,0.7479992113882956,-57.75312925511235,0.1530292389974836,D2,0.828514593230838,0.7479992113882956,0.9386886938694279,deep,-0.02353609031272329,0.01078120359395511
03_03,9,Baseline,3,-61.10555399851981,0.001615462819600959,-71.69545119672826,4.065959514143456e-08,-59.60832466988048,0.00721997015950259,-59.02464306477923,0.01294270650144348,-58.09603078037036,0.03275791818087938,-55.02056006990892,0.7095389691052201,-56.121661817631676,0.23592493257375835,D2,0.7984411866007226,0.7095389691052201,0.9672420411595255,deep,-0.007219929499907449,-0.0057227363419408905
03_03,10,Baseline,3,-59.70145253406062,0.005197894557418064,-72.31183117154094,1.734641004717689e-08,-56.987633288858476,0.07841952157122611,-61.07254865095149,0.0013193742008292388,-58.02677231522553,0.027741621581891317,-55.02703744013981,0.5570576551492468,-55.549814105795896,0.3302639155929786,D2,1.0269810091785776,0.5570576551492468,0.9722583610716988,deep,-0.07841950422481607,0.07710014737039687
03_03,11,Baseline,3,-61.5583047991631,0.004501806635766241,-72.13670317913348,1.1461640783017964e-07,-57.13819003726748,0.3741263418183252,-59.534142681066,0.0340776215361165,-59.41548427261813,0.03837089837146067,-57.224428239907084,0.34321440868404274,-57.73632197295978,0.2057088083378808,L2,1.324731341831933,0.3741263418183252,0.9616289870121315,deep,-0.3741262272019174,0.3400487202822087
03_03,12,Baseline,3,-63.77573763041401,1.376859988903129e-05,-69.06157744901485,6.970737268640714e-08,-58.20415186848804,0.0036190845682482035,-57.051074860469676,0.011464990872336683,-55.546470299049396,0.05161966381585606,-53.15607061310662,0.5635760968304745,-53.57766400474514,0.36970632560582295,D2,0.9157832311302176,0.5635760968304745,0.9483802664767713,deep,-0.003619014860875517,-0.00784590630408848
03_03,13,Baseline,3,-63.498987071058735,0.0005066680446471115,-71.66266846363214,1.4430511776177566e-07,-59.01004098243273,0.04510742443193383,-59.86114903241912,0.019258235829252894,-59.26052611011276,0.035112659214489396,-56.736426962018434,0.43819362325638916,-56.68390993649437,0.4618212449181698,S,1.055630793347075,0.4618212449181698,0.9648871964803928,deep,-0.045107280126816064,0.025849188602680935
03_03,14,Baseline,3,-61.65531089250981,0.001955762006804109,-72.60255243634371,3.443415345797225e-08,-56.92290990796445,0.22211180369416222,-61.11766468665817,0.0033482107432153906,-58.7763927786953,0.034802805613603695,-56.89409806374978,0.22860433617075365,-56.093294993567596,0.5091770473373074,S,1.1633743356149813,0.5091770473373074,0.9651971599522428,deep,-0.22211176926000878,0.21876359295094683
03_03,15,Baseline,3,-61.159041300452586,0.006176967668540171,-73.42360274780305,2.9130233686862248e-08,-57.71899005985069,0.19265070357086156,-61.51356279728032,0.004333198642037685,-59.85347793351544,0.022791572705810195,-57.17549627140749,0.3317469606412397,-56.88787911472532,0.442300567641277,S,1.1853138163691876,0.442300567641277,0.9772083981639562,deep,-0.19265067444062786,0.18831750492882388
03_03,16,Baseline,3,-61.503696474971214,0.004022466979134671,-72.05135551069958,1.0560935042527726e-07,-58.57297516369025,0.07538563217072992,-59.56859944411426,0.02785444118401046,-59.30774997098488,0.036155963296631156,-56.78365082289055,0.4512136908371249,-56.89079730952328,0.40536769992301847,D2,1.1619595714358484,0.4512136908371249,0.9638439310940184,deep,-0.07538552656137949,0.047531190986719464
03_04,1,Baseline,3,-84.14514338355235,4.401441918420893e-05,-84.27109746070606,3.880554744562001e-05,-74.17961640999788,0.9366306149463655,-81.88941054895906,0.000419998073162599,-79.5824491252773,0.004218401514508391,-76.977509381249,0.05707670199450541,-80.56989803969437,0.0015714635048284646,L2,0.26206254186349043,0.9366306149463655,0.9957427929380462,deep,-0.9365918093989198,0.9362106168732028
03_04,2,Baseline,3,-84.46707991523628,2.618520150864447e-05,-82.14706434258294,0.0002664562315890842,-73.94304823210136,0.9740579778946277,-82.95488851458477,0.00011879339692314827,-79.53334092330081,0.0036370689953657415,-77.76512616737737,0.021314612964399758,-81.3711354052528,0.000578905315586012,L2,0.1359151350602334,0.9740579778946277,0.9960964747730452,deep,-0.9737915216630386,0.9739391844977046
03_04,3,Baseline,3,-83.31535738467709,7.985954149339451e-05,-82.13237871139292,0.0002606681216196742,-73.94304823210136,0.9390072816201072,-81.84030234698257,0.0003490881251542775,-79.5186552921108,0.003558062566482616,-76.7646914954706,0.05587851562754158,-80.93113647966325,0.0008665243976013313,L2,0.2521349934000543,0.9390072816201072,0.9961812693118979,deep,-0.9387466134984875,0.9386581934949528
03_04,4,Baseline,3,-86.76360980789566,7.212728342624802e-05,-85.52051764866509,0.000250015906752239,-77.2912834935828,0.9373000161166941,-85.25069245104977,0.0003274547050968218,-82.85782589266412,0.0035839337853272677,-80.08917646483393,0.057117494181418725,-83.83495445418426,0.0013489580212842774,L2,0.2586847508598799,0.9373000161166941,0.9961660503079203,deep,-0.9370500002099419,0.9369725614115972
03_04,5,Baseline,3,-86.96069103407743,8.167593786780206e-05,-85.79239799198326,0.0002627104519238338,-77.61213217361981,0.9378246786864534,-85.4856359963829,0.0003570280956702842,-83.17867457270114,0.0035859399262398086,-80.41002514487094,0.05714946624026877,-84.75882847661367,0.0007385006615761683,L2,0.25505312937259733,0.9378246786864534,0.9961513496218364,deep,-0.9375619682345295,0.9374676505907831
03_04,6,Baseline,3,-83.13653212669199,8.156938852047829e-05,-83.38599411033323,6.356049104084374e-05,-73.78797326623437,0.9366012509545318,-81.66147708899746,0.00035656233902808327,-79.41846679840884,0.0033594057566963672,-76.5858662374855,0.05707491260199089,-79.72895696936648,0.0024627384681915098,L2,0.26291335098044977,0.9366012509545318,0.9965770337522628,deep,-0.936537690463491,0.9362446886155038
03_04,7,Baseline,3,-85.80884669851145,5.915791194087582e-05,-84.47676421468286,0.00022414492425464587,-76.12847553750821,0.9465522988583457,-84.33379166081691,0.0002585955814583612,-80.70643608581923,0.009726612405501258,-79.2550081465694,0.04152491527094935,-82.47793888650375,0.0016542750475498254,L2,0.2443556187580217,0.9465522988583457,0.9900492426702441,deep,-0.9463281539340911,0.9462937032768873
03_04,8,Baseline,3,-85.63416792727153,5.8125443110897675e-05,-82.55529773104384,0.0012632887057486039,-75.9537967662683,0.9300323489065602,-84.159112889577,0.0002540823748784422,-79.53220656803984,0.02596656029009086,-79.08032937532948,0.04080019089718194,-82.30326011526384,0.0016254033824289736,L2,0.314325573709901,0.9300323489065602,0.9727701510041604,deep,-0.9287690602008115,0.9297782665316817
03_04,9,Baseline,3,-84.269899940168,0.00047606530664378845,-83.31158948418235,0.001241239181657561,-77.12084192429955,0.6059865435976215,-82.46071153946728,0.002906612068695227,-80.92460530619073,0.013505464733987718,-77.6045843159934,0.37357373030180285,-82.69030292322213,0.0023103448095915056,L2,0.7724584621359747,0.6059865435976215,0.9852532960843549,deep,-0.604745304415964,0.6030799315289262
03_04,10,Baseline,3,-84.51554242630799,0.00036024316942603093,-84.89840707699453,0.00024565168633143233,-76.63511330287648,0.9528458312192891,-84.50861712563956,0.0003627466202575053,-82.9903096006448,0.0016557545406497638,-79.74602444582321,0.04245913039744658,-82.76670754021004,0.0020706423665997667,L2,0.211332576000385,0.9528458312192891,0.998098593773019,deep,-0.9526001795329577,0.9524830845990316
03_04,11,Baseline,3,-83.98511815113167,0.00013524052846239368,-82.00605375418846,0.0009785963826212454,-75.3338953747582,0.7731881202433437,-81.83479914269464,0.001161391220918322,-79.44531670812792,0.01266827769531616,-76.63512147513319,0.21046014124504736,-81.6420822547596,0.0014082326842908238,L2,0.6073065857212219,0.7731881202433437,0.9863531259220626,deep,-0.7722095238607225,0.7720267290224254
03_04,12,Baseline,3,-83.17478561422412,0.0001595059251747377,-83.18144479090766,0.00015844727581560685,-74.43569146714776,0.99567404310253,-84.37859818333575,4.785944570658994e-05,-83.19617891109131,0.0001561298094505167,-80.01002037838894,0.0037776080820697572,-84.97326182226514,2.6406359252583913e-05,L2,0.03029454306340098,0.99567404310253,0.9996854229147337,deep,-0.9955155958267145,0.9956261836568234
03_04,13,Baseline,3,-87.1388474455267,7.422978106816598e-05,-84.45303626886563,0.0010889580584974455,-77.6967877546312,0.9358636976146956,-84.47144702488659,0.001069092944363581,-83.26333015371253,0.003578441765357898,-80.49468072588233,0.0570299673359371,-84.27927404192832,0.001295612500080326,L2,0.2695979731146195,0.9358636976146956,0.9953326001761449,deep,-0.9347747395561982,0.9347946046703319
03_04,14,Baseline,3,-83.13109537883886,0.0016734944161026248,-83.79169817187802,0.0008644265948124847,-77.21087874986212,0.623363947731546,-82.8457629536671,0.0022260892139108444,-81.17797475259589,0.011799233022294662,-77.77015210215515,0.35632996932463235,-82.32616468333023,0.0037428396967012357,L2,0.7660048266188185,0.623363947731546,0.9873363403828931,deep,-0.6224995211367336,0.6211378585176351
03_04,15,Baseline,3,-86.50687188259967,0.0001530897872189388,-84.5060003453574,0.0011321753290357455,-77.90021076376841,0.8370890307283995,-84.41589058206866,0.0012389331115862212,-82.25505990741603,0.010751887171850466,-79.63142275191605,0.14822308137953571,-84.28527394608737,0.0014118024923736622,L2,0.5071367108442273,0.8370890307283995,0.9881159374991141,deep,-0.8359568553993637,0.8358500976168133
03_04,16,Baseline,3,-84.34779800267958,0.0014110156314498126,-83.34724938421382,0.0038376429750172163,-77.90021076376841,0.8906014223878045,-82.68442350486248,0.007446054158332278,-82.9903096006448,0.005483799242231382,-80.22166017281461,0.08739583097002378,-83.3507494018978,0.0038242346351410254,L2,0.4331254509778975,0.8906014223878045,0.9906785577827514,deep,-0.8867637794127873,0.8831553682294722
03_05,1,Baseline,3,-74.86775975547707,0.5075531474358348,-76.11942146951021,0.1451749715679148,-83.28620301730524,0.00011204644206015121,-75.40106463501436,0.29776260749961525,-82.18904456722397,0.000335650988925284,-80.96988974169896,0.0011359524286370718,-77.22771088330407,0.047925623637012665,E,1.1420965668427059,0.5075531474358348,0.85448937744316,deep,0.14506292512585467,-0.2976505610575551
03_05,2,Baseline,3,-74.99560876356111,0.04063405247174303,-71.86042559178817,0.9342925554101636,-82.85554731580882,1.5680582643761585e-05,-76.27245507704016,0.011333468160835393,-81.94584884164757,3.89438804417607e-05,-81.56341900422744,5.708557650935853e-05,-76.08807301286349,0.01362821391766306,L1,0.3040988143424805,0.9342925554101636,0.06566850070939462,shallow,0.9342768748275199,-0.011317787578191631
03_05,3,Baseline,3,-76.07589275440077,0.24233187831201652,-75.04818409999652,0.6772339886934763,-85.57277264620743,1.8195668510121952e-05,-77.38987543083684,0.0651261076634477,-85.13360734985592,2.822897317767555e-05,-82.79499085371954,0.00029264649072583446,-78.8602226028523,0.014968954198645959,L1,0.85109575888151,0.6772339886934763,0.32273778233334616,shallow,0.6772157930249662,-0.06510791199493758
03_05,4,Baseline,3,-77.38918241802044,0.22864441719874973,-76.30136027766979,0.678571717521396,-86.30082633909021,3.082356181012156e-05,-78.66530277530512,0.06381879096126357,-85.36737757281085,7.839249201339796e-05,-83.98451306348394,0.0003124963118298299,-79.46992604842248,0.028543361952937486,L1,0.8812149200089475,0.678571717521396,0.32134988998659075,shallow,0.6785408939595858,-0.06378796739945344
03_05,5,Baseline,3,-77.48921988240224,0.11583335283703904,-75.5057592411885,0.8418595422756379,-86.52463125732727,1.3797624625648534e-05,-78.80320255883831,0.031129934123524907,-85.5911824910479,3.509101851801095e-05,-84.20831798172101,0.00013988347077110877,-79.84453237906416,0.010988398649883558,L1,0.5539416376464451,0.8418595422756379,0.15810536670584427,shallow,0.8418457446510123,-0.031116136498899258
03_05,6,Baseline,3,-73.50979095613688,0.1442146277765591,-71.77956019905915,0.8136525382410431,-82.54520233106192,1.717829321912127e-05,-74.82377363257295,0.038757333292845995,-81.67570469787569,4.098246112903766e-05,-80.22888905545564,0.0001741574613464724,-77.3358578033797,0.0031431824738569615,L1,0.5932585151912039,0.8136525382410431,0.18630647929782765,shallow,0.813635359947824,-0.03874015499962687
03_05,7,Baseline,3,-75.75511297603656,0.013524680145250989,-71.47290013348947,0.9791932495088203,-84.45871205041595,2.244925599040807e-06,-77.06909565247261,0.0036347251603407603,-81.53713068682681,4.168968530849281e-05,-82.47103841261975,1.6384667970374194e-05,-77.0823057304265,0.0035870259067102223,L1,0.12003246362386577,0.9791932495088203,0.020765060805871385,shallow,0.9791910045832212,-0.0036324802347417195
03_05,8,Baseline,3,-76.55087182279615,0.2677252915605697,-75.68459939560734,0.6366587835932552,-85.25447089717555,4.443900736137025e-05,-77.86485449923221,0.07195052621162819,-85.46740303972481,3.591609362276537e-05,-83.26679725937935,0.0003243396488775264,-78.99406783788552,0.023260703884685242,L1,0.9205313771244112,0.6366587835932552,0.363305300313122,shallow,0.6366143445858938,-0.07190608720426682
03_05,9,Baseline,3,-74.50729750309297,0.05700192934185269,-71.76338182998822,0.8862515160407616,-82.83089686860865,1.3835545325461949e-05,-75.24453741202296,0.02727158196704636,-81.83293491663827,3.753234073105838e-05,-80.52948329664392,0.00013819346183831382,-75.17329313419796,0.029285411302444928,L1,0.4737027295873676,0.8862515160407616,0.11371095161850776,shallow,0.8862376804954362,-0.027257746421720897
03_05,10,Baseline,3,-73.6854586094335,0.7570551171586254,-74.99994337339956,0.2033546088686662,-82.73334329438536,8.905967536875317e-05,-76.7587023082955,0.03502956299298471,-81.86072021329339,0.00021313584575034412,-80.43891690507486,0.0008833601992656694,-79.09845334417189,0.003375155259339016,E,0.6800638138749339,0.7570551171586254,0.7964322552855836,deep,0.20326554919329742,-0.03494050331761595
03_05,11,Baseline,3,-78.60889374741441,0.02642711596869045,-75.17417292347193,0.8198418263807025,-82.74803877627443,0.00042115496471911056,-79.34077446443591,0.01271153547127411,-82.94859650910614,0.00034462026178276486,-82.17632027391038,0.0007459953414936937,-76.94516418364199,0.13950775161133752,L1,0.6005370940359686,0.8198418263807025,0.17981355335751487,shallow,0.8194206714159834,-0.012290380506555
03_05,12,Baseline,3,-73.66449695782897,0.4121792042692759,-73.32179859203268,0.5806548871798694,-82.92119799893544,3.935064847807334e-05,-78.12315729771095,0.004772154483984815,-85.18169427751829,4.104221901169482e-06,-83.38132066331923,2.483837385360306e-05,-78.84203695174426,0.002325460822637053,L1,0.7212780402233777,0.5806548871798694,0.4193410085982295,shallow,0.5806155365313913,-0.004732803835506742
03_05,13,Baseline,3,-78.73485767365096,0.0034314004493422945,-73.0989161382714,0.9618995309183288,-85.5418054585392,3.795347468511006e-06,-76.72153220754254,0.02569493621947606,-84.60835669225985,9.652575128926859e-06,-83.22549218293294,3.847809975136982e-05,-77.77928287656762,0.008922206390503852,L1,0.1935745029034389,0.9618995309183288,0.038090816506542086,shallow,0.9618957355708603,-0.02569114087200755
03_05,14,Baseline,3,-73.69844173188368,0.5382734853798291,-73.93205197300304,0.42613514043064726,-86.55037038548936,1.4108514586497361e-06,-76.5903220680423,0.02985900388312744,-84.01747522286244,1.7762483351564875e-05,-81.995437490925,0.00013417250034536649,-78.2677945648563,0.0055790244712405745,E,0.8320938936971227,0.5382734853798291,0.5738470970860012,deep,0.4261337295791886,-0.02985759303166879
03_05,15,Baseline,3,-78.10288211072395,0.006771668983119002,-73.15188021476318,0.9569484069937432,-86.38571729555608,1.712009243595865e-06,-76.6659757647246,0.028492871376605826,-83.60008644596334,2.7751739602177302e-05,-82.36223420896665,9.569353713138259e-05,-77.97937030432658,0.007661895360554718,L1,0.21584072627648482,0.9569484069937432,0.043023841266654525,shallow,0.9569466949844996,-0.02849115936736223
03_05,16,Baseline,3,-77.59355218140301,0.1911276345296784,-76.26305477281744,0.7230214263566715,-84.25075453595717,0.00024554847278808185,-79.20443420671626,0.038170364769980765,-83.80159544929239,0.0003847729652031751,-82.41873093996549,0.0015338220463417547,-79.028420251328,0.045516430859336265,L1,0.8310580428301162,0.7230214263566715,0.2765938006781253,shallow,0.7227758778838834,-0.03792481629719268
03_06,1,Baseline,3,-72.63575323407821,7.515711549945473e-05,-63.36787116899671,0.796086287836716,-67.32832682692137,0.015168970454458157,-71.28835000993246,0.0002891611137564036,-64.92884109348476,0.16712426830563748,-67.02081942057407,0.020630268255980272,-70.51616431721949,0.0006258869179523026,L1,0.6318218558346543,0.796086287836716,0.03678944385764659,shallow,0.7809173173822578,0.014879809340701754
03_06,2,Baseline,3,-71.51173771494288,0.0009014073443680996,-67.83310947709022,0.03568856098417611,-66.32511293080523,0.16122916904496531,-70.68467527259901,0.002061150704616782,-65.10293354364816,0.5473049542481426,-65.87726534688343,0.2523140008657535,-72.09957440288552,0.000500756807977647,D1,1.1133962708862104,0.5473049542481426,0.4170064847676813,shallow,-0.1255406080607892,0.15916801834034852
03_06,3,Baseline,3,-71.76714973048297,0.0004941518244033123,-67.18763939420053,0.04816332619462863,-66.85885362070496,0.06691235559594218,-70.92870177019613,0.0011428618234365796,-64.45746346075846,0.7386127743026035,-66.08987769747604,0.14436712882708225,-72.24183804809567,0.00030740143190365597,D1,0.8442262181055682,0.7386127743026035,0.213223899502768,shallow,-0.018749029401313545,0.0657694937725056
03_06,4,Baseline,3,-71.47921732440345,0.00047029212522234305,-67.90707488197405,0.016738998024451203,-65.98568524388855,0.11433478396813188,-70.60290704496524,0.0011296513497916257,-64.15749299381366,0.7114627743904222,-65.67817783754127,0.15549883700636,-71.73359735773042,0.00036466313562070107,D1,0.8621742631094986,0.7114627743904222,0.2717982275851266,shallow,-0.09759578594368068,0.11320513261834025
03_06,5,Baseline,3,-71.57925478878526,0.0005167688561604273,-67.11147384549278,0.045043169499024045,-66.20949016212562,0.11100830690371036,-70.7408068284984,0.0011951699216326745,-64.38129791205071,0.6907633466304681,-65.90198275577833,0.15097472547272517,-71.61522137842836,0.000498512716279075,D1,0.9403898504962326,0.6907633466304681,0.26419348387050773,shallow,-0.06596513740468632,0.10981313698207769
03_06,6,Baseline,3,-68.95843852771921,0.0008447293033745215,-67.26702527536145,0.004584468595666207,-63.58867390105957,0.18145824509680747,-68.11999056743235,0.0019536685372570687,-62.45521723577748,0.5636774766157006,-63.28116649471228,0.2467888170028247,-69.15700955887986,0.0006925948483694726,D1,1.0260448996210914,0.5636774766157006,0.43173805478863325,shallow,-0.17687377650114125,0.1795045765595504
03_06,7,Baseline,3,-70.60208922445918,0.0006718392362510477,-67.71730655183138,0.012025705380579175,-64.90051229725393,0.20110772873882854,-69.76364126417234,0.0015538127690315673,-63.830525908807836,0.5862973691795541,-64.9216445287167,0.19690246348027057,-69.83895934967819,0.0014410812154848935,D1,1.0331229105342283,0.5862973691795541,0.40167692543986666,shallow,-0.18908202335824936,0.19955391596979696
03_06,8,Baseline,3,-70.60208922445918,0.0006718392362510477,-67.71730655183138,0.012025705380579175,-64.90051229725393,0.20110772873882854,-69.76364126417234,0.0015538127690315673,-63.830525908807836,0.5862973691795541,-64.9216445287167,0.19690246348027057,-69.83895934967819,0.0014410812154848935,D1,1.0331229105342283,0.5862973691795541,0.40167692543986666,shallow,-0.18908202335824936,0.19955391596979696
03_06,9,Baseline,3,-71.60568902527446,0.0004537393430444738,-67.83310947709022,0.019734081534485307,-64.65071853300591,0.4756765527293285,-70.91832651098117,0.000902244378702515,-64.79593209503895,0.41138295725823065,-66.29898606629916,0.09151204279739696,-71.89903661106764,0.00033838195881170984,L2,1.027656800669894,0.4756765527293285,0.5688829612072842,deep,-0.4559424711948432,0.474774308350626
03_06,10,Baseline,3,-70.735328250715,0.0010310171137034006,-66.07191728780411,0.10928473969831973,-66.83369336108146,0.0510181113228897,-68.16256588805588,0.013508352079305036,-64.19293293999439,0.7154710341065478,-66.19871529855011,0.09627019373417689,-68.16938489026145,0.013416551945057528,D1,0.9817009401343415,0.7154710341065478,0.17524422619513255,shallow,0.05826662837543003,0.03750975924358466
03_06,11,Baseline,3,-68.40959438223962,0.0002444720727531852,-63.13104208409807,0.047937500985340234,-62.456188183904764,0.09413707830711768,-66.89588245121026,0.0011107747363848016,-60.4538525238776,0.6972106994923141,-61.932991562440684,0.1588481352110715,-67.67166230603871,0.0005113391950184775,D1,0.9252492529197988,0.6972106994923141,0.2548517995223457,shallow,-0.046199577321777444,0.09302630357073288
03_06,12,Baseline,3,-67.63807935005204,0.0026144514187257774,-66.2084908520963,0.010920511293296974,-62.3925606277739,0.4959985559222182,-71.27769034034243,6.866218298723401e-05,-62.690832042761755,0.36808047645722536,-63.7940077816172,0.12213486212227731,-70.30024503811262,0.00018248060326908085,L2,1.0395748375556058,0.4959985559222182,0.6209990122494776,deep,-0.48507804462892123,0.49592989373923096
03_06,13,Baseline,3,-71.11692237235485,0.0014786418586142623,-66.41260095025481,0.1632765559656416,-66.93463457101669,0.0968740619669831,-70.36710668488178,0.0031297079417082242,-65.10644232094178,0.6028112049672558,-66.62712716466939,0.13175171587455678,-71.89649003625462,0.0006781114252401184,D1,1.1268296528945076,0.6028112049672558,0.2339122390671025,shallow,0.06640249399865851,0.09374435402527488
03_06,14,Baseline,3,-67.49734535286683,0.0007115026340193294,-63.30576005590845,0.047049918675699035,-63.03278515088934,0.061817348342344675,-66.87818238710324,0.0013215255730001884,-60.57558412246638,0.7215380188514801,-62.03935831438316,0.16693606237708727,-67.62597564587372,0.0006256235463693785,D1,0.8687439024221484,0.7215380188514801,0.23141206247282087,shallow,-0.01476742966664564,0.06049582276934449
03_06,15,Baseline,3,-71.44568005124735,0.00018806078076125557,-65.50483178492708,0.0715114945587819,-66.81781316621405,0.0192377947089625,-69.35081700024433,0.0015278675186352279,-63.137438832825765,0.7629947510783598,-64.8031359488836,0.14425088432648864,-71.01550995756213,0.0002891470280106249,D1,0.7642140970094048,0.7629947510783598,0.16549375436285824,shallow,0.0522736998498194,0.01770992719032727
03_06,16,Baseline,3,-68.9954748859274,0.005715468712822114,-64.98656965166317,0.3148453426804585,-66.81781316621405,0.050442699469332324,-68.25983875091784,0.011927091907297755,-64.51317735393422,0.5054624942561763,-66.03386219766183,0.11047497189787958,-70.61472610327229,0.0011319310760333013,D1,1.1927882046296547,0.5054624942561763,0.17969216306336508,shallow,0.26440264321112616,0.038515607562034565
03_07,1,Baseline,3,-65.02752230896209,1.4060821377460089e-06,-76.41055275491007,1.6011181519785493e-11,-51.552892908721404,0.9999260561420267,-72.06858185480407,1.2306013400595738e-09,-62.28925077252611,2.173836664547381e-05,-61.63489064067682,4.182268432026058e-05,-63.17383329943522,8.975478257142468e-06,L2,0.000852269262248362,0.9999260561420267,0.9999782616173432,deep,-0.9999260561260155,0.9999260549114254
03_07,2,Baseline,3,-63.26301796194708,5.71157131213933e-06,-80.35175474928384,2.1637720875393603e-13,-51.190167840484946,0.9998337491441489,-71.03791456555084,2.3997218797549673e-09,-62.03635067076972,1.9475581751197432e-05,-60.064344015066396,0.00013993361319850897,-64.88534115067719,1.1276896509628776e-06,L2,0.0017037424187269863,0.9998337491441489,0.9999805244180324,deep,-0.9998337491439325,0.999833746744427
03_07,3,Baseline,3,-64.0521706673869,2.5945581911595193e-06,-80.24002535629387,2.4197330164123666e-13,-51.190167840484946,0.9999085213566908,-71.81568175304767,1.1025883283599269e-09,-61.92462127777975,2.1779423280573843e-05,-60.810697055558734,6.634642378391004e-05,-65.28380032703922,7.571352229701132e-07,L2,0.00100762549000529,0.9999085213566908,0.9999782205764772,deep,-0.9999085213564488,0.9999085202541025
03_07,4,Baseline,3,-63.95832578490729,2.850575295727219e-06,-79.89197946426795,3.427951332761988e-13,-51.1903933198681,0.9999427407741311,-72.02362771771651,8.958110035746556e-10,-62.498044667034506,1.2277912911562532e-05,-61.27239105182352,4.182338216796363e-05,-66.18851680848125,3.06459339983321e-07,L2,0.0006587694082428853,0.9999427407741311,0.9999877220867458,deep,-0.9999427407737883,0.9999427398783202
03_07,5,Baseline,3,-63.86427572568919,1.635555744496159e-06,-80.16385980758614,1.3640991133757884e-13,-50.5408043819056,0.9999434389042062,-71.62778681134996,6.95048845082006e-10,-61.84845572907201,1.2277921483633626e-05,-60.62280211386102,4.182341136779653e-05,-64.55043551939195,8.235120126031126e-07,L2,0.0006504037295409217,0.9999434389042062,0.9999877220783799,deep,-0.9999434389040698,0.9999434382091574
03_07,6,Baseline,3,-63.91216291412178,1.6355226890684747e-06,-77.43721151199627,2.186767444945706e-12,-50.58869157033819,0.9999232295300262,-71.67567399978255,6.950347977852966e-10,-61.20335270855813,2.4551492491097057e-05,-60.67068930229361,4.1822566095017156e-05,-62.2339075920714,8.760191476996967e-06,L2,0.000882854083441536,0.9999232295300262,0.999975448505322,deep,-0.9999232295278394,0.9999232288349914
03_07,7,Baseline,3,-63.120015189682995,6.228869579499195e-06,-78.20773720240605,1.7453994029273694e-12,-51.13388424831294,0.9998152688929209,-70.88352627534377,2.647032130800922e-09,-61.23363484304116,4.1082211396072194e-05,-60.030638933999185,0.00013680699324667052,-65.44287694014044,6.103840791302071e-07,L2,0.0019002528720696397,0.9998152688929209,0.9999589177868584,deep,-0.9998152688911756,0.9998152662458888
03_07,8,Baseline,3,-63.120015189682995,6.228869579499195e-06,-78.20773720240605,1.7453994029273694e-12,-51.13388424831294,0.9998152688929209,-70.88352627534377,2.647032130800922e-09,-61.23363484304116,4.1082211396072194e-05,-60.030638933999185,0.00013680699324667052,-65.44287694014044,6.103840791302071e-07,L2,0.0019002528720696397,0.9998152688929209,0.9999589177868584,deep,-0.9998152688911756,0.9998152662458888
03_07,9,Baseline,3,-61.75574720257948,2.395648997091138e-05,-78.75053267958467,9.969689510362684e-13,-51.11699551238481,0.9994805343441959,-69.67034373423381,8.753013267127169e-09,-60.66186784236106,7.153012054552621e-05,-58.88484266478295,0.0004229034087834817,-64.86724563104322,1.066882493878442e-06,L2,0.0047570950074042806,0.9994805343441959,0.9999284698784575,deep,-0.999480534343199,0.9994805255911826
03_07,10,Baseline,3,-63.02034918761893,7.099142046485698e-06,-79.12430324989747,7.200248410623643e-13,-51.16500758086144,0.9998050060295794,-69.04954587090744,1.7090667151740527e-08,-61.66009075701568,2.7666778708519676e-05,-60.919534656632806,5.802004006371942e-05,-60.353480314893446,0.00010219091821437823,L2,0.0020747830782945763,0.9998050060295794,0.9999723332205711,deep,-0.9998050060288595,0.9998049889389123
03_07,11,Baseline,3,-61.15072099960331,4.321501962852329e-05,-76.73657748845113,7.358397518186351e-12,-51.102068053310546,0.9993307238045338,-68.23896811452157,3.607846952897116e-08,-60.444148147697604,8.75982449843528e-05,-58.633503661242365,0.0005356095530225193,-63.88113297013265,2.817292002780955e-06,L2,0.005992632494575901,0.9993307238045338,0.9999124017476572,deep,-0.9993307237971754,0.9993306877260643
03_07,12,Baseline,3,-63.03820504073438,6.533015047543305e-06,-76.24281582221118,1.203438941279993e-11,-51.100548504731655,0.9990150226163275,-67.8229324202642,5.459249715806846e-08,-59.21860624555953,0.00029781347101781396,-58.40807900171995,0.0006698103403338028,-62.53868496935257,1.0765952741798497e-05,L2,0.008499833781255508,0.9990150226163275,0.9997021865169479,deep,-0.9990150226042931,0.9990149680238303
03_07,13,Baseline,3,-63.40194330925878,5.362638182714264e-06,-79.46498691234817,5.666139944681821e-13,-51.26594879079667,0.9999400145574987,-71.25408666773332,2.0856237533066872e-09,-62.57360013796307,1.2277879437395524e-05,-61.34794652275209,4.18232681418345e-05,-65.73615203719376,5.195705491330743e-07,L2,0.0006931242589592795,0.9999400145574987,0.9999877221199962,deep,-0.999940014556932,0.9999400124718749
03_07,14,Baseline,3,-64.4404668561684,2.14264109351089e-08,-77.5226711596012,4.460877423758068e-14,-46.781836799869616,0.9999885363477881,-69.62840259651384,1.1963481034526925e-10,-59.20726708108708,4.015126336492724e-06,-58.6234178990249,7.198826272976734e-06,-62.07507247091655,2.2815351235251377e-07,L2,0.00015046917652825637,0.9999885363477881,0.9999959848736192,deep,-0.9999885363477434,0.9999885362281532
03_07,15,Baseline,3,-62.556471470371875,3.4346117550393113e-06,-79.73144726479983,1.1936594417573814e-13,-49.97489786821463,0.9999669378364758,-71.41202650087529,4.89732547449287e-10,-61.77882616762646,7.474888448160267e-06,-60.69818482474569,2.2025272382676283e-05,-65.85472270504076,1.269010866099948e-07,L2,0.00040271756306228926,0.9999669378364758,0.9999925251114328,deep,-0.9999669378363565,0.9999669373467432
03_07,16,Baseline,3,-61.173747684851385,1.3688520547479253e-05,-76.86472609597713,2.098220725842751e-12,-49.97489786821463,0.9998968293385865,-68.21519862048986,1.1975488175499529e-08,-60.80610565317611,1.97706713973658e-05,-59.58045203796513,6.734665341945486e-05,-62.934682794424205,2.3528384627433973e-06,L2,0.001148224620590549,0.9998968293385865,0.9999802293265043,deep,-0.9998968293364883,0.9998968173630983
03_08,1,Baseline,3,-79.3123640459148,5.638404620030045e-08,-62.64974733167708,0.9719383786241118,-85.26589575802423,1.464098406133899e-10,-66.19549339067105,0.028037596649165067,-79.71442864132523,3.77174048221805e-08,-75.41704569150579,2.7724996808425266e-06,-73.38477791602602,2.1157979181430106e-05,L1,0.12814118616774434,0.9719383786241118,0.02806158365848338,shallow,0.9719383784777019,-0.028037596502755228
03_08,2,Baseline,3,-79.24612553039894,7.215399271116436e-10,-58.196663930355136,0.9998282145869164,-84.6411525329279,3.2751403174290322e-12,-66.87279630909696,0.00017058033845862214,-79.27714539214894,6.995014408730801e-10,-75.81648743043438,2.2270669344440335e-08,-71.84531974696965,1.1813796390877335e-06,L1,0.0016683244373745922,0.9998282145869164,0.00017178471358212174,shallow,0.9998282145836412,-0.00017058033518348184
03_08,3,Baseline,3,-78.09440299983974,2.2486448442452947e-09,-58.18197829916511,0.999486738811274,-84.6411525329279,3.2262919968945935e-12,-65.75821014149476,0.0005122256869192978,-79.2624597609589,6.992625370358057e-10,-74.8160527585276,5.966096683064726e-08,-72.02446002166378,9.728897062996423e-07,L1,0.00440865272710423,0.999486738811274,0.0005132604894635643,shallow,0.9994867388080477,-0.0005122256836930058
03_08,4,Baseline,3,-81.73674294665823,2.1174742195200838e-09,-61.76420476003719,0.999496449007961,-88.18347531800926,3.357668653894306e-12,-69.36268776916187,0.000500958804432876,-82.79571788511215,7.343636288086341e-10,-78.33462525149082,6.358271569927215e-08,-74.65267371267294,2.5257496948550813e-06,L1,0.00434386924385081,0.999496449007961,0.0005035502576753185,shallow,0.9994964490046033,-0.0005009588010752074
03_08,5,Baseline,3,-81.73973664924009,2.281894523373182e-09,-61.841997579755464,0.9994793973369078,-88.31023647444636,3.197155419334833e-12,-69.40354379089509,0.0005197997330274376,-82.92247904154927,6.992574007815697e-10,-78.46138640792793,6.054314616130375e-08,-75.95890015659415,7.394025697015316e-07,L1,0.004462732419510479,0.9994793973369078,0.0005206019638349793,shallow,0.9994793973337107,-0.0005197997298302822
03_08,6,Baseline,3,-79.74000046369372,3.6363809572426046e-08,-62.61862908514381,0.9917140980414993,-86.31050028889999,5.09492220833594e-11,-67.40380760534872,0.008283423407172277,-81.61747844079572,5.562769303528854e-09,-76.46165022238156,9.648033313436192e-07,-76.03935314573236,1.4717704686422848e-06,L1,0.0479919181281175,0.9917140980414993,0.008285896395731056,shallow,0.9917140979905501,-0.008283423356223054
03_08,7,Baseline,3,-80.60730106603408,3.3785869725378193e-10,-58.79898484241593,0.9999228632760795,-86.84598859069474,6.596408412210864e-13,-68.2711082076891,7.69618660436175e-05,-79.47009856048787,1.0534547267189355e-09,-77.32577816198638,8.992540296285045e-09,-74.41942490663587,1.644733634909878e-07,L1,0.0008088969006621413,0.9999228632760795,7.713567046574287e-05,shallow,0.9999228632754198,-7.696186538397666e-05
03_08,8,Baseline,3,-80.60730106603408,3.3785869725378193e-10,-58.79898484241593,0.9999228632760795,-86.84598859069474,6.596408412210864e-13,-68.2711082076891,7.69618660436175e-05,-79.47009856048787,1.0534547267189355e-09,-77.32577816198638,8.992540296285045e-09,-74.41942490663587,1.644733634909878e-07,L1,0.0008088969006621413,0.9999228632760795,7.713567046574287e-05,shallow,0.9999228632754198,-7.696186538397666e-05
03_08,9,Baseline,3,-81.96025840932919,4.5714345136306945e-09,-62.75772073495281,0.9990992969070102,-86.94555236892656,3.125840728079759e-11,-69.77515099697776,0.0008953182010336756,-83.53120074813741,9.501691237729755e-10,-79.05247724204868,8.373091137791412e-08,-74.9054523516301,5.295608182957359e-06,L1,0.007249744287133291,0.9990992969070102,0.0009007021428209318,shallow,0.9990992968757517,-0.0008953181697752683
03_08,10,Baseline,3,-78.13006289987123,6.16239235827595e-08,-61.53026923556643,0.9975809230458021,-84.71303603510435,8.527081995927979e-11,-67.5531310639522,0.002416865476489006,-79.38610428739464,1.754920724155075e-08,-74.88607285488169,1.5797789481245905e-06,-75.93676758472951,5.524403590449121e-07,L1,0.017008850696372167,0.9975809230458021,0.0024190594049905783,shallow,0.9975809229605314,-0.002416865391218186
03_08,11,Baseline,3,-81.98601665805269,4.519378012296433e-09,-62.77198016543825,0.9991453975251939,-84.90241028823333,2.4462734830401447e-10,-69.85765806134474,0.0008362918827565625,-81.54146196300685,7.049305289851289e-09,-77.69095760351665,3.3143556975172816e-07,-73.69807991381565,1.7967343169038073e-05,L1,0.006982144988335685,0.9991453975251939,0.0008545954255007129,shallow,0.9991453972805666,-0.0008362916381292141
03_08,12,Baseline,3,-77.85678746758683,2.426344360576176e-07,-62.627576041678125,0.997504639826132,-84.55153319717462,3.0023499408950775e-10,-68.64004089461977,0.002441937904582507,-79.93162676414097,3.046920909169286e-08,-75.05302502564746,4.005078157137914e-06,-72.54583768616348,4.9143787248375064e-05,L1,0.017721959387189172,0.997504639826132,0.0024953297046590717,shallow,0.9975046395258971,-0.002441937604347513
03_08,13,Baseline,3,-79.97701782469034,3.577096598969966e-08,-62.83168613983664,0.999202724389676,-87.73499447521809,1.5285660809301293e-11,-69.97116813673797,0.0007925304814897345,-82.347237042321,3.34316291979465e-09,-77.88614440869966,2.8945793218340906e-07,-75.16104218320496,4.416541487865557e-06,L1,0.006515340382396124,0.999202724389676,0.0007972722671614341,shallow,0.9992027243743903,-0.0007925304662040738
03_08,14,Baseline,3,-79.30757116392081,5.5259980611504365e-08,-62.59734059476881,0.9990141870744519,-87.46258174640889,1.5875763928952596e-11,-69.5197135832979,0.0009845171030768104,-83.6778220565626,6.989319296214802e-10,-78.57755620033073,1.1467063001884465e-07,-76.2939244498453,1.1251770530126681e-06,L1,0.007819675838620175,0.9990141870744519,0.0009858122266162173,shallow,0.9990141870585761,-0.0009845170872010464
03_08,15,Baseline,3,-79.55853853772321,4.630363669898171e-08,-62.67115394036852,0.9993394830675643,-86.87093610455584,3.089450129874042e-11,-70.001010204304,0.0006552347437660813,-83.36718141764345,1.02693395940464e-09,-78.75220627000849,1.0370525325370109e-07,-74.85067942389618,5.131121951501103e-06,L1,0.005528477929378349,0.9993394830675643,0.0006605159055020364,shallow,0.9993394830366698,-0.00065523471287158
03_08,16,Baseline,3,-82.03815647184075,4.3830432372235444e-09,-62.793380634984295,0.999253564775082,-86.23044727667616,6.62349162892172e-11,-69.99886296237295,0.0007419497486103792,-81.32697952339366,8.925570387530804e-09,-76.86588688977233,7.727942699516506e-07,-75.2999989229739,3.6993071894700787e-06,L1,0.006150212048944469,0.999253564775082,0.0007464262993479544,shallow,0.9992535647088471,-0.0007419496823754629
03_09,1,Baseline,3,-67.53125136340081,8.579967873293611e-11,-74.27558999531115,1.0103145552420382e-13,-44.352245783165074,0.9999997264227602,-71.45720615546438,1.6922524802402261e-12,-60.154288012927196,1.3717031564454036e-07,-60.78090553683725,7.330331329384003e-08,-60.93212240185637,6.301601778795838e-08,L2,4.692259033372672e-06,0.9999997264227602,0.9999998628295832,deep,-0.9999997264226592,0.999999726421068
03_09,2,Baseline,3,-65.87349515436576,2.8154665273375845e-10,-78.20708761350494,1.2391937701143671e-15,-43.88277257694867,0.9999996244087762,-70.3197907282312,3.3002644085136963e-12,-59.79463977319086,1.2290334889130706e-07,-59.103610773246885,2.4528658584007753e-07,-62.64363025309834,7.116441315283658e-09,L2,6.20446974334371e-06,0.9999996244087762,0.9999998770966503,deep,-0.999999624408775,0.999999624405476
03_09,3,Baseline,3,-66.66264785980557,1.2788680982361285e-10,-78.09535822051497,1.3856793055487575e-15,-43.88277257694867,0.9999997413726287,-71.09755791572803,1.5162429301152087e-12,-59.682910380200894,1.374317973900112e-07,-59.84996381373922,1.1628851966371299e-07,-63.04208942946036,4.777649675089465e-09,L2,4.381360835312427e-06,0.9999997413726287,0.9999998625682012,deep,-0.9999997413726274,0.9999997413711125
03_09,4,Baseline,3,-66.56880297732596,1.4050120174502032e-10,-77.74731232848904,1.9629765513341583e-15,-43.88299805633182,0.9999998471481617,-71.30550388039687,1.2318475788746267e-12,-60.256333769455644,7.747303737368886e-08,-60.31165781000401,7.330332214341387e-08,-63.946805910902384,1.9337436314347074e-09,L2,2.6676387282595372e-06,0.9999998471481617,0.9999999225269605,deep,-0.9999998471481597,0.9999998471469299
03_09,5,Baseline,3,-66.47475291810787,8.061438924050532e-11,-78.01919267180722,7.811349798350368e-16,-43.23340911836933,0.9999998439457524,-70.90966297403033,9.557748599723316e-13,-59.606744831493145,7.747303712558898e-08,-59.66206887204151,7.33033219086671e-08,-62.3087246218131,5.1963173743058926e-09,L2,2.7298430993822535e-06,0.9999998439457524,0.9999999225269618,deep,-0.9999998439457516,0.9999998439447966
03_09,6,Baseline,3,-67.05638079644018,8.061437845775977e-11,-75.82628506611708,1.252251264064692e-14,-43.81503699670164,0.9999997101886903,-71.49129085236264,9.55774732130674e-13,-59.495382500878996,1.5492173330286044e-07,-60.24369675037383,7.330331210382807e-08,-60.419189246412316,6.150468171882281e-08,L2,4.9464463683291225e-06,0.9999997101886903,0.9999998450782542,deep,-0.9999997101886777,0.9999997101877345
03_09,7,Baseline,3,-65.73049238210167,3.0705203057171807e-10,-76.06307006662713,9.996097915303689e-15,-43.82648898477666,0.9999994953131954,-70.16540243802413,3.640449481647209e-12,-58.991923945462304,2.5925972839986877e-07,-59.069905692179674,2.3981040329233723e-07,-62.880921628621735,5.3059704599823596e-09,L2,8.199927522237687e-06,0.9999994953131954,0.9999997407402617,deep,-0.9999994953131854,0.999999495309555
03_09,8,Baseline,3,-65.73049238210167,3.0705203057171807e-10,-76.06307006662713,9.996097915303689e-15,-43.82648898477666,0.9999994953131954,-70.16540243802413,3.640449481647209e-12,-58.991923945462304,2.5925972839986877e-07,-59.069905692179674,2.3981040329233723e-07,-62.880921628621735,5.3059704599823596e-09,L2,8.199927522237687e-06,0.9999994953131954,0.9999997407402617,deep,-0.9999994953131854,0.999999495309555
03_09,9,Baseline,3,-64.36622439499814,1.1813294888952082e-09,-76.60586554380575,5.7116611391834895e-15,-43.80960024884853,0.9999987989521367,-68.95221989691417,1.2041996721831683e-11,-58.4201569447822,4.5155985801637883e-07,-57.92410942296344,7.41559544992663e-07,-62.62553473346436,6.735083119974378e-09,L2,1.8416652476335566e-05,0.9999987989521367,0.9999995484401364,deep,-0.9999987989521311,0.9999987989400947
03_09,10,Baseline,3,-65.6308263800376,3.499554789220702e-10,-76.97963611411856,4.123702761284145e-15,-43.85761231732517,0.9999988900971635,-68.3314220335878,2.350493242995332e-11,-59.41837985943682,1.7459991995042453e-07,-59.958801414813294,1.0170491492384216e-07,-57.855573886162716,8.332245371169466e-07,L2,1.713602238318162e-05,0.9999988900971635,0.999999825400076,deep,-0.9999988900971594,0.9999988900736585
03_09,11,Baseline,3,-63.76119819202198,2.1313144931777782e-09,-74.59191035267223,4.2162758003527296e-14,-43.794672789774275,0.9999984876228563,-67.52084427720193,4.9642539438179796e-11,-58.20243725011874,5.53078455638664e-07,-57.672770419422854,9.393298494736619e-07,-61.639422072553785,1.778783935979059e-08,L2,2.2878267366283258e-05,0.9999984876228563,0.999999446921502,deep,-0.9999984876228141,0.9999984875732137
03_09,12,Baseline,3,-65.64868223315305,3.223019934647387e-10,-74.09814868643228,6.897732308425814e-14,-43.79315324119538,0.9999968499580999,-67.10480858294456,7.514072014421033e-11,-56.976895347980665,1.8809280546556208e-06,-57.447345759900436,1.1750549226826488e-06,-59.97672965783388,9.366141113954982e-08,L2,4.551671781980928e-05,0.9999968499580999,0.9999981190718764,deep,-0.999996849958031,0.9999968498829592
03_09,13,Baseline,3,-66.01242050167745,2.6431828076769285e-10,-77.32031977656926,3.2446581244411186e-15,-43.95855352726039,0.9999998444404701,-70.53596283041368,2.8679906344991815e-12,-60.331889240384214,7.747303716391572e-08,-60.38721328093258,7.330332194493103e-08,-63.17419672567507,4.515981198507599e-09,L2,2.72100997888346e-06,0.9999998444404701,0.9999999225269595,deep,-0.9999998444404669,0.999999844437602
03_09,14,Baseline,3,-62.73249664848927,5.9515817585970676e-09,-76.97922609352149,3.866841944693311e-15,-43.79288893643114,0.9999989011212126,-69.23052317313405,8.965517055947292e-12,-58.56677825320741,3.83513729731163e-07,-57.98292907114523,6.876119161041493e-07,-61.43458364303687,2.179259060376436e-08,L2,1.7019516516256067e-05,0.9999989011212126,0.9999996164862666,deep,-0.9999989011212087,0.9999989011122471
03_09,15,Baseline,3,-66.34117818056995,1.6928338608255817e-10,-76.41255061124153,7.156041748115734e-15,-43.841732122457756,0.9999990935045922,-69.51967314577625,7.050363572869411e-12,-58.3628857522682,4.937904814691565e-07,-58.563222065146775,4.041455105576877e-07,-62.43878228968249,8.383074756323769e-09,L2,1.4186417846236215e-05,0.9999990935045922,0.9999995062095113,deep,-0.999999093504585,0.9999990934975418
03_09,16,Baseline,3,-63.89097301525,1.9621183470455265e-09,-75.89428847797763,1.201576784271635e-14,-43.841732122457756,0.9999997347649525,-68.42869489644976,2.099025068231566e-11,-59.73862427337666,1.2475769558591277e-07,-59.793948313925014,1.1804304903256626e-07,-61.54695700068491,2.0451182269028888e-08,L2,4.533491188596557e-06,0.9999997347649525,0.9999998752422924,deep,-0.9999997347649405,0.9999997347439623
03_10,1,Baseline,3,-61.184589341684045,0.9175966411072071,-72.50939353055206,1.1075206877082083e-05,-65.6979916286822,0.0100578720684942,-64.27790865750403,0.04161408074607288,-71.08141559160163,4.618647167655041e-05,-67.90197677771762,0.0011100116039241008,-64.61978535025449,0.029564132795748353,E,0.3697157292848472,0.9175966411072071,0.9999427383214465,deep,-0.010046796861617118,-0.03155620867757868
03_10,2,Baseline,3,-61.02130706436822,0.9095622758556097,-75.9168548350261,3.0887178501103144e-07,-63.734044490746555,0.06035392857011354,-64.84846343794999,0.01980247826289597,-70.29477479994551,8.53918797729116e-05,-67.93265222180639,0.0009063029116980267,-65.60540586323283,0.009289313648124947,E,0.3839467359302494,0.9095622758556097,0.9999142992484421,deep,-0.06035361969832853,0.040551450307217574
03_10,3,Baseline,3,-60.74297839000859,0.9542977371259312,-75.80512544203614,2.7433204674276336e-07,-64.80152587054602,0.016484626769310944,-64.55874924564736,0.021014335770159966,-70.18304540695554,7.5842891096312e-05,-67.61152388249927,0.0009924588022900134,-65.63898049522705,0.007134724309164797,E,0.23633756090114827,0.9542977371259312,0.9999238827768571,deep,-0.0164843524372642,-0.004529709000849022
03_10,4,Baseline,3,-60.11539281762924,0.9768242853543635,-75.99082023990994,1.2451048389200828e-07,-65.33549203982889,0.005281486342920062,-64.23295452041648,0.01590677440757704,-71.29020948611003,1.3697939158680049e-05,-67.53947718886432,0.0005828778778139247,-66.66985386700901,0.0013907535676827495,E,0.13011352545222332,0.9768242853543635,0.9999861775503572,deep,-0.00528136183243617,-0.010625288064656978
03_10,5,Baseline,3,-60.021342758411144,0.9651654401908576,-76.26270058322812,8.532370013570554e-08,-64.6859031018664,0.009095130712748317,-63.837113614049926,0.021253650558796498,-70.64062054814752,2.3588917788356787e-05,-66.88988825090183,0.0010037610899805793,-65.6528526534394,0.003458343206128629,E,0.18560155388387956,0.9651654401908576,0.9999763257585116,deep,-0.00909504538904818,-0.01215851984604818
03_10,6,Baseline,3,-60.602970636743464,0.9623807427400797,-74.06979297753799,1.3638929760360617e-06,-65.26753098019871,0.009068889421612557,-64.41874149238224,0.021192329479460138,-70.52925821753337,4.703433434690069e-05,-67.47151612923415,0.00100086503627615,-65.63043925506966,0.006308775095248307,E,0.20058947876785566,0.9623807427400797,0.9999516017726768,deep,-0.009067525528636522,-0.01212344005784758
03_10,7,Baseline,3,-59.27708222240496,0.9747195760758222,-74.30657797804804,2.895026983424468e-07,-65.27898296827374,0.0024115002627378805,-63.09285307804374,0.02146403963515023,-70.02579966211668,2.093008619327093e-05,-66.29772507103999,0.0008706693169509619,-66.82672098340772,0.0005129951204473983,E,0.1321958145652578,0.9747195760758222,0.9999787804111087,deep,-0.0024112107600395383,-0.019052539372412348
03_10,8,Baseline,3,-59.27708222240496,0.9747195760758222,-74.30657797804804,2.895026983424468e-07,-65.27898296827374,0.0024115002627378805,-63.09285307804374,0.02146403963515023,-70.02579966211668,2.093008619327093e-05,-66.29772507103999,0.0008706693169509619,-66.82672098340772,0.0005129951204473983,E,0.1321958145652578,0.9747195760758222,0.9999787804111087,deep,-0.0024112107600395383,-0.019052539372412348
03_10,9,Baseline,3,-61.1152583746998,0.68590330650058,-75.9168548350261,2.5586520499172496e-07,-62.05965009294724,0.2667588180308134,-64.54837398643241,0.022145206305116266,-69.9877733513363,9.615648990931504e-05,-67.07339528546278,0.0017728700922853818,-64.49653846096741,0.023323386716090678,E,0.7952533287155803,0.68590330650058,0.9999035876448857,deep,-0.26675856216560845,0.24461361172569715
03_10,10,Baseline,3,-56.2175814854424,0.9857776530452648,-75.75688471543918,3.2208269814825047e-09,-60.89461513892449,0.009174218119074186,-61.79261336350713,0.0037374327569265134,-66.910158270393,2.2389885555660772e-05,-63.12048717425568,0.0009905698814398347,-64.32257017251142,0.00029773309091214045,E,0.08755928977611799,0.9857776530452648,0.9999776068936175,deep,-0.009174214898247204,0.0054367853621476725
03_10,11,Baseline,3,-57.14281363726535,0.9381872870060797,-72.57340010723325,1.8658253412006817e-07,-63.47514768280425,0.0016679837302703813,-60.28332052216162,0.04058679269056496,-67.42159462111405,3.223084426622011e-05,-63.21202834296403,0.002170016757113466,-61.13285363595804,0.017355502389170985,E,0.2845846348431174,0.9381872870060797,0.9999675825731994,deep,-0.0016677971477362613,-0.03891880896029458
03_10,12,Baseline,3,-60.36950159123574,0.34147182386264996,-72.23490845987324,2.4003476450327256e-06,-64.07141770691305,0.008426226572979268,-59.925511084984215,0.5323257824093267,-66.9238809324756,0.00048621023193210524,-63.50093562098135,0.014907003541639376,-61.574069977061065,0.10238055303382754,L3,1.0425556637689617,0.5323257824093267,0.9995113894204228,deep,-0.008423826225334236,-0.5238995558363474
03_10,13,Baseline,3,-61.26698054965987,0.5612165569788955,-73.85585748031103,1.9135979221440855e-06,-63.70307730307833,0.049107417723486466,-61.755443262754156,0.3443450260797654,-69.65779474935947,0.00012736384732262577,-65.90706245211376,0.005419615912849654,-63.913670190590686,0.03978210585975835,E,0.9970096805562778,0.5612165569788955,0.9998707225547554,deep,-0.049105504125564324,-0.29523760835627894
03_10,14,Baseline,3,-56.230564607892575,0.9946374983263009,-74.68899331504265,9.577917594885668e-09,-64.71164223002849,0.00020624318955553625,-61.624233123253916,0.004520894317492812,-69.06691327996207,2.647947878140184e-06,-64.67700776010581,0.00021351145278595464,-64.00236158026357,0.0004191951880689238,E,0.03660578035404979,0.9946374983263009,0.999997342474204,deep,-0.00020623361163794136,-0.004314651127937275
03_10,15,Baseline,3,-57.432560847334486,0.9935056085453842,-76.68427314428138,4.327707552589105e-09,-62.83901893241608,0.004458362838769338,-64.02699622789905,0.0013590750072936416,-70.67773912468192,1.7573670750160608e-06,-66.7731243134226,8.721981314833895e-05,-64.86487633468126,0.0005879721006217501,E,0.04478989220136863,0.9935056085453842,0.9999982383052172,deep,-0.004458358511061786,0.0030992878314756965
03_10,16,Baseline,3,-61.19315643721137,0.4860077794538768,-75.95251473505759,1.8911908405234674e-07,-61.34454500069684,0.4177303244041727,-64.13159712394794,0.02573325036353737,-67.78355212659255,0.0006675299248330506,-64.03281982934686,0.02840488787814594,-63.65474750697983,0.041456038856350165,E,1.047496084626602,0.4860077794538768,0.999332280956083,deep,-0.4177301352850886,0.39199707404063533
03_12,1,Baseline,3,-71.75265500169867,6.00945762633417e-07,-69.74364631925347,4.480605030340779e-06,-58.06452932549809,0.5290695001618773,-67.30567402566248,5.1302033066358805e-05,-61.006332241530764,0.027919263188917492,-58.314053111882515,0.41223600668858357,-60.91077277426038,0.03071884637676238,L2,0.9095990947166904,0.5290695001618773,0.9720762562060522,deep,-0.5290650195568469,0.5290181981288109
03_12,2,Baseline,3,-72.12311341428257,3.2695629837768276e-07,-73.5878045518273,7.557574363527408e-08,-57.488307981301745,0.7418309543443324,-67.44923625418866,3.5021018120273845e-05,-60.86018027775432,0.025463577465229485,-58.66497296991111,0.22871036108558734,-62.721265262538296,0.003959683554688326,L2,0.6746849903613202,0.7418309543443324,0.9745363469590267,deep,-0.7418308787685888,0.7417959333262122
03_12,3,Baseline,3,-71.84478473992293,7.128468816787818e-07,-73.47607515883732,1.3948767222837158e-07,-58.5557893611012,0.42104994717065913,-67.15952206188605,7.722892354654097e-05,-60.74845088476435,0.04699729008784529,-58.34384463060399,0.5204512358314638,-62.16287294755281,0.011423445651931386,D2,0.8996274002950468,0.5204512358314638,0.9530025704244826,deep,-0.4210498076829869,0.4209727182471126
03_12,4,Baseline,3,-71.75093985744331,1.0054614793896922e-06,-73.1280292668114,2.5368985793627676e-07,-58.55601484048435,0.5405657939281673,-67.36746802655489,8.055324952152216e-05,-61.3218742740191,0.034013480251777126,-58.805538626868774,0.42119359398568573,-63.426651347654655,0.004145319433511033,L2,0.8352303461232925,0.5405657939281673,0.965986266058365,deep,-0.5405655402383094,0.5404852406786458
03_12,5,Baseline,3,-71.63748104586523,5.729004508325427e-07,-73.38050085776959,1.0025251532949709e-07,-57.88701715016187,0.5368213223483775,-66.95221836782834,6.206730541196793e-05,-60.65287658369662,0.0337778706154237,-58.13654093654629,0.4182760075235308,-61.769161306205376,0.011062059054289744,L2,0.8634012195673345,0.5368213223483775,0.9662220291320608,deep,-0.5368212220958622,0.5367592550429656
03_12,6,Baseline,3,-71.17103629675807,5.700346474252038e-07,-72.27448338423889,1.8909509874138697e-07,-57.42057240105471,0.5341359965252218,-66.4857736187212,6.175682791962878e-05,-60.88116741938229,0.016777781198273285,-57.670096187439135,0.4161836775108259,-60.20957472092442,0.032840028808013136,L2,0.881175032026911,0.5341359965252218,0.983222029706628,deep,-0.5341358074301231,0.5340742396973022
03_12,7,Baseline,3,-70.33036669141933,3.7149083547521016e-07,-70.16280934919016,4.392556268456454e-07,-56.24809049517034,0.4850683617961599,-65.64510401338244,4.0246844123930755e-05,-57.02581733139531,0.222864284595514,-56.82625391936482,0.2720882355150686,-59.43974983519549,0.019938060502671075,L2,1.1181294874336185,0.4850683617961599,0.7771352761488591,deep,-0.48506792254053305,0.485028114952036
03_12,8,Baseline,3,-70.42741045321928,3.888259849082089e-07,-71.2302907289896,1.7420828580681987e-07,-56.34513425697028,0.5077034626761082,-65.74214777518239,4.212491214195459e-05,-57.34606174533514,0.18660051603765582,-56.92329768116477,0.28478488849058836,-59.53679359699544,0.020868444849234835,L2,1.0962924128226843,0.5077034626761082,0.8133993097540583,deep,-0.5077032884678224,0.5076613377639663
03_12,9,Baseline,3,-70.61584265491496,9.328583867944773e-07,-73.05406386192757,8.145349139844862e-08,-57.4151356532016,0.5044404778794547,-66.08166542287164,8.689281605449157e-05,-60.55317882914511,0.021876361591516253,-57.48547161962767,0.47017919312373985,-62.41009758226847,0.0034160602773565785,L2,0.8038546421423979,0.5044404778794547,0.9781235569549923,deep,-0.5044403964259633,0.5043535850634002
03_12,10,Baseline,3,-70.27922257025524,1.9778323897354592e-06,-72.40887493334088,2.3512197176080121e-07,-57.99688841157796,0.42691305407560387,-64.92712686964553,0.00041742178815359107,-61.01766105390001,0.02081778625536354,-58.559430369658,0.24323751987226494,-58.32138394280248,0.30861200505425246,L2,1.1539557468450428,0.42691305407560387,0.9791819786226647,deep,-0.4269128189536321,0.4264956322874503
03_12,11,Baseline,3,-68.94333507213935,2.4447073294305713e-06,-69.97262729099458,8.733954873050221e-07,-58.4676895739268,0.08664468134070999,-63.582808423359936,0.0005203241916927699,-59.2679777546822,0.03892074708648855,-56.16665123628762,0.865107668090835,-60.754382964938245,0.008803261187457083,D2,0.5092690865764029,0.865107668090835,0.9610783795180243,deep,-0.08664380794522268,0.08612435714901721
03_12,12,Baseline,3,-69.44309331953112,2.2459687271032397e-06,-69.60502251509457,1.9101995954553504e-06,-57.078444231608614,0.526383872051124,-63.516130271582384,0.0008422694545679908,-59.430161646283416,0.05011464730136112,-57.328952370504496,0.4097399140546109,-60.78607463124546,0.012915140970013539,L2,0.9155817441967454,0.526383872051124,0.9498834424990436,deep,-0.5263819618515285,0.525541602596556
03_12,13,Baseline,3,-70.76756482987503,1.889298866668618e-06,-73.1280292668114,1.7830518992588336e-07,-58.204577759493134,0.5399289633906088,-67.02491952849147,7.974635949138096e-05,-60.97043719302789,0.03397340960143927,-58.45410154587756,0.4206973936232349,-62.82483918319524,0.005318419421169003,L2,0.8405596537665758,0.5399289633906088,0.9660264120933707,deep,-0.5399287850854189,0.5398492170311174
03_12,14,Baseline,3,-67.9631554095066,1.1954589455378369e-05,-72.89368372174357,8.634425115026606e-08,-57.93216503068394,0.27160542218056494,-65.82622800919178,0.00010129556807515778,-60.16605944767059,0.029091788212532096,-57.010550577909726,0.682638073508755,-60.73004593236924,0.016551379596366326,D2,0.7864934190354045,0.682638073508755,0.9709081254432168,deep,-0.2716053358363138,0.2715041266124898
03_12,15,Baseline,3,-69.06810788714856,1.944433322564544e-06,-73.82148217118285,1.6765975730983082e-08,-56.05954173307153,0.8676439709912096,-67.16150973403745,1.308633736687903e-05,-60.70940391259101,0.008297209714686898,-58.03918575142705,0.11983759372365096,-61.38876878700703,0.004206178033787295,L2,0.4403770313271136,0.8676439709912096,0.9917027735193373,deep,-0.8676439542252339,0.8676308846538427
03_12,16,Baseline,3,-69.62625933762708,4.578468450143425e-06,-72.0222423821596,4.1702108210171973e-07,-57.767511940750666,0.647006706877828,-65.23789600846737,0.0003686058337287412,-61.01766105390001,0.025083431972585685,-58.50132540674968,0.3106115805799328,-61.411095734164974,0.016924679246392366,L2,0.8093348267053723,0.647006706877828,0.9749161510063321,deep,-0.6470062898567459,0.6466381010440992
03_13,1,Baseline,3,-69.43330909467984,0.00011482972755586871,-69.46221941003361,0.00011155749250360122,-61.00495530803659,0.5253417004417394,-72.86434070156366,3.7151490344681322e-06,-62.63666743976993,0.10275389673920254,-61.382576859996945,0.36011641598081645,-64.82163637479839,0.011557884469147711,L2,0.9934269848588876,0.5253417004417394,0.8971345457682941,deep,-0.5252301429492359,0.5253379852927049
03_13,2,Baseline,3,-69.27002681736403,0.00019258747954354637,-72.77263695270771,5.800478153106771e-06,-62.02995603353943,0.2685040491669117,-72.47416224019011,7.817892890162422e-06,-63.02425616589322,0.09934174368048826,-61.19975602812582,0.6158885365151603,-64.84652364595722,0.016059464786853023,D2,0.9491250067383096,0.6158885365151603,0.9006524558413587,deep,-0.26849824868875855,0.2684962312740215
03_13,3,Baseline,3,-69.52543883290411,0.00014386334353982944,-73.19464824961747,3.668028884455253e-06,-61.4962153436397,0.4415680121452748,-72.71818873778722,5.906857362933159e-06,-63.44626746280297,0.06282040473801544,-61.412368378718426,0.4801886372617873,-64.86068952559144,0.015269507625135258,D2,0.9523020983691417,0.4801886372617873,0.9371759272331001,deep,-0.44156434411639034,0.44156210528791184
03_13,4,Baseline,3,-69.96533464032423,0.0001851612797961677,-72.3128616676918,1.7702399592893135e-05,-62.03018151292258,0.5173010860148319,-73.45987539235578,5.621994397469555e-06,-63.485950162158,0.12064549200801669,-62.407803064882934,0.354604656211381,-66.29914669693319,0.007240280091983746,L2,1.0012925606634415,0.5173010860148319,0.8793368055923904,deep,-0.5172833836152391,0.5172954640204345
03_13,5,Baseline,3,-69.82276270020616,0.00010524004749853758,-72.53622013011002,6.978168414938445e-06,-61.33207069406011,0.5124384645696523,-73.01551260508926,4.3210308765698046e-06,-62.78783934329553,0.11951142642694026,-61.70969224602047,0.35127137845018586,-64.75810916964386,0.01666219130643162,L2,1.0333108135065416,0.5124384645696523,0.8804815954046448,deep,-0.5124314864012374,0.5124341435387757
03_13,6,Baseline,3,-68.31794969983953,0.00011020040458965625,-72.52679716491876,1.637962519081305e-06,-59.82725769369349,0.536591606191191,-71.51069960472263,4.52469722468537e-06,-61.97776192772173,0.062472912403966394,-60.20487924565384,0.36782811245419345,-62.6162600135632,0.0329910058863158,L2,0.9887874040630211,0.536591606191191,0.9375254496335145,deep,-0.5365899682286719,0.5365870814939663
03_13,7,Baseline,3,-68.63210085992019,4.816870655052551e-05,-70.30837499189008,9.010904333377e-06,-59.80959655322852,0.32683602620884294,-71.82485076480329,1.977749661241299e-06,-59.403389495494096,0.49061791808767446,-60.51585774299893,0.16128893863909644,-62.54515021279391,0.021197959703840943,D1,1.0914478309941475,0.49061791808767446,0.5093730710079921,shallow,-0.3268270153045096,0.3268340484591817
03_13,8,Baseline,3,-68.63210085992019,4.816870655052551e-05,-70.30837499189008,9.010904333377e-06,-59.80959655322852,0.32683602620884294,-71.82485076480329,1.977749661241299e-06,-59.403389495494096,0.49061791808767446,-60.51585774299893,0.16128893863909644,-62.54515021279391,0.021197959703840943,D1,1.0914478309941475,0.49061791808767446,0.5093730710079921,shallow,-0.3268270153045096,0.3268340484591817
03_13,9,Baseline,3,-69.3639781276956,9.123823262891813e-05,-72.77263695270771,3.0186665726374112e-06,-60.3555616357401,0.7455597209856453,-72.70781347857226,3.220828664846602e-06,-63.25099540718374,0.041210845754690965,-61.62147674754156,0.210233775417912,-65.90561388230269,0.002898180113885327,L2,0.6960656577622311,0.7455597209856453,0.9587861355787364,deep,-0.7455567023190727,0.7455565001569804
03_13,10,Baseline,3,-69.5610987329356,4.8039671797503774e-05,-71.49666357242135,6.9341766707318245e-06,-61.4710550840162,0.15669723989561396,-69.95205285564697,3.2494571435109135e-05,-62.11425556223945,0.08236124981293619,-61.52120597979249,0.14903253524986995,-60.10893003515757,0.6118215066216764,S,1.0812450032948817,0.6118215066216764,0.9176318160103929,deep,-0.15669030571894324,0.15666474532417884
03_13,11,Baseline,3,-67.22566048828021,0.0007086036508279798,-69.90469665773462,4.8630950760732086e-05,-61.194619280505414,0.2948840633150702,-69.90812081748072,4.8464715387383334e-05,-62.179290608680716,0.110157476349839,-60.51615264016141,0.581173254970686,-64.31782989823242,0.012979506047428724,D2,0.9809924740233875,0.581173254970686,0.8897938926994002,deep,-0.2948354323643095,0.29483559859968284
03_13,12,Baseline,3,-67.87098437837193,0.0003106017481824662,-68.77044616361499,0.00012634923179762975,-60.766107180006735,0.3782795446794232,-69.3950413614234,6.765725256581869e-05,-61.38074125846243,0.20458824126250694,-60.717720532558765,0.39703328001796223,-63.72650061378396,0.01959432580756169,D2,1.140466469080996,0.39703328001796223,0.7952854095056955,deep,-0.3781531954476256,0.3782118874268574
03_13,13,Baseline,3,-70.58318168245512,3.304429685779867e-05,-70.71163959799263,2.9060825800827262e-05,-60.93150746607175,0.5137660097080804,-71.51610482459319,1.2999694383639969e-05,-62.387276115307166,0.11982103787125949,-61.3091290180321,0.35218139719970226,-64.52310501469438,0.014156450403915596,L2,1.024995368045271,0.5137660097080804,0.8801499013029397,deep,-0.5137369488822796,0.5137530100136968
03_13,14,Baseline,3,-67.24503157218696,0.0007607535632320272,-73.14599750242344,2.0820303394953086e-06,-60.33885032332272,0.7595570561273502,-72.98611675479214,2.4429938869530347e-06,-63.39761671560895,0.03565784041620124,-61.68029639572334,0.19859932843076802,-65.28139836078692,0.005420496438221971,L2,0.6826016575741579,0.7595570561273502,0.9643400775534592,deep,-0.7595549740970108,0.7595546131334633
03_13,15,Baseline,3,-68.34998404982892,0.0003228583702959999,-72.36582574418358,5.820417826439424e-06,-60.601189785309224,0.7486358850555606,-73.06177045147444,2.902078903254751e-06,-62.980227938709845,0.06935335872829951,-62.047093113765,0.17632861804857736,-65.54224179204492,0.005350557300536886,L2,0.7384947523186721,0.7486358850555606,0.9306408208538741,deep,-0.7486300646377341,0.7486329829766573
03_13,16,Baseline,3,-67.16134778790834,0.0005432396864642397,-69.0721120234411,8.038168876320419e-05,-60.601189785309224,0.3837354403378095,-69.63203754276914,4.5918169077745047e-05,-61.58051487233972,0.14411740367038006,-60.502367775064656,0.42359396552683554,-62.68236901374433,0.04788365092066968,D2,1.1613930878629037,0.42359396552683554,0.8558022146408567,deep,-0.38365505864904625,0.38368952216873176
03_14,1,Baseline,3,-65.96884679842161,0.9705005487446252,-86.43517334884496,1.2548248179811036e-09,-69.47299396270027,0.029185289665455878,-77.1051530922215,1.4143582013077733e-05,-79.93957016870112,8.309745392670931e-07,-74.07590090343048,0.0002925141793791343,-77.85655445976775,6.671599162371815e-06,E,0.13483274152608238,0.9705005487446252,0.9999991677706357,deep,-0.02918528841063106,0.0291711460834428
03_14,2,Baseline,3,-65.80556452110578,0.8458049005594828,-89.84263465331901,3.076828414076444e-11,-67.50904682476464,0.15397748883858303,-77.67570787266746,5.917420611525913e-06,-79.152929377045,1.350775864835097e-06,-74.10657634751925,0.00020998417517814836,-80.48027367192925,3.581995116050321e-07,E,0.4316010956296297,0.8458049005594828,0.999998649193367,deep,-0.15397748880781476,0.1539715714179715
03_14,3,Baseline,3,-63.39227308714724,0.9837062965231206,-89.73090526032904,3.5821423281579854e-12,-67.50904682476464,0.016031469523290716,-75.25103092076593,6.96101167035068e-06,-79.04119998405503,1.572616587633929e-07,-71.65048524861321,0.0002548997908519378,-78.72436133633238,2.1588582546741793e-07,E,0.08461917489123849,0.9837062965231206,0.999999842734759,deep,-0.016031469519708574,0.016024508511620364
03_14,4,Baseline,3,-64.8996502743668,0.9852332682754625,-89.91660005820285,1.3452897183495701e-11,-69.11049437384696,0.014614794451341163,-77.06019895513394,5.15560788490468e-06,-80.14836406320951,2.3502107778880193e-07,-73.71340131457718,0.00014647908774360105,-81.3952742825335,6.754303724475777e-08,E,0.07777588974681487,0.9852332682754625,0.9999997649654695,deep,-0.014614794437888266,0.014609638843456257
03_14,5,Baseline,3,-64.4174251679489,0.9745443999777788,-89.80030535432122,9.229046422024922e-12,-68.07273038868468,0.02519548618870455,-76.27618300156759,6.896179241199788e-06,-79.11060007804721,4.051695929899926e-07,-72.67563732941488,0.00025252574331206665,-79.45635733186437,2.8673214112177116e-07,E,0.12005984836448062,0.9745443999777788,0.9999995948211777,deep,-0.025195486179475503,0.02518859000946335
03_14,6,Baseline,3,-65.38722809348103,0.9745389634443374,-87.99557279583088,1.4795166546917538e-10,-69.0425333142168,0.025195345634715177,-77.24598592709971,6.896140770598486e-06,-79.38741279463287,8.102074759145909e-07,-73.645440254947,0.0002525243345874889,-77.47948257084363,5.460090161845409e-06,E,0.12013200665281566,0.9745389634443374,0.9999991896445726,deep,-0.025195345486763512,0.025188449493944578
03_14,7,Baseline,3,-62.89681453754311,0.9649728754621888,-85.98094252258208,9.103443527214737e-11,-66.22030745773326,0.03476485881522295,-74.75557237116179,6.828448157143944e-06,-75.27004454978601,4.082155914829533e-06,-71.15185403627352,0.00025084012220714735,-77.34044213681437,5.149052747941819e-07,E,0.15340566919666918,0.9649728754621888,0.9999959177530507,deep,-0.03476485872418851,0.034758030367065804
03_14,8,Baseline,3,-62.89681453754311,0.9649728754621888,-85.98094252258208,9.103443527214737e-11,-66.22030745773326,0.03476485881522295,-74.75557237116179,6.828448157143944e-06,-75.27004454978601,4.082155914829533e-06,-71.15185403627352,0.00025084012220714735,-77.34044213681437,5.149052747941819e-07,E,0.15340566919666918,0.9649728754621888,0.9999959177530507,deep,-0.03476485872418851,0.034758030367065804
03_14,9,Baseline,3,-62.11480912123929,0.996843073700729,-87.7076718937201,7.65222475758637e-12,-67.96961518656423,0.0028570433424617405,-73.63943359185178,9.85248953035739e-06,-77.24470585873661,2.6779109480413273e-07,-70.25837154773716,0.00028968270739250046,-78.4533722830363,7.996113908738516e-08,E,0.022367308344879426,0.996843073700729,0.9999997322012526,deep,-0.0028570433348095157,0.002847190852931383
03_14,10,Baseline,3,-62.36045160737927,0.9940345354272051,-89.29448948653229,1.995710061836178e-12,-67.48388656514113,0.005920003216252734,-75.68733917802405,1.6203459215667218e-06,-79.31041015319069,4.326413332583256e-08,-72.39981167756696,4.338731679884214e-05,-77.06053434637293,4.104276926979188e-07,E,0.036778022230586654,0.9940345354272051,0.999999956733871,deep,-0.005920003214257024,0.005918382870331167
03_14,11,Baseline,3,-61.88825358928294,0.9922776985322894,-86.46036242080619,2.1139852678541943e-11,-66.82315746490254,0.007135619912858213,-73.0717474521591,1.3794423582213281e-05,-75.85275664629376,8.549222311662553e-07,-69.3471349639569,0.0005718501093532049,-77.39932898886576,1.8207854584020109e-07,E,0.047400266497783804,0.9922776985322894,0.9999991450566288,deep,-0.00713561989171836,0.007121825489275999
03_14,12,Baseline,3,-64.94026277201341,0.9508503357716925,-86.18009703052613,5.672432663853334e-10,-68.05991631689102,0.04200140750092095,-72.77216427206167,0.0003773640809757577,-75.90819239991502,1.639837632911555e-05,-69.8883560226541,0.006748116466098459,-76.85263983484528,6.377236739954424e-06,E,0.21803006844278622,0.9508503357716925,0.9999836010564276,deep,-0.04200140693367768,0.04162404341994519
03_14,13,Baseline,3,-66.05123800639744,0.8047155004450119,-87.78163729860394,2.9393402696993e-10,-67.47807963709641,0.1931847854961069,-74.58268769747163,0.00015866489305312804,-78.51594932645895,3.10661204650249e-06,-72.08098657782662,0.001936225051924463,-79.10878241322695,1.717207923420615e-06,E,0.5060003177113308,0.8047155004450119,0.99999689309402,deep,-0.1931847852021729,0.19302612060305377
03_14,14,Baseline,3,-64.74130251774824,0.5286704499893031,-88.18778058141578,3.471434642416396e-11,-64.85720787272841,0.4708124949542934,-75.30546266181095,1.3653015387839084e-05,-77.49807530514177,1.5240141796259493e-06,-71.70491698965823,0.0004999489918515176,-77.26242119260881,1.929000270150752e-06,E,0.6956289787235795,0.5286704499893031,0.999998475951106,deep,-0.47081249491957905,0.47079884193890553
03_14,15,Baseline,3,-65.31251430549047,0.9552294305411989,-87.94134951307565,1.420788496040885e-10,-68.42873961209324,0.042339745144548836,-74.63387939263365,8.548507034697485e-05,-77.6144272181424,4.339650953260482e-06,-71.32447674184027,0.0023396213889438017,-78.76154302443418,1.3780619293712665e-06,E,0.19267838751836683,0.9552294305411989,0.999995660206968,deep,-0.04233974500246999,0.04225426007420186
03_14,16,Baseline,3,-61.90157589835101,0.9741275719181531,-86.48176289035223,2.0586203477873083e-11,-65.5465398866347,0.025446501911784297,-73.03827358194741,1.4190885151677066e-05,-76.10796601379232,6.589599211122294e-07,-69.67300326515999,0.0004107029421031519,-76.67607946529719,3.733623005659035e-07,E,0.12232925555598018,0.9741275719181531,0.9999993410194927,deep,-0.025446501891198094,0.02543231102663262
03_15,1,Baseline,3,-58.56440777308538,0.9949196711578823,-74.21736373823119,1.5841475007626976e-07,-72.23874117399886,1.145777996807996e-06,-63.86450223223624,0.0049657658842336945,-73.16397471982857,4.542308789030123e-07,-68.3600233334134,5.54123071636085e-05,-68.3249161757766,5.739222709461895e-05,E,0.032540059792353165,0.9949196711578823,0.9999993873543711,deep,-9.873632467317263e-07,-0.004964620106236887
03_15,2,Baseline,3,-58.401125495769556,0.9975501856712607,-77.62482504270524,4.468771193171912e-09,-70.27479403606323,6.954501846918933e-06,-64.4350570126822,0.002390185414052277,-72.37733392817245,8.494631693647953e-07,-68.39069877750215,4.576339135928435e-05,-70.41295382280238,6.05708954068004e-06,E,0.017499482236673455,0.9975501856712607,0.99999914606806,deep,-6.950033075725761e-06,-0.0023832309122053578
03_15,3,Baseline,3,-58.12279682140992,0.9975243662179595,-77.51309564971527,3.782890142366804e-09,-71.34227541586269,1.8104098575535125e-06,-64.14534282037958,0.0024174918492598932,-72.26560453518248,7.190848917491507e-07,-68.06957043819504,4.7763332277212706e-05,-69.87591113541288,7.84532286405727e-06,E,0.017639633029466393,0.9975243662179595,0.9999992771322181,deep,-1.8066269674111456e-06,-0.00241568143940234
03_15,4,Baseline,3,-57.495211249030575,0.998182068416551,-77.69879044758908,1.6784437962400503e-09,-71.87624158514556,5.670320993893465e-07,-63.81954809514869,0.0017888963166989525,-73.37276861433696,1.2696213413877505e-07,-67.9975237445601,2.7422901251832613e-05,-71.3958850666666,9.166928207235541e-07,E,0.013444119707403467,0.998182068416551,0.9999998713594219,deep,-5.653536555931065e-07,-0.0017883292845995633
03_15,5,Baseline,3,-57.401161189812484,0.997530206123139,-77.97067079090725,1.1633262829224547e-09,-71.22665264718307,9.87623478746611e-07,-63.42370718878214,0.00241750600222063,-72.72317967637447,2.2113524917243283e-07,-67.34793480659759,4.776361190279548e-05,-70.01594018396517,3.3143406833160086e-06,E,0.01756636000739846,0.997530206123139,0.9999997777014247,deep,-9.864601524636886e-07,-0.0024165183787418837
03_15,6,Baseline,3,-57.9827890681448,0.9974991804087364,-75.77776318521711,1.8648911280595174e-08,-71.80828052551539,9.87592761156506e-07,-64.00533506711446,0.0024174308116646464,-72.61181734576031,4.421873263067513e-07,-67.92956268492992,4.7762126333563275e-05,-68.26420695032031,3.4178224266525425e-05,E,0.01790997437373793,0.9974991804087364,0.9999995391637624,deep,-9.68943849875911e-07,-0.00241644321890349
03_15,7,Baseline,3,-56.11345558772656,0.9975247118424373,-75.1605630818876,5.3317525141430645e-09,-69.60713474455153,1.3762371119421356e-06,-62.136001586696224,0.0024174926868778864,-69.11552917643314,2.2500638925669905e-06,-66.05705654177612,4.7915126465622945e-05,-68.09411251251508,6.248711462090534e-06,E,0.01763705777529106,0.9975247118424373,0.9999977446043548,deep,-1.3709053594279926e-06,-0.0024161164497659444
03_15,8,Baseline,3,-56.55985689200634,0.9975330497771929,-77.08202956552662,1.2197222455803063e-09,-70.75225113379095,6.843035440297191e-07,-62.582402890976,0.0024175128937921173,-73.17584017014308,6.063137877630011e-08,-66.5034578460559,4.791552697018542e-05,-70.6269546954938,7.756473998629337e-07,E,0.017527689138775615,0.9975330497771929,0.9999999381488991,deep,-6.830838217841388e-07,-0.0024168285902480876
03_15,9,Baseline,3,-58.49507680610114,0.9962885861841388,-77.62482504270524,4.902764757117004e-09,-68.6003996382639,4.070982271183166e-05,-64.13496756116463,0.0035400689548171537,-72.07033247956325,1.2668538789339596e-06,-67.53144184115855,0.00011856095360068517,-69.92710737129264,1.080232808766137e-05,E,0.025307450526744837,0.9962885861841388,0.9999987282433562,deep,-4.070491994707454e-05,-0.003499359132105322
03_15,10,Baseline,3,-53.84000932134361,0.999949474671839,-77.22224551861844,7.001674250188755e-11,-68.64841170674053,3.704849877214863e-07,-64.04791038773799,3.6875927429170606e-05,-70.93359263461896,3.7698940743371917e-08,-65.08271203785068,1.3101900746737096e-05,-69.62698219249671,1.392460398394098e-07,E,0.0005825838100153331,0.999949474671839,0.9999999622310425,deep,-3.704149709789844e-07,-3.650544244144912e-05
03_15,11,Baseline,3,-54.62938020664663,0.9952181166486652,-74.38811845289233,2.611002474834408e-09,-71.19012674590032,6.392598594720572e-08,-59.97666223487378,0.004738306993889182,-70.67838326712038,1.0664114611607102e-07,-64.71814752609927,4.134493344297955e-05,-67.7182433117027,2.0582458682255488e-06,E,0.030577298215556,0.9952181166486652,0.9999998907478516,deep,-6.131498347237132e-08,-0.004738243067903235
03_15,12,Baseline,3,-53.09121945623945,0.9988668614622753,-76.00020641771131,1.1226929146193272e-10,-67.04095681799154,8.734009197939761e-07,-59.90416145738823,0.0010982077104301079,-68.82982041422663,1.4598897394540953e-07,-63.4155371105974,3.2787886153407235e-05,-66.7892017361904,1.1234389780193823e-06,E,0.008984191807668957,0.9988668614622753,0.9999998538987568,deep,-8.732886505025141e-07,-0.0010973343095103138
03_15,13,Baseline,3,-58.6467989810612,0.936319468337899,-75.56382768799016,4.211645761857644e-08,-70.243826848395,8.607932331052194e-06,-61.34203683748637,0.06322620644500088,-71.7403538775864,1.927371414157158e-06,-66.36510900780954,0.00041629826345125,-69.08416181929205,2.74495334463714e-05,E,0.23983360840134776,0.936319468337899,0.9999980305121285,deep,-8.565815873433617e-06,-0.06321759851266982
03_15,14,Baseline,3,-57.977352320291686,0.9683440520284372,-75.32948214292233,2.8190024806778604e-08,-67.46768506514708,7.318642726543713e-05,-61.42432297394602,0.030833963581508507,-70.08199102838954,5.358606825390253e-06,-65.34855059176148,0.0006091986818561305,-66.86127080289012,0.0001342124840824665,E,0.14489437054872933,0.9683440520284372,0.9999946132031498,deep,-7.315823724063035e-05,-0.03076077715424307
03_15,15,Baseline,3,-58.014823418134185,0.962898963082805,-75.61679176448193,2.1834487146757546e-08,-71.08773868541188,2.0234186847515147e-06,-61.286480394668445,0.03653576014047365,-70.7320836312899,2.8876515323389282e-06,-65.50185103384325,0.0005395180012311481,-68.75633118285927,2.0825870786024696e-05,E,0.16166591291613208,0.962898963082805,0.9999970905139806,deep,-2.001584197604757e-06,-0.0365337367217889
03_15,16,Baseline,3,-58.57297486861271,0.9914166428985285,-77.66048494273673,5.089274858959596e-09,-67.88529454601351,8.952970541543864e-05,-63.71819069868015,0.005777199459267399,-69.8661112548195,1.2351206683784258e-05,-64.49086638504262,0.0026677711707348544,-68.78253988048922,3.650047009498751e-05,E,0.055478888920923904,0.9914166428985285,0.999987643704041,deep,-8.952461614057968e-05,-0.00568766975385196
03_16,1,Baseline,3,-67.162485068561,5.2064679606571826e-05,-69.50103691475358,5.022535762052323e-06,-57.39492736907843,0.9089491979241068,-64.07217588248814,0.0011445833580271223,-66.53588578889195,9.742531299656033e-05,-65.0061909256071,0.00044979005398468504,-59.71519362888499,0.0893019161355162,L2,0.3151963442213029,0.9089491979241068,0.9998975521512413,deep,-0.9089441753883447,0.9078046145660796
03_16,2,Baseline,3,-67.10595092922512,7.627041102391562e-06,-72.89879384304764,2.3257143621794062e-08,-55.32423209316284,0.9979104365133982,-64.53598252495415,9.965043146986878e-05,-65.64249685925589,3.2955364078838894e-05,-64.93011823171592,6.719055383660399e-05,-61.59749850089487,0.0018821168389706285,L2,0.01589246028651886,0.9979104365133982,0.9999670213787777,deep,-0.9979104132562545,0.9978107860819283
03_16,3,Baseline,3,-66.18713342698581,8.45712248884209e-05,-73.42755327793735,6.063846971483835e-08,-56.81870602488208,0.9905558007898204,-63.60577950477185,0.0011176102726721936,-66.17125629414558,8.592468959788872e-05,-63.96850106452913,0.0007776110316735134,-61.71841251850904,0.0073784213528778194,L2,0.06038316149823881,0.9905558007898204,0.9999140146719324,deep,-0.9905557401513507,0.9894381905171482
03_16,4,Baseline,3,-66.00594915888624,4.729269929850839e-05,-74.04024062773094,1.533012343719468e-08,-56.05228578604562,0.9945237989487957,-63.38673291752091,0.0006490905154473802,-65.76453768922083,6.020572240637811e-05,-63.6635493425743,0.0004921363198733793,-61.51294836495963,0.004227460464055328,L2,0.038138229381222286,0.9945237989487957,0.9999397789474703,deep,-0.9945237836186723,0.9938747084333484
03_16,5,Baseline,3,-66.10598662326805,5.331601666925423e-05,-73.24463959124965,4.2323356525629024e-08,-56.27609070428268,0.9906659823396768,-63.52463270105409,0.0007045721284767529,-65.9883426074579,5.9972180849997813e-05,-63.88735426081136,0.0004902272939950997,-61.09179584884172,0.008025887716975764,L2,0.057973805143779596,0.9906659823396768,0.9999399854957937,deep,-0.9906659400163204,0.9899614102112001
03_16,6,Baseline,3,-66.68761450160036,5.064656910091925e-05,-71.05173198555951,6.445222122043314e-07,-56.857718582615,0.9410649231683864,-64.1062605793864,0.0006692953303853554,-65.87698027684374,0.00011392105582660528,-64.46898213914368,0.0004656823984901532,-59.650602652956714,0.05763488695559853,L2,0.23164103510211181,0.9410649231683864,0.9998854344219613,deep,-0.9410642786461743,0.940395627838001
03_16,7,Baseline,3,-65.36172608726186,0.00020273057412389196,-71.28851698606957,5.4068792101897e-07,-56.86917057069002,0.9889839609298359,-62.78037216504789,0.0026790882185344376,-65.37352172142705,0.00020035328680715852,-63.29519108094952,0.0016010467014586883,-61.92018838680223,0.006332279601318981,L2,0.07261998325362926,0.9889839609298359,0.9997991060252719,deep,-0.9889834202419149,0.9863048727113014
03_16,8,Baseline,3,-65.36172608726186,0.00020273057412389196,-71.28851698606957,5.4068792101897e-07,-56.86917057069002,0.9889839609298359,-62.78037216504789,0.0026790882185344376,-65.37352172142705,0.00020035328680715852,-63.29519108094952,0.0016010467014586883,-61.92018838680223,0.006332279601318981,L2,0.07261998325362926,0.9889839609298359,0.9997991060252719,deep,-0.9889834202419149,0.9863048727113014
03_16,9,Baseline,3,-63.99745810015833,0.0007600627260282885,-71.83131246324818,3.010576817211707e-07,-56.85228183476189,0.9637403872769257,-61.567189623937935,0.008635781069017922,-64.80175472074694,0.00034005397109719825,-62.14939481173329,0.004824509027067524,-60.645841992745375,0.021698904872181568,L2,0.1936608517686515,0.9637403872769257,0.9996596449712211,deep,-0.963740086219244,0.9551046062079077
03_16,10,Baseline,3,-62.544834754799176,0.00014355699072659278,-72.49621431896084,6.842189748689503e-09,-53.69784976384015,0.9982081445658302,-64.14883590000993,2.8867920435774755e-05,-64.19875556570238,2.7462221412582468e-05,-61.62213149206444,0.0003612012806259356,-60.39617957008542,0.001230760178779372,L2,0.014760012626263398,0.9982081445658302,0.9999725309363978,deep,-0.9982081377236405,0.9981792766453944
03_16,11,Baseline,3,-66.4784235224206,9.087213530525362e-07,-73.66029023939271,6.908530006407411e-10,-52.567428856489805,0.9997673609363924,-64.10490386184367,9.755223513091525e-06,-64.09299359137574,9.872105530141608e-06,-62.602593518860346,4.3821003283449724e-05,-61.25706965106198,0.00016828131907493414,L2,0.002373709355862749,0.9997673609363924,0.999990127203617,deep,-0.9997673602455394,0.9997576057128793
03_16,12,Baseline,3,-65.27991593831324,0.00017170939936119933,-69.32359560587471,3.010553177495914e-06,-56.835834827108734,0.7980165539701516,-59.71977830996832,0.044620163742054506,-63.358493123945415,0.001172890300363705,-61.672631148670284,0.0063302075251121534,-58.509427979418625,0.14968546450977938,L2,0.6445763465406931,0.7980165539701516,0.9988240991464588,deep,-0.7980135434169741,0.7533963902280971
03_16,13,Baseline,3,-63.59603083285869,0.00014463528081738885,-73.29300366187131,8.890628273726799e-09,-54.75952421559489,0.9952227757272686,-63.15093255743744,0.00022572411972999877,-64.4717761187701,6.024803652891366e-05,-62.37078777212356,0.0004924822058740945,-60.31334662781252,0.0038541257391529003,L2,0.03369973621547723,0.9952227757272686,0.999939743072843,deep,-0.9952227668366403,0.9949970516075386
03_16,14,Baseline,3,-62.36373035364945,0.003725334333097562,-72.20467301296392,1.9828878938270167e-07,-56.8355705223445,0.9375934500784678,-61.8454929001578,0.00625508076025473,-64.94837602917215,0.0002809751426540464,-62.20821445991508,0.004352160965336342,-59.8120119457417,0.047792800431399884,L2,0.28428818509109455,0.9375934500784678,0.9997188265685564,deep,-0.9375932517896785,0.9313383693182131
03_16,15,Baseline,3,-66.71964885158975,2.466606871862753e-05,-70.89076056482433,3.8072301989832903e-07,-56.13717674251149,0.9727677833330959,-61.38740590694039,0.005103447178595825,-63.99724656237333,0.0003753394634363957,-62.04127048805701,0.002653956771326232,-60.0689736265277,0.01907442646180705,L2,0.14828697250014963,0.9727677833330959,0.9996242798135435,deep,-0.972767402610076,0.9676643361545001
03_16,16,Baseline,3,-63.52220672041019,0.0012369124736377793,-71.11973539742006,6.205462973900374e-07,-56.88441370837111,0.9442692481576513,-61.04366462347351,0.014748780934790193,-66.12022204934141,9.205242797196404e-05,-64.01923370269486,0.0007524590907115015,-60.07383269656166,0.03889992636894008,L2,0.2571940187958404,0.9442692481576513,0.9999073270257309,deep,-0.944268627611354,0.9295204672228612
03_17,1,Baseline,3,-79.79758285491457,7.995874511588338e-09,-61.155273399957835,0.997971401020772,-81.32591902894623,1.7342751560018466e-09,-67.36001853227046,0.002015726118973569,-73.82387230006823,3.142067423793428e-06,-76.5815708331052,1.9932521647452219e-07,-72.71517595960637,9.521737464657172e-06,L1,0.01469086104015177,0.997971401020772,0.0020254569118043683,shallow,0.9979713992864968,-0.002015724384698413
03_17,2,Baseline,3,-80.1195193865985,2.630309623205085e-10,-58.060802663835204,0.9999673600702756,-82.35091975444907,2.8243727141631067e-11,-68.42549649789616,3.152510093028362e-05,-74.55111419249134,6.891829467620558e-08,-77.36918761923359,4.115861799856614e-09,-71.83561537078965,1.041503362830329e-06,L1,0.00037495743836757844,0.9999673600702756,3.257101142960327e-05,shallow,0.9999673600420319,-3.152507268655648e-05
03_17,3,Baseline,3,-78.75430058007942,3.7726471154515176e-10,-57.05627066228569,0.9999558965316003,-80.87585457508982,4.5213381715880765e-11,-67.09741405433408,4.356800546967929e-05,-73.54658219094182,6.891750460288168e-08,-76.15525667136691,5.074539203289816e-09,-71.64598935064399,4.610484080717786e-07,L1,0.0004895462503271729,0.9999558965316003,4.4034550895047616e-05,shallow,0.9999558964863869,-4.356796025629757e-05
03_17,4,Baseline,3,-82.04728298441808,5.100869373295309e-11,-58.34826434467893,0.9999936073798087,-84.06881981769135,6.756190868681294e-12,-70.35253413952137,6.117994645238151e-06,-76.73048277261525,1.0392049227032784e-08,-79.32447162185032,7.765083889846456e-10,-73.49785294725352,2.633992236091036e-07,L1,8.403378857363861e-05,0.9999936073798087,6.3822281421208406e-06,shallow,0.9999936073730525,-6.1179878890472815e-06
03_17,5,Baseline,3,-82.43845173419973,3.828456918246469e-10,-60.755107447596025,0.9999551862683811,-84.58375602132826,4.480535786453566e-11,-70.7815652084544,4.421251891581462e-05,-77.24541897625215,6.891745565115405e-08,-79.83940782548723,5.149608252565832e-09,-75.21166319073453,5.267179884725257e-07,L1,0.0004969683331662555,0.9999551862683811,4.47448141635894e-05,shallow,0.9999551862235757,-4.4212474110456755e-05
03_17,6,Baseline,3,-80.45812430101334,4.0101662683175996e-09,-61.124155153424574,0.9995361221467138,-82.60342858814188,4.693194636510464e-10,-68.801237775268,0.00046310969609855576,-75.9598271278586,3.6036949389979654e-07,-77.85908039230085,5.394023166635954e-08,-75.99083126483238,3.493679762884764e-07,L1,0.004030847440791938,0.9995361221467138,0.0004635174837922426,shallow,0.9995361216773944,-0.0004631092267790921
03_17,7,Baseline,3,-81.50010367459363,1.1699641258875683e-09,-60.93394760201485,0.9998633316773705,-83.31359566117655,1.90802026323944e-10,-69.8432171488483,0.00013511203639277454,-77.12163952492907,9.32642849281482e-08,-78.89788710314558,1.57870448604581e-08,-74.38060740191588,1.4458741408139277e-06,L1,0.0013616910543030963,0.9998633316773705,0.00013657505834460115,shallow,0.9998633314865685,-0.0001351118455907482
03_17,8,Baseline,3,-81.49039929841364,1.3144371427611958e-09,-61.040695739994796,0.9998462789696939,-83.30389128499655,2.143632140207969e-10,-69.8335127726683,0.00015179634583584826,-77.01489138694912,1.1545911182883338e-07,-78.88818272696558,1.7736508051715687e-08,-74.27385926393593,1.7899600500155601e-06,L1,0.0015143297465991365,0.9998462789696939,0.00015360557119427232,shallow,0.9998462787553307,-0.00015179613147263423
03_17,9,Baseline,3,-79.72825188793033,3.8896694831679727e-10,-58.060802663835204,0.9999224854130483,-83.87896949604811,6.127438294572846e-12,-67.54314447557888,7.617941094642837e-05,-74.77785343378186,5.493427932650091e-08,-76.82047072064981,7.124362600260795e-09,-71.63507757897177,1.2727222689073226e-06,L1,0.0008182136628774853,0.9999224854130483,7.745965267232256e-05,shallow,0.9999224854069209,-7.617940481899007e-05
03_17,10,Baseline,3,-78.63469046123097,1.0356959856984901e-08,-60.24929157980708,0.9997918098205179,-80.79246805838635,1.197075078119299e-09,-68.73706495791158,0.00020592848905356755,-73.51495669849763,1.732624355235397e-06,-76.07000674884108,1.3460471631152904e-07,-75.02455622380997,3.8290732211592583e-07,L1,0.001987072724179423,0.9997918098205179,0.0002064575551269301,shallow,0.9997918086234427,-0.00020592729197848944
03_17,11,Baseline,3,-82.27714794345255,7.584687447312279e-10,-61.277506233719016,0.9999221880894285,-81.19533858747522,2.237492162241994e-09,-70.82809567934424,7.115376911918219e-05,-75.88381065006973,4.534493632496519e-07,-79.08838777343595,1.8399187063205676e-08,-73.27108736189587,6.183296941209586e-06,L1,0.0008385466666893337,0.9999221880894285,7.735846120836195e-05,shallow,0.9999221858519363,-7.115153162701995e-05
03_17,12,Baseline,3,-78.36141502894658,4.078053683940676e-08,-61.34659838591878,0.9997557652528885,-80.63096522045662,4.2150216920369096e-09,-69.82397478857916,0.00020807318956695553,-74.06047917524396,3.008331192937992e-06,-76.23695891960686,3.412655928133006e-07,-71.67244382996392,3.276696520043591e-05,L1,0.0023906302321238405,0.9997557652528885,0.00024122641591873618,shallow,0.9997557610378668,-0.0002080689745452635
03_17,13,Baseline,3,-80.80188979998992,3.163892223888364e-09,-61.23046407013746,0.9999628796738631,-84.13467091243993,1.1293101579584563e-10,-71.4753464446372,3.5537591881340796e-05,-76.79633386736383,1.7370508001031512e-07,-79.3903227165989,1.2979485459555673e-08,-74.71464087892518,1.3927728666951662e-06,L1,0.00042298394415639476,0.9999628796738631,3.69466210567352e-05,shallow,0.9999628795609321,-3.5537478950325e-05
03_17,14,Baseline,3,-80.02569500124045,6.051961130512177e-09,-61.102866663049575,0.9999448760837653,-83.328517493731,2.2258635970587298e-10,-70.91714375321718,5.4662523265568685e-05,-77.5931781917057,6.891674506761914e-08,-79.97498637025002,6.366761899506983e-09,-75.88634065028552,3.798349150603292e-07,L1,0.0005985899452126277,0.9999448760837653,5.5054999490018736e-05,shallow,0.9999448758611789,-5.466230067920898e-05
03_17,15,Baseline,3,-80.27666237504285,5.069516443627182e-09,-61.176680008649285,0.9999619672145081,-83.16386440379772,2.8253394065219193e-10,-71.39844037422328,3.636883253746886e-05,-77.70953010470635,6.604773296593634e-08,-80.14963643992778,5.756164526870888e-09,-74.53043500995634,1.586797006489437e-06,L1,0.0004322809067193689,0.9999619672145081,3.7966737758869446e-05,shallow,0.9999619669319743,-3.63685500035282e-05
03_17,16,Baseline,3,-82.75628030916039,4.799121757758728e-10,-61.29890670326506,0.999955610979811,-82.09638302399827,9.284350299259558e-10,-71.39629313229224,4.118523172963878e-05,-75.24233565853676,8.798861214624034e-07,-77.83632450777183,6.57463162211947e-08,-74.3004481764344,2.2567476746310957e-06,L1,0.0005029799145242978,0.999955610979811,4.350913406769677e-05,shallow,0.999955610051376,-4.118430329460885e-05
03_18,1,Baseline,3,-69.54976160883979,1.2579405988451405e-07,-53.68290374136164,0.9784732355584708,-69.29249256575237,1.627011638444252e-07,-59.40631181514651,0.0031981910725993475,-57.86987786015636,0.0148651465502465,-60.51112387903339,0.0010594747815973135,-59.691903126053,0.0024036635418622485,L1,0.12398885696306348,0.9784732355584708,0.006661617891282638,shallow,0.9784730728573069,-0.003198028371435503
03_18,2,Baseline,3,-69.17298305556407,5.57259770383135e-06,-58.08021141619519,0.36608944168111107,-69.03651563549586,6.38740919515286e-06,-58.80263707781307,0.1777631449959726,-58.04397031031975,0.3796002728808492,-60.114806771202375,0.04786010731357642,-60.627060882895364,0.028675073121591645,D1,1.290079967882779,0.3796002728808492,0.25431028543803963,shallow,0.3660830542719159,-0.17775675758677745
03_18,3,Baseline,3,-68.89465438120443,6.2630019182641205e-06,-57.968482023205226,0.3483043577734911,-69.03651563549586,5.434667578194733e-06,-58.51292288551045,0.2020743757751946,-57.93224091732978,0.3611588158600232,-59.79367843189525,0.05614178018393145,-60.34621372665774,0.03230897273786336,D1,1.3310277687258967,0.3611588158600232,0.29053682636648587,shallow,0.3482989231059129,-0.20206894110761642
03_18,4,Baseline,3,-69.33455018862455,3.0665314452465317e-06,-57.08669544127957,0.6394743871420981,-69.57048180477874,2.4220528950916045e-06,-59.25460954007902,0.07316611983491933,-57.971923616684805,0.26385992980674383,-60.78911311805976,0.015771884486935978,-61.50324398877963,0.007722190144962491,L1,0.931870143527321,0.6394743871420981,0.09666568305115814,shallow,0.639471965089203,-0.07316369778202424
03_18,5,Baseline,3,-69.24050012940646,2.911028729809935e-06,-57.358575784597754,0.42101800497807806,-68.92089286681625,4.007284367030711e-06,-58.858768633712465,0.0939237000270702,-57.322334678722314,0.43655601987189246,-60.13952418009727,0.026094568896986185,-60.292155251610126,0.02240078791287618,D1,1.1285251323387422,0.43655601987189246,0.14242597515002942,shallow,0.421013997693711,-0.09391969274270318
03_18,6,Baseline,3,-67.04667642026018,7.643380826536816e-06,-57.941119766386194,0.06883011703455955,-66.72706915766997,1.0521778841888335e-05,-56.66494492456619,0.24661199684936674,-55.823246554368865,0.5722148935026463,-57.945700470950996,0.06851554762806843,-58.392915500029346,0.04380927982569055,D1,1.1697839979488251,0.5722148935026463,0.35895498946279414,shallow,0.06881959525571765,-0.24660147507052485
03_18,7,Baseline,3,-68.10806454620045,1.516132737667284e-06,-56.256438283257225,0.21273214203006569,-67.45664498306462,2.908339804180626e-06,-57.72633305050647,0.04891768844314334,-55.063592467800305,0.7012606477180233,-59.00391593415571,0.013633856861983531,-58.46154871625198,0.02345124047424231,D1,0.8723513136050588,0.7012606477180233,0.08600721025191103,shallow,0.2127292336902615,-0.04891478010333916
03_18,8,Baseline,3,-68.2051083080004,3.532808513946137e-06,-57.323919663056685,0.18782797805194384,-67.55368874486457,6.776852294256391e-06,-57.82337681230642,0.11398528764730496,-56.13107384759976,0.6191653423470821,-59.10095969595566,0.0317688579655935,-58.70415812075186,0.047242224327267414,D1,1.1123585585596258,0.6191653423470821,0.19300667960097406,shallow,0.1878212011996496,-0.1139785107950107
03_18,9,Baseline,3,-68.19945298609619,5.8696740531946775e-06,-57.01273003639574,0.42359032581699757,-68.42960261749599,4.662955494243962e-06,-57.968806936395765,0.16282725856438585,-57.203228171810814,0.35011743964219894,-59.46904611081865,0.0363229837123341,-59.76080288512982,0.027131459634536108,L1,1.2452594586801684,0.42359032581699757,0.2262922345408035,shallow,0.42358566286150334,-0.1628225956088916
03_18,10,Baseline,3,-67.64933662547658,6.662129491030866e-06,-56.38694986016905,0.518567738930748,-68.79785909991247,2.1125942664123975e-06,-57.02776465912955,0.27321413478059553,-57.8812066725256,0.11637454790901326,-60.329508584889105,0.010059444439537948,-58.23404455718252,0.08177535921634786,L1,1.1964657711545301,0.518567738930748,0.3650577131602388,shallow,0.5185656263364816,-0.2732120221863291
03_18,11,Baseline,3,-69.29269261461917,1.1054252664031098e-06,-58.094470846680636,0.08069661317965929,-65.31897915700331,5.878834229861097e-05,-59.11879538056221,0.02897322340174899,-55.747230076579996,0.8438184598218473,-59.17500785208609,0.027389496512905266,-59.53745419196686,0.01906231331627405,D1,0.6236306255639487,0.8438184598218473,0.07548492699849332,shallow,0.08063782483736068,-0.02891443505945038
03_18,12,Baseline,3,-65.41577720483318,2.8595883257127953e-05,-55.174615135441925,0.8016479575434677,-65.31745960842441,3.1550213683454314e-05,-58.178723372585104,0.03974807128029183,-56.9128464651927,0.14095465262555457,-59.31252686169549,0.012791205053460914,-60.293092321301714,0.00479796740028454,L1,0.6636050528238063,0.8016479575434677,0.05739738983097786,shallow,0.8016164073297842,-0.039716521066608376
03_18,13,Baseline,3,-68.35117516105626,7.107680187137047e-06,-57.086695441279566,0.5544077111093029,-69.21904472378753,2.984124348374215e-06,-58.91206104201561,0.08934763353983366,-57.620486535693594,0.3250923391030406,-60.43767603706855,0.019431972197052904,-60.944131079512196,0.011710252246234506,L1,1.0368823893978418,0.5544077111093029,0.12049994978765657,shallow,0.5544047269849545,-0.08934464941548528
03_18,14,Baseline,3,-66.61424712048729,6.27933443212243e-05,-57.919831276011195,0.3748438919651365,-67.87915061517887,1.7724459725450523e-05,-58.78085090251537,0.15845807142110002,-57.883590170135754,0.3886778133351096,-60.06160644890017,0.04402397968552894,-60.32246213280944,0.03391572578907825,D1,1.280093934479789,0.3886778133351096,0.23647829469975387,shallow,0.37482616750541103,-0.15844034696137457
03_18,15,Baseline,3,-67.07871077024957,3.830522723777099e-05,-57.780148345651014,0.418381423930826,-67.50100124928571,2.511074618165903e-05,-59.47564379948136,0.0767764582580063,-57.78644580717649,0.4157549617130483,-60.449752794537815,0.028985307538734354,-59.72155695928388,0.06003843258596556,L1,1.198692819446731,0.418381423930826,0.16586361435612565,shallow,0.41835631318464434,-0.07675134751182465
03_18,16,Baseline,3,-69.34483242840722,8.566346664597872e-07,-58.11587131622668,0.0644868990980767,-66.64701614544614,1.27186896564463e-05,-59.26000028159042,0.020539156204318003,-55.532747636966796,0.8537050570403218,-58.34993713834176,0.05102911061719239,-59.957380182401714,0.010226201715768398,D1,0.5904608221183829,0.8537050570403218,0.0818080438616017,shallow,0.06447418040842025,-0.020526437514661558
04_01,1,Baseline,4,-75.6052923451567,5.0693603506099516e-05,-69.05463561047381,0.035470493957428004,-70.35997394555183,0.009615369998396014,-69.73564982113325,0.0179517388855905,-66.79790394575181,0.33880775748904596,-66.64234874955427,0.39583127834207615,-67.31372017782111,0.2022726677239571,D2,1.2925664656695117,0.39583127834207615,0.6257217485535259,deep,0.02585512395903199,-0.008336368887194485
04_01,2,Baseline,4,-75.44201006784088,4.9069567024001436e-05,-69.16260901374955,0.026177095255862964,-71.38497467105466,0.0028363532048336533,-69.3454713597597,0.02180245232677664,-67.1854926718751,0.18904803636106693,-66.45952791768315,0.3907101175176127,-66.51567634891636,0.3693768757668231,D2,1.2458620535825602,0.3907101175176127,0.7847748683830701,deep,0.02334074205102931,-0.018966099121942987
04_01,3,Baseline,4,-75.59067394540102,4.762360365690248e-05,-69.47787217267935,0.02150692566500301,-70.74448584317499,0.006060312320083934,-69.48274971937687,0.0214022800451646,-67.5007558308049,0.15532059708655466,-66.5653921302958,0.39577863388032153,-66.55507360661858,0.39988362739921535,S,1.2188882946055806,0.39988362739921535,0.8231724772484423,deep,0.015446613344919077,-0.015341967725080667
04_01,4,Baseline,4,-77.61238307016033,5.463213095648308e-05,-70.62430021237267,0.05920167098129198,-72.66617780619715,0.0076834769586719195,-71.61216216768472,0.0220450439446572,-68.92816432389922,0.3228170183369629,-68.94855261019961,0.31630197352471034,-69.09982966247976,0.271896184122749,D1,1.3725719357423494,0.3228170183369629,0.617981310681745,shallow,0.05151819402262006,-0.01436156698598528
04_01,5,Baseline,4,-77.46010675386226,3.210860134343967e-05,-70.39155299433111,0.03770989132542654,-72.1524501347546,0.0064819752665047645,-71.3521825278381,0.01442976224062483,-68.41443665245666,0.2723365918479599,-68.43482493875705,0.26684033545774205,-68.02460219183018,0.4021693352603984,S,1.290845430604125,0.4021693352603984,0.6899535168266135,deep,0.03122791605892178,-0.007947786974120064
04_01,6,Baseline,4,-76.83839198587519,3.9046539206008584e-05,-69.77075432980017,0.045816148887284996,-71.53073536676753,0.007882582572462896,-70.73046775985102,0.017547705396300555,-68.48745746926241,0.16532834815317116,-67.81311017076997,0.32449845786646275,-67.51114735875271,0.4388877105851117,S,1.274976994248515,0.4388877105851117,0.788855502959544,deep,0.0379335663148221,-0.00966512282383766
04_01,7,Baseline,4,-76.51205431807618,1.4048347297984457e-05,-69.4737986404105,0.016006664351825274,-70.87258539842288,0.003951986640719893,-70.40413009205201,0.0063133958784242685,-66.34007758895456,0.367501062190718,-67.48359984023539,0.11712057476426904,-66.05425263948013,0.4890922678267455,S,1.0890379837438053,0.4890922678267455,0.6164922734574567,deep,0.012054677711105381,-0.0023614092377043754
04_01,8,Baseline,4,-76.22092303267632,7.0479231891991206e-06,-66.85361707181184,0.0824575546797901,-70.58145411302303,0.001982674381386559,-70.11299880665216,0.003167371098557944,-64.85530803341531,0.6082540928969846,-67.19246855483554,0.05875828645920785,-65.76312135408027,0.24537297256088383,D1,1.0501048905288526,0.6082540928969846,0.30928835242322544,shallow,0.08047488029840354,-0.001184696717171385
04_01,9,Baseline,4,-76.60344275797192,6.572246732440977e-05,-70.230090393549,0.03851462043949577,-71.84554303285425,0.007656732158577331,-70.64660397794131,0.025394289768565618,-68.47971329296507,0.2217199327997522,-67.94873001689834,0.37705772692091455,-68.08327589709359,0.3295909754453701,D2,1.3242136503617088,0.37705772692091455,0.739765446760752,deep,0.03085788828091844,-0.017737557609988287
04_01,10,Baseline,4,-74.55885246563305,0.00021550664517755165,-69.74017148384225,0.026680086094373917,-70.71932558355148,0.010021806293859958,-71.20003563239433,0.0061969256081616745,-67.76996599994057,0.19135358210509668,-67.31471855924954,0.3016810617979275,-66.88452548403012,0.4638510314554027,S,1.2104224180885959,0.4638510314554027,0.7819663318005293,deep,0.01665827980051396,0.003824880685698284
04_01,11,Baseline,4,-75.56171962689596,0.0002449081180048584,-69.176868444235,0.14518067704480211,-70.86988233196048,0.02670805292489383,-69.66162966250884,0.08940868249167248,-69.15867795733317,0.14784575025099472,-68.65812425517726,0.24389143905708782,-68.3063285082104,0.3467204901125442,S,1.5888582456665166,0.3467204901125442,0.7069735727042031,deep,0.11847262411990828,-0.06270062956677866
04_01,12,Baseline,4,-73.52863569130903,6.427576787018248e-05,-70.740434528154,0.0010445943036778353,-68.34522497658287,0.011459718364522456,-70.151982703463,0.0018815208424909945,-64.98688744694859,0.32936799947281953,-64.88089791377665,0.36619471431790035,-65.11422640752326,0.2899871769307187,D2,1.1634564593301289,0.36619471431790035,0.6695874062235027,deep,-0.01041512406084462,0.009578197522031462
04_01,13,Baseline,4,-78.24963886465122,9.278947196532408e-06,-68.8095818667136,0.1167517412364096,-71.9944963112661,0.004831395581100653,-70.09538415184191,0.03227353438703222,-68.25648282896817,0.20298840281377983,-68.27687111526856,0.19889172120909776,-67.47323537341288,0.44425392582538337,S,1.3927764034987724,0.44425392582538337,0.6802598559498105,deep,0.11192034565530895,-0.027442138805931566
04_01,14,Baseline,4,-76.6194589620622,3.4118989507363126e-05,-69.53596956346529,0.040673965763799544,-69.69386896083795,0.03473295084956621,-71.13840353012107,0.00819196879674454,-67.55885322159082,0.293742803909516,-68.22104594104002,0.1514888232619981,-67.086412330266,0.4711353684288683,S,1.2869871558807955,0.4711353684288683,0.6655832303266845,deep,0.005941014914233336,0.02654098205282167
04_01,15,Baseline,4,-76.12318937000497,0.0001833639200482367,-70.3570198749246,0.05855034768990073,-71.55743049252364,0.0176277860641693,-71.53430164074322,0.01804024801408418,-68.74268651439091,0.2941884030805301,-68.9080870730215,0.24934059925299756,-68.53507140595539,0.36206925197826983,S,1.38545714886923,0.36206925197826983,0.6472612492295691,deep,0.04092256162573143,-0.0004124619499148788
04_01,16,Baseline,4,-75.03159686988432,0.00016531092504337903,-68.13078753398158,0.16416666335641203,-72.6249118723231,0.0018344740394868478,-68.73535318373759,0.08968616331374754,-68.41045482782023,0.1241157822706565,-68.43084311412062,0.12161089610459615,-67.02022516620212,0.4984207099900576,S,1.388153303499093,0.4984207099900576,0.7117175543729315,deep,0.16233218931692517,-0.0878516892742607
04_02,1,Baseline,4,-71.102461797639,7.89896976470252e-11,-47.84086928100462,0.9998888413160418,-75.891468368149,6.572511037167556e-13,-56.947222891135766,0.00011094624258565609,-64.60471492907293,5.242109171659439e-08,-66.12025331107054,1.1516383135263788e-08,-63.56394922187103,1.4842425061307976e-07,L1,0.0011249054129431322,0.9998888413160418,0.00011110626286635319,shallow,0.9998888413153846,-0.00011094624192840498
04_02,2,Baseline,4,-73.65640485072178,6.844562798374811e-12,-47.94884268428036,0.9999956355464992,-79.24551937685065,2.5587279612995914e-14,-60.29322925906031,4.3541073531509636e-06,-68.7284884844943,9.45175808802951e-10,-69.33396414219767,5.158908920194336e-10,-66.48850409561238,8.878210897082312e-09,L1,5.830869597017074e-05,0.9999956355464992,4.363508325090143e-06,shallow,0.9999956355464736,-4.354107327563684e-06
04_02,3,Baseline,4,-73.37807617636216,8.085343822178236e-12,-47.837113291290386,0.999994787215906,-79.24551937685065,2.2882332278203905e-14,-60.00351506675769,5.20231422419394e-06,-68.61675909150433,9.451750069778968e-10,-69.01283580289056,6.3606031358887e-10,-66.37651308490666,8.880526364531562e-09,L1,6.870419898780162e-05,0.999994787215906,5.211838919098215e-06,shallow,0.9999947872158831,-5.202314201311608e-06
04_02,4,Baseline,4,-73.62388446018235,7.613626793078245e-12,-48.02280808916419,0.9999948959801299,-78.90609168993399,3.868638348183067e-14,-60.21146103142653,5.087835587148078e-06,-67.7830479346598,2.619598043306583e-09,-69.13487663285551,6.778645357536136e-10,-66.19045768371724,1.2879168206633042e-08,L1,6.741815042970446e-05,0.9999948959801299,5.101400272203641e-06,shallow,0.9999948959800913,-5.087835548461694e-06
04_02,5,Baseline,4,-73.62687816276421,3.109009657087999e-12,-47.13016329088296,0.9999979931982694,-79.03285284637109,1.3958446830980949e-14,-60.25231705315976,2.0004152597517772e-06,-67.90980909109692,9.451780372080888e-10,-69.26163778929262,2.4458052754835896e-10,-66.20600209569912,5.19358923361798e-09,L1,2.8380768658499554e-05,0.9999979931982694,2.0058565524810475e-06,shallow,0.9999979931982554,-2.0004152457933303e-06
04_02,6,Baseline,4,-71.5300982154179,4.993098619637861e-11,-47.809751034471354,0.9999678414323314,-76.93607289902477,2.2417396306622907e-13,-58.15553710581344,3.2126856374979736e-05,-66.50776472854342,7.577777749561018e-09,-67.1648578419463,3.927986173049849e-09,-65.52951374279772,2.015537434160909e-08,L1,0.0003651127233110505,0.9999678414323314,3.2150989890654555e-05,shallow,0.9999678414321073,-3.212685615080577e-05
04_02,7,Baseline,4,-72.7467563602381,1.5139311056477548e-11,-47.83303975902152,0.9999902274535342,-77.82091874329934,9.471644493176371e-14,-59.37219525063363,9.741014728102373e-06,-67.45608084965399,3.004811910113059e-09,-68.37834332403094,1.1947685675947005e-09,-65.24878941654053,2.7316923179878796e-08,L1,0.0001227353129539942,0.9999902274535342,9.769541653877347e-06,shallow,0.9999902274534395,-9.741014633385927e-06
04_02,8,Baseline,4,-72.59148634135818,3.204647976854425e-12,-46.12506955134239,0.9999979228148107,-77.66564872441943,2.0049318129014178e-14,-59.21692523175371,2.0619513678309717e-06,-65.74811064197486,3.0048350334522496e-09,-68.22307330515102,2.529053441512723e-10,-64.36569118416098,1.1972856470999989e-08,L1,2.9354987571563603e-05,0.9999979228148107,2.074180354343418e-06,shallow,0.9999979228147906,-2.0619513477816536e-06
04_02,9,Baseline,4,-73.75035616105336,6.230796494383174e-12,-47.94884268428036,0.9999965336935355,-77.57112497905133,1.3652266350233965e-13,-60.52688049744246,3.4468793259341315e-06,-68.42148703588511,1.2848192140949031e-09,-69.75568486161342,3.3838201267410724e-10,-65.79304311861475,1.7797570092097376e-08,L1,4.71727218772207e-05,0.9999965336935355,3.4650216453580607e-06,shallow,0.9999965336933989,-3.446879189411468e-06
04_02,10,Baseline,4,-70.21129193699527,4.699251111667603e-11,-46.43025989949412,0.9999991726442994,-77.08539635762824,4.860075712168125e-14,-60.43982332401582,8.236136800396327e-07,-66.75100650104108,1.4955864557919527e-09,-67.62719947224538,6.227098723284621e-10,-66.69820146137421,1.5766832751630054e-09,L1,1.2442490252376308e-05,0.9999991726442994,8.258601142989979e-07,shallow,0.9999991726442508,-8.236136314388756e-07
04_02,11,Baseline,4,-73.77611440977688,6.1595611973861076e-12,-47.963102114765796,0.9999967199055019,-75.5279828983581,1.0683731300594012e-12,-60.609387561809456,3.219486358442815e-06,-66.43174825075455,9.53163647190629e-09,-68.3941652230814,1.3393701264052632e-09,-64.7797582044002,4.9729905238853546e-08,L1,4.503452369623191e-05,0.9999967199055019,3.270562861742401e-06,shallow,0.9999967199044335,-3.219485290069685e-06
04_02,12,Baseline,4,-69.64688521931102,3.312337207910626e-10,-47.81869799100567,0.9999903437345096,-75.1771058072994,1.3133795748817283e-12,-59.391770395084485,9.416170691173445e-06,-64.82191305188867,4.126609092512009e-08,-65.75623264521221,1.6211510691315746e-08,-63.336384691348165,1.8228465073231406e-07,L1,0.00012245869030811632,0.9999903437345096,9.61499939969744e-06,shallow,0.9999903437331962,-9.41616937779387e-06
04_02,13,Baseline,4,-71.76711557641453,4.875026091658508e-11,-48.02280808916419,0.9999969208911431,-78.36056708534286,6.675400661130677e-14,-60.722897637202685,3.0508429540538957e-06,-67.2375233300687,4.520160567192323e-09,-68.5893520282644,1.1696666792986359e-09,-65.63134477444981,2.2527258673649598e-08,L1,4.2333833537258865e-05,0.9999969208911431,3.074588696421767e-06,shallow,0.9999969208910764,-3.050842887299889e-06
04_02,14,Baseline,4,-72.16515029544446,8.907119702229114e-12,-46.7209811642969,0.9999989386975753,-77.02067297673422,6.93442701520209e-14,-60.484939359722496,1.052903200141864e-06,-67.50062696451086,9.451789308750603e-10,-69.49426009585537,1.287330812403446e-10,-65.45413625679083,7.316336197098819e-09,L1,1.571327757231254e-05,0.9999989386975753,1.0603572458841754e-06,shallow,0.9999989386975059,-1.0529031307975938e-06
04_02,15,Baseline,4,-71.3486362894474,6.309605011424714e-11,-47.862275889696065,0.9999974541753491,-77.49650871468062,1.3490097949687947e-13,-60.752739704768715,2.521979721993497e-06,-68.25746770539115,1.3882881972300437e-09,-69.45541388957324,4.1900404349577493e-10,-65.49566078638094,2.1974405603240357e-08,L1,3.54816473025386e-05,0.9999974541753491,2.544436362591327e-06,shallow,0.9999974541752142,-2.5219795870925175e-06
04_02,16,Baseline,4,-73.82825422356494,5.973103177076257e-12,-47.98450258431184,0.9999971108416815,-76.85601988680094,2.8923982933466697e-13,-60.75059246283766,2.8559878500267197e-06,-66.21726581114136,1.2067304899086959e-08,-67.56909450933706,3.1226157211858735e-09,-65.81882339511873,1.7974285209036863e-08,L1,3.995085743211988e-05,0.9999971108416815,2.877091013299949e-06,shallow,0.9999971108413923,-2.8559875607868903e-06
04_03,1,Baseline,4,-63.21280396330301,0.0024469243554997985,-66.98760348413487,5.613657882262483e-05,-63.05257868201555,0.0028721392980350234,-63.3540520451685,0.002124600509042309,-60.068889502543236,0.05675514605215028,-57.51441251465092,0.7301305249609449,-58.78163264036946,0.2056145282455052,D2,0.7628591535358358,0.7301305249609449,0.9431887173690271,deep,-0.0028160027192123986,0.0007475387889927143
04_03,2,Baseline,4,-64.2237512037666,0.005509560354420661,-66.13484364559109,0.000814967036697334,-65.93111525789743,0.0009991211617690157,-65.15706260047384,0.002166631013494553,-62.649667245345405,0.026590892977960495,-59.18512753315885,0.8498913349722604,-61.193796451807074,0.11402749248339737,D2,0.5369188931894087,0.8498913349722604,0.972594139985342,deep,-0.0001841541250716817,-0.0011675098517255375
04_03,3,Baseline,4,-65.54664459910614,0.0052454668561525385,-67.6243363223003,0.0006568316882705589,-66.46485594779716,0.0020941607971052705,-66.4685704778704,0.0020863964033109336,-64.13915992205462,0.021431224013814833,-60.46522126355091,0.8445361850220611,-62.3841327244567,0.12394973521928482,D2,0.5419996029596494,0.8445361850220611,0.9779119442979146,deep,-0.0014373291088347116,7.764393794336931e-06
04_03,4,Baseline,4,-65.98654040652625,0.0086358558453239,-66.74254974037464,0.0040548491519421595,-66.99882211708004,0.003138174023718864,-67.21025713243897,0.0025401067159555694,-64.17884262140964,0.0526475974643611,-61.460655949715424,0.7977595825258899,-63.26555870306674,0.1312238342728085,D2,0.698386757546716,0.7977595825258899,0.9432975533836967,deep,0.0009166751282232953,0.0005980673077632948
04_03,5,Baseline,4,-65.89249034730815,0.004763625381819016,-67.01443008369283,0.0015512627501814546,-66.34923317911755,0.003017009718364935,-66.81441622607241,0.0018947428581481533,-63.52925368344715,0.05061488368650527,-60.811067011752925,0.7669582359703451,-62.3106654970491,0.17120023963463607,D2,0.7215477999427604,0.7669582359703451,0.9478338535633133,deep,-0.0014657469681834804,0.0011222668602167817
04_03,6,Baseline,4,-66.47411822564047,0.003498042456868531,-64.82152247800269,0.018261577484954963,-66.93086105744987,0.0022154613853357635,-67.39604410440474,0.0013913543638311202,-63.417891352832996,0.07432373781729608,-61.392694890085245,0.5631955195949475,-61.90589967718756,0.33711430689676597,D2,0.9986704911251949,0.5631955195949475,0.9074146846977489,deep,0.0160461160996192,0.0008241070215046433
04_03,7,Baseline,4,-65.14822981130196,0.00649097020520017,-65.05830747851275,0.007101701084091744,-66.94231304552488,0.0010793173712549818,-66.07015569006623,0.002581798200524947,-62.9144327974163,0.060594796663821844,-60.21890383189109,0.8976120786466674,-63.81836436760926,0.024539337828438985,D2,0.4484082454192468,0.8976120786466674,0.9323035022520865,deep,0.006022383712836763,-0.0015024808292699652
04_03,8,Baseline,4,-64.66301100230221,0.0030166559870622306,-64.84481120255285,0.0025151909587115924,-64.78794153356598,0.0026623745101142433,-65.58493688106647,0.0011998817977566122,-60.20303009272568,0.26089808141914256,-59.57841500401142,0.48723420786959354,-60.276267061911064,0.24247360745761912,D2,1.1008432320496557,0.48723420786959354,0.7365867276221458,deep,-0.00014718355140265092,0.0014624927123576311
04_03,9,Baseline,4,-65.91892458379735,0.006890289112905162,-67.73606571529027,0.0011196004872808842,-64.79046154999784,0.02129721002041686,-66.99193590855518,0.0023563215095205674,-63.94388786643538,0.0496575162010914,-61.20807032227377,0.7658354327468998,-62.81962225706426,0.15284362992188538,D2,0.7786488035172858,0.7658354327468998,0.9492228833116277,deep,-0.020177609533135975,0.018940888510896293
04_03,10,Baseline,4,-65.0485638092379,0.0029966606325255987,-65.97487352600416,0.0011867148145472879,-66.97343637807339,0.0004371958466371963,-64.23617528562988,0.006752326213947889,-63.34088871139082,0.016529945983516862,-61.1077995545247,0.1542019028057629,-59.43932807873791,0.8178952537030623,S,0.5830436276306363,0.8178952537030623,0.9822833392019358,deep,0.0007495189679100915,-0.006315130367310693
04_03,11,Baseline,4,-64.66370517676152,0.02060961212208189,-66.46934749001636,0.0033875781687358257,-64.02829712506397,0.03890666709413893,-65.79346531716281,0.006659187195819236,-63.23512673706418,0.08599902977753811,-61.1275283395011,0.7076392373739547,-62.77095233514121,0.13679868826773128,D2,0.9867961872898778,0.7076392373739547,0.910613392053726,deep,-0.035519088925403106,0.03224747989831969
04_03,12,Baseline,4,-62.12599367981485,0.15133707048503756,-64.18998060665733,0.01921176164315739,-63.386288748605395,0.0429147047433543,-65.49388213706538,0.005215427951071746,-63.76025429779721,0.029525343195799365,-60.62455852123082,0.6792197836795134,-62.86087025852841,0.07257590830206608,D2,1.0813306474996387,0.6792197836795134,0.9512628951610431,deep,-0.02370294310019691,0.037699276792282556
04_03,13,Baseline,4,-65.43015793087775,0.013814204796219259,-66.31555718845486,0.0056990422718768505,-67.07437758800862,0.0026683965226459113,-66.44071608245576,0.005028588076669087,-64.2543980923382,0.044766372080629474,-61.536211420643994,0.6783367907038217,-62.53564877303139,0.24968660554813765,D2,0.8798110739589151,0.6783367907038217,0.9495345856474936,deep,0.0030306457492309392,-0.002360191554023176
04_03,14,Baseline,4,-65.4012000979879,0.002274473864511973,-65.44072281550736,0.002186333718449274,-63.17252816788127,0.021124229250971144,-65.88251339103574,0.0014055595282581417,-61.95554641526168,0.07133609496279743,-59.87916417671626,0.5689455177035339,-60.4156241441374,0.3327277909714781,D2,0.9933137310600888,0.5689455177035339,0.9264775713187532,deep,-0.01893789553252187,0.019718669722713
04_03,15,Baseline,4,-65.86566374775019,0.0015258145484092595,-65.30103988514718,0.0026835814388468807,-66.85080804522603,0.0005697167907802714,-65.31767825983839,0.0026393004090775564,-62.178646466242256,0.06091903448949967,-59.60547206687825,0.7984881110495101,-61.396532287951025,0.1331744412738762,D2,0.6643543740815132,0.7984881110495101,0.9363973840716534,deep,0.002113864648066609,-0.0020695836182972847
04_03,16,Baseline,4,-65.6765782323691,0.0015836054993737232,-67.45148120138192,0.0002684209665680007,-64.3956008716873,0.005701227882531719,-66.89540346001053,0.0004680776777711609,-62.059911055631474,0.05893124266031191,-59.34172438393725,0.8929745288803976,-62.445582234952454,0.04007289643304597,D2,0.4423216624180208,0.8929745288803976,0.9408003363731202,deep,-0.005432806915963718,0.005233150204760558
04_04,1,Baseline,4,-65.73594177010173,0.008197278684487611,-73.23722174405168,4.527987301585092e-06,-63.790111271695174,0.05737638054347055,-66.75252458340277,0.0029660153473923387,-64.29417489131308,0.03465940475238948,-61.32240972768098,0.6767718900837434,-62.446005085935596,0.22002450260121495,D2,0.9345656156866492,0.6767718900837434,0.9653360672603088,deep,-0.057371852556168966,0.05441036519607821
04_04,2,Baseline,4,-65.5726594927859,0.008063939359932956,-76.64468304852574,1.2532234696375642e-07,-61.826164133759534,0.34168783274307113,-67.32307936384873,0.0014007142994347402,-63.507534099656965,0.0635945378998451,-61.35308517176974,0.5483844063465949,-64.05270567443361,0.03686844402877422,D2,1.0413566472133806,0.5483844063465949,0.936405336777808,deep,-0.3416877074207242,0.3402871184436364
04_04,3,Baseline,4,-65.29433081842627,0.010595188929716302,-76.53295365553576,1.3939167054949765e-07,-62.89364551355899,0.11687270235231809,-67.03336517154611,0.001861468459160607,-63.39580470666699,0.07073398392583888,-61.03195683246262,0.7520283400634952,-63.785444644847985,0.04790817687780044,D2,0.858015065983923,0.7520283400634952,0.9292658766824906,deep,-0.11687256296064753,0.11501123389315748
04_04,4,Baseline,4,-64.66674524604693,0.021240116623648463,-76.71864845340957,1.2390300449753626e-07,-63.42761168284187,0.07333406613023147,-66.70757044631522,0.002759546864844434,-64.50296878582148,0.025019815911046395,-60.959910138827674,0.8649976536055817,-65.18508431146975,0.012648676961643112,D2,0.5626811117120187,0.8649976536055817,0.9749800601859492,deep,-0.07333394222722697,0.07057451926538703
04_04,5,Baseline,4,-64.57269518682882,0.012118052446980209,-76.99052879672774,4.902710098782032e-08,-62.77802274487937,0.07292042079885075,-66.31172953994867,0.0021290203097030897,-63.85337984785898,0.024878690093404834,-60.31032120086518,0.8601185808914864,-63.74109054598037,0.02783518643247353,D2,0.5787032214006765,0.8601185808914864,0.9751212608794939,deep,-0.07292037177174976,0.07079140048914766
04_04,6,Baseline,4,-65.15432306516115,0.010770974340298568,-74.7976211910376,6.985923537151337e-07,-63.35965062321169,0.06481437382323979,-66.89335741828098,0.0018923521932355824,-63.74201751724483,0.044219262750744254,-60.891949079197495,0.7645052870442887,-62.7967614105111,0.11379705125583925,D2,0.8285352333854084,0.7645052870442887,0.9557800386569019,deep,-0.06481367523088608,0.06292202163000421
04_04,7,Baseline,4,-63.828434650822636,0.015178191252107006,-75.03440619154766,2.0631386561612204e-07,-63.37110261128671,0.023979316614558762,-65.56746900394248,0.002666656014378495,-63.23855896182813,0.027377877602453974,-59.71815802100334,0.9253168702972621,-64.84702824268874,0.0054808819053740855,D2,0.3676938156691282,0.9253168702972621,0.9726219160836804,deep,-0.023979110300693145,0.021312660600180267
04_04,8,Baseline,4,-63.828434650822636,0.015178191252107006,-75.03440619154766,2.0631386561612204e-07,-63.37110261128671,0.023979316614558762,-65.56746900394248,0.002666656014378495,-63.23855896182813,0.027377877602453974,-59.71815802100334,0.9253168702972621,-64.84702824268874,0.0054808819053740855,D2,0.3676938156691282,0.9253168702972621,0.9726219160836804,deep,-0.023979110300693145,0.021312660600180267
04_04,9,Baseline,4,-61.367572155379676,0.006125163230591713,-73.02495073338758,5.301301163267308e-08,-58.86108770402087,0.07510520450195579,-62.52986374099344,0.0019157588689584703,-59.87193162130946,0.027331665543639465,-56.40828586364821,0.8727871377989923,-60.36247420828951,0.016735017042850457,D2,0.5232271679087588,0.8727871377989923,0.9726682814433487,deep,-0.07510515148894416,0.07318944563299733
04_04,10,Baseline,4,-64.90299816653797,0.0022070246296085638,-75.84422410105914,3.9092471763035024e-08,-62.22799642605581,0.03202916927562222,-62.65630284352669,0.02087058204951708,-62.49078535802325,0.02462736185852434,-59.43282422585756,0.5241716608217862,-59.71299148701377,0.39609416227246974,D2,1.0010945519832195,0.5241716608217862,0.9753725990490039,deep,-0.03202913018315046,0.011158587226105143
04_04,11,Baseline,4,-62.48992491244263,0.07522173718606157,-75.59146109921173,1.5360964607465692e-07,-61.31107179466535,0.24451908552833748,-64.4367935271995,0.010735667753055757,-64.41323800531558,0.010991553944444614,-60.34923736986549,0.6397821898624174,-63.87919209489665,0.01874961211603714,D2,0.9975805488761758,0.6397821898624174,0.9890082924459093,deep,-0.2445189319186914,0.23378341777528172
04_04,12,Baseline,4,-61.825158018235,0.10680241166915372,-73.24416358259272,1.1731943263554652e-06,-61.4163003840664,0.16074803540489382,-63.38997338124245,0.022335227586578292,-63.144996847985524,0.028535293161643865,-60.017064572363125,0.6513674702042094,-63.08795266114029,0.03021038877919453,D2,1.1040938653756631,0.6513674702042094,0.9714635336440297,deep,-0.16074686221056747,0.13841280781831553
04_04,13,Baseline,4,-64.5373553223182,0.016659420999238835,-75.86466334957001,2.005730286102162e-07,-63.07617460185065,0.0718195413486837,-65.51103684441225,0.006292096739598397,-64.15153170483026,0.02450309655772771,-60.60847305783646,0.8471333723581697,-63.83603518115072,0.03359227142355322,D2,0.6346667457070725,0.8471333723581697,0.9754967028692438,deep,-0.07181934077565508,0.0655274446090853
04_04,14,Baseline,4,-60.83043891721023,0.09602742676332787,-75.95056221844202,2.6050086867754062e-08,-63.33750256294118,0.007826928818160123,-64.63258973905238,0.0021435922093899613,-62.813413269573246,0.013219056909975909,-58.631181399968895,0.8660055898704191,-62.70197517214423,0.01477737937864029,D2,0.520194844904441,0.8660055898704191,0.9867809170399374,deep,-0.007826902768073256,0.005683336608770162
04_04,15,Baseline,4,-61.1299281719126,0.0977051399419832,-76.55811625394145,1.9477825078571568e-08,-60.07715347158949,0.2799829945080085,-65.64762704995822,0.0010663645952266915,-63.036513320553816,0.014517706152816515,-59.33957215954638,0.5854086670342262,-62.65227856564238,0.021319108289913888,D2,1.0479043825109948,0.5854086670342262,0.9854822743693584,deep,-0.27998297503018343,0.2789166299127818
04_04,16,Baseline,4,-65.74450886562906,0.00021309756762314118,-76.68034294855723,3.794950323755938e-09,-59.43666464370982,0.116960827111787,-66.60621304984667,9.00212668339228e-05,-60.99631142630402,0.02458637149447166,-57.45325277931021,0.850012395335154,-62.102047318180624,0.008137283429179878,D2,0.522016234458095,0.850012395335154,0.9754136247105779,deep,-0.11696082331683667,0.11687080584495307
04_05,1,Baseline,4,-67.53125136340081,8.579967873293611e-11,-74.27558999531115,1.0103145552420382e-13,-44.352245783165074,0.9999997264227602,-71.45720615546438,1.6922524802402261e-12,-60.154288012927196,1.3717031564454036e-07,-60.78090553683725,7.330331329384003e-08,-60.93212240185637,6.301601778795838e-08,L2,4.692259033372672e-06,0.9999997264227602,0.9999998628295832,deep,-0.9999997264226592,0.999999726421068
04_05,2,Baseline,4,-65.87349515436576,2.8154665273375845e-10,-78.20708761350494,1.2391937701143671e-15,-43.88277257694867,0.9999996244087762,-70.3197907282312,3.3002644085136963e-12,-59.79463977319086,1.2290334889130706e-07,-59.103610773246885,2.4528658584007753e-07,-62.64363025309834,7.116441315283658e-09,L2,6.20446974334371e-06,0.9999996244087762,0.9999998770966503,deep,-0.999999624408775,0.999999624405476
04_05,3,Baseline,4,-66.66264785980557,1.2788680982361285e-10,-78.09535822051497,1.3856793055487575e-15,-43.88277257694867,0.9999997413726287,-71.09755791572803,1.5162429301152087e-12,-59.682910380200894,1.374317973900112e-07,-59.84996381373922,1.1628851966371299e-07,-63.04208942946036,4.777649675089465e-09,L2,4.381360835312427e-06,0.9999997413726287,0.9999998625682012,deep,-0.9999997413726274,0.9999997413711125
04_05,4,Baseline,4,-66.56880297732596,1.4050120174502032e-10,-77.74731232848904,1.9629765513341583e-15,-43.88299805633182,0.9999998471481617,-71.30550388039687,1.2318475788746267e-12,-60.256333769455644,7.747303737368886e-08,-60.31165781000401,7.330332214341387e-08,-63.946805910902384,1.9337436314347074e-09,L2,2.6676387282595372e-06,0.9999998471481617,0.9999999225269605,deep,-0.9999998471481597,0.9999998471469299
04_05,5,Baseline,4,-66.47475291810787,8.061438924050532e-11,-78.01919267180722,7.811349798350368e-16,-43.23340911836933,0.9999998439457524,-70.90966297403033,9.557748599723316e-13,-59.606744831493145,7.747303712558898e-08,-59.66206887204151,7.33033219086671e-08,-62.3087246218131,5.1963173743058926e-09,L2,2.7298430993822535e-06,0.9999998439457524,0.9999999225269618,deep,-0.9999998439457516,0.9999998439447966
04_05,6,Baseline,4,-67.05638079644018,8.061437845775977e-11,-75.82628506611708,1.252251264064692e-14,-43.81503699670164,0.9999997101886903,-71.49129085236264,9.55774732130674e-13,-59.495382500878996,1.5492173330286044e-07,-60.24369675037383,7.330331210382807e-08,-60.419189246412316,6.150468171882281e-08,L2,4.9464463683291225e-06,0.9999997101886903,0.9999998450782542,deep,-0.9999997101886777,0.9999997101877345
04_05,7,Baseline,4,-65.73049238210167,3.0705203057171807e-10,-76.06307006662713,9.996097915303689e-15,-43.82648898477666,0.9999994953131954,-70.16540243802413,3.640449481647209e-12,-58.991923945462304,2.5925972839986877e-07,-59.069905692179674,2.3981040329233723e-07,-62.880921628621735,5.3059704599823596e-09,L2,8.199927522237687e-06,0.9999994953131954,0.9999997407402617,deep,-0.9999994953131854,0.999999495309555
04_05,8,Baseline,4,-65.73049238210167,3.0705203057171807e-10,-76.06307006662713,9.996097915303689e-15,-43.82648898477666,0.9999994953131954,-70.16540243802413,3.640449481647209e-12,-58.991923945462304,2.5925972839986877e-07,-59.069905692179674,2.3981040329233723e-07,-62.880921628621735,5.3059704599823596e-09,L2,8.199927522237687e-06,0.9999994953131954,0.9999997407402617,deep,-0.9999994953131854,0.999999495309555
04_05,9,Baseline,4,-64.36622439499814,1.1813294888952082e-09,-76.60586554380575,5.7116611391834895e-15,-43.80960024884853,0.9999987989521367,-68.95221989691417,1.2041996721831683e-11,-58.4201569447822,4.5155985801637883e-07,-57.92410942296344,7.41559544992663e-07,-62.62553473346436,6.735083119974378e-09,L2,1.8416652476335566e-05,0.9999987989521367,0.9999995484401364,deep,-0.9999987989521311,0.9999987989400947
04_05,10,Baseline,4,-65.6308263800376,3.499554789220702e-10,-76.97963611411856,4.123702761284145e-15,-43.85761231732517,0.9999988900971635,-68.3314220335878,2.350493242995332e-11,-59.41837985943682,1.7459991995042453e-07,-59.958801414813294,1.0170491492384216e-07,-57.855573886162716,8.332245371169466e-07,L2,1.713602238318162e-05,0.9999988900971635,0.999999825400076,deep,-0.9999988900971594,0.9999988900736585
04_05,11,Baseline,4,-63.76119819202198,2.1313144931777782e-09,-74.59191035267223,4.2162758003527296e-14,-43.794672789774275,0.9999984876228563,-67.52084427720193,4.9642539438179796e-11,-58.20243725011874,5.53078455638664e-07,-57.672770419422854,9.393298494736619e-07,-61.639422072553785,1.778783935979059e-08,L2,2.2878267366283258e-05,0.9999984876228563,0.999999446921502,deep,-0.9999984876228141,0.9999984875732137
04_05,12,Baseline,4,-65.64868223315305,3.223019934647387e-10,-74.09814868643228,6.897732308425814e-14,-43.79315324119538,0.9999968499580999,-67.10480858294456,7.514072014421033e-11,-56.976895347980665,1.8809280546556208e-06,-57.447345759900436,1.1750549226826488e-06,-59.97672965783388,9.366141113954982e-08,L2,4.551671781980928e-05,0.9999968499580999,0.9999981190718764,deep,-0.999996849958031,0.9999968498829592
04_05,13,Baseline,4,-66.01242050167745,2.6431828076769285e-10,-77.32031977656926,3.2446581244411186e-15,-43.95855352726039,0.9999998444404701,-70.53596283041368,2.8679906344991815e-12,-60.331889240384214,7.747303716391572e-08,-60.38721328093258,7.330332194493103e-08,-63.17419672567507,4.515981198507599e-09,L2,2.72100997888346e-06,0.9999998444404701,0.9999999225269595,deep,-0.9999998444404669,0.999999844437602
04_05,14,Baseline,4,-62.73249664848927,5.9515817585970676e-09,-76.97922609352149,3.866841944693311e-15,-43.79288893643114,0.9999989011212126,-69.23052317313405,8.965517055947292e-12,-58.56677825320741,3.83513729731163e-07,-57.98292907114523,6.876119161041493e-07,-61.43458364303687,2.179259060376436e-08,L2,1.7019516516256067e-05,0.9999989011212126,0.9999996164862666,deep,-0.9999989011212087,0.9999989011122471
04_05,15,Baseline,4,-66.34117818056995,1.6928338608255817e-10,-76.41255061124153,7.156041748115734e-15,-43.841732122457756,0.9999990935045922,-69.51967314577625,7.050363572869411e-12,-58.3628857522682,4.937904814691565e-07,-58.563222065146775,4.041455105576877e-07,-62.43878228968249,8.383074756323769e-09,L2,1.4186417846236215e-05,0.9999990935045922,0.9999995062095113,deep,-0.999999093504585,0.9999990934975418
04_05,16,Baseline,4,-63.89097301525,1.9621183470455265e-09,-75.89428847797763,1.201576784271635e-14,-43.841732122457756,0.9999997347649525,-68.42869489644976,2.099025068231566e-11,-59.73862427337666,1.2475769558591277e-07,-59.793948313925014,1.1804304903256626e-07,-61.54695700068491,2.0451182269028888e-08,L2,4.533491188596557e-06,0.9999997347649525,0.9999998752422924,deep,-0.9999997347649405,0.9999997347439623
04_06,1,Baseline,4,-65.67771551302177,0.6486161280871663,-74.3629293809311,0.00010965975882067259,-73.66916622293014,0.00021945465513313722,-66.30030065341501,0.3480185974066092,-77.84148403858619,3.38321964225639e-06,-72.18742929880345,0.0009657283203316009,-71.42643480290302,0.002067048552297074,E,0.6705022558087051,0.6486161280871663,0.9998869570215374,deep,-0.00010979489631246464,-0.34779914275147605
04_06,2,Baseline,4,-66.47516647752545,0.5958501746369794,-76.7126136817857,2.1333899328167872e-05,-75.65490019025249,6.143691136849269e-05,-66.87085543386097,0.4011359086865719,-79.18980600652898,1.7915926996985013e-06,-72.96534170875182,0.0009046691514769956,-72.15974153520149,0.002024685121575522,E,0.6946771718844389,0.5958501746369794,0.9999768745079723,deep,-4.010301204032482e-05,-0.4010744717752034
04_06,3,Baseline,4,-67.26431918296527,0.5922810783872443,-76.60088428879573,5.220464574785408e-05,-75.65490019025249,0.0001344450531051473,-67.6486226213578,0.4032988612864439,-79.07807661353901,4.384077227209545e-06,-73.71169474924416,0.0009385733686547097,-72.45727519929157,0.0032904531815769983,E,0.7035688915543499,0.5922810783872443,0.9999434112770249,deep,-8.224040735729323e-05,-0.4031644162333387
04_06,4,Baseline,4,-66.8793430150858,0.5796218434845962,-76.2528383967698,4.9236528352280656e-05,-74.68468805163613,0.00023622533040128498,-67.22578413432696,0.4099088335042978,-78.68106238479426,4.342333194961538e-06,-73.20295112750944,0.0010395290608431632,-71.02905964706278,0.009139989758314286,E,0.734247184637807,0.5796218434845962,0.9999464211384528,deep,-0.00018698880204900433,-0.4096726081738965
04_06,5,Baseline,4,-66.68824919406775,0.5916983625629806,-76.13654369288818,4.663996364203571e-05,-74.61736168447334,0.00021307405277798722,-67.07255263246029,0.4029020756436895,-78.61373601763147,3.916762570682419e-06,-73.13562476034664,0.0009376499531107979,-71.63657100602435,0.004198281061228389,E,0.7085916423429632,0.5916983625629806,0.9999494432737874,deep,-0.00016643408913595152,-0.40268900159091153
04_06,6,Baseline,4,-67.65805211959987,0.5803286160469526,-74.33181113439785,0.0007333263197610931,-75.58716461000546,0.00020897974033349298,-68.0423555579924,0.3951601335314881,-78.89054873421712,7.681794562463597e-06,-74.10542768587877,0.0009196325933171066,-70.90185639604299,0.02264162997358522,E,0.7820337401117721,0.5803286160469526,0.9992589918856765,deep,0.0005243465794276002,-0.3949511537911546
04_06,7,Baseline,4,-65.56551798704176,0.5899877238598163,-72.71506028452885,0.00046327216518772264,-73.16281817690172,0.0002960584256467713,-65.94982142543428,0.40173725936602983,-75.17105991275005,3.973828508973913e-05,-72.00972089058509,0.0009379101027286273,-70.06798262752608,0.006538037795500707,E,0.7234670628576323,0.5899877238598163,0.9994969895497221,deep,0.00016721373954095136,-0.40144120094038305
04_06,8,Baseline,4,-65.56551798704176,0.5899877238598163,-72.71506028452885,0.00046327216518772264,-73.16281817690172,0.0002960584256467713,-65.94982142543428,0.40173725936602983,-75.17105991275005,3.973828508973913e-05,-72.00972089058509,0.0009379101027286273,-70.06798262752608,0.006538037795500707,E,0.7234670628576323,0.5899877238598163,0.9994969895497221,deep,0.00016721373954095136,-0.40144120094038305
04_06,9,Baseline,4,-64.24006750465821,0.44894759503305515,-72.92790697158763,7.570331707191414e-05,-72.91302441265371,7.683840168072305e-05,-64.04762817554467,0.5442156018099132,-75.38922913312155,6.459163476455983e-06,-69.9905307651693,0.0014282399836444593,-68.68882897072527,0.00524956229115812,L3,0.7290838482524371,0.5442156018099132,0.9999178375194517,deep,-1.1350846088089135e-06,-0.5441387634082325
04_06,10,Baseline,4,-63.515272372798684,0.9889339622189935,-75.77629346779918,4.680297803347428e-06,-72.42729579123062,0.0001332676374204927,-68.08493087861592,0.010246836781780922,-77.21232402307575,1.113302903567946e-06,-71.25857703879953,0.00042883754751846264,-71.79299895587162,0.00025130221358000705,E,0.06461341602189484,0.9889339622189935,0.9999942063992935,deep,-0.00012858733961714527,-0.01011356914436043
04_06,11,Baseline,4,-66.06113534668081,0.6424978512614652,-76.19313242237142,2.5562378371668978e-05,-72.47110440165966,0.0010569574149163078,-66.65327304671038,0.35539355192026817,-78.4942878424884,2.5598950347451732e-06,-73.62676485933473,0.0003327825383771557,-72.89649844134806,0.0006907345915667226,E,0.6671387479572338,0.6424978512614652,0.9999718777265936,deep,-0.001031395036544639,-0.3543365945053519
04_06,12,Baseline,4,-62.921752526574444,0.9345462323339279,-76.26222457457118,1.5028214822919636e-06,-70.97511092136153,0.0002972156538844718,-65.6491521559453,0.06110914142255103,-75.26382182156335,4.078572633466811e-06,-69.74667213042618,0.0010152567078178614,-68.65438283798545,0.0030265724877032493,E,0.26110646732093984,0.9345462323339279,0.9999944186058844,deep,-0.0002957128324021798,-0.06081192576866656
04_06,13,Baseline,4,-67.14783251473688,0.35437927089841825,-75.29210515495029,0.00010290954156249785,-75.19694045066448,0.00011318402901571659,-66.55328684614372,0.6422087424983352,-79.1933147838226,2.080567589849668e-06,-73.71520352653779,0.0004980756601558475,-72.02652867706655,0.002695736804922662,L3,0.673762070196733,0.6422087424983352,0.9998950098908477,deep,-1.0274487453218743e-05,-0.6420955584693194
04_06,14,Baseline,4,-67.43911909578686,0.14121072568776966,-74.09702636806296,0.00018129060384178557,-71.26597790199715,0.0030752754575130844,-65.67483974078385,0.8242984312099102,-76.57421869280623,1.5224545563409387e-05,-71.73791186867022,0.0019183405400392886,-69.01176056437701,0.02930071195536261,L3,0.5706500931668561,0.8242984312099102,0.9998034848505948,deep,-0.002893984853671299,-0.8212231557523971
04_06,15,Baseline,4,-67.69008646958926,0.08522642746003341,-74.17083971366266,0.0001306227767010086,-74.86662276990195,6.513946233770753e-05,-65.32350088554638,0.9085929110507851,-77.0108150197467,7.631911178335032e-06,-71.6777160347921,0.0015804063570719086,-70.65450716366631,0.004396860981892603,L3,0.3329021922015684,0.9085929110507851,0.9998617453121207,deep,6.548331436330107e-05,-0.9085277715884474
04_06,16,Baseline,4,-68.24823792006778,0.35378831718454534,-76.21453289191746,0.00012275114166363882,-71.66417863050359,0.01162035207229371,-67.7552111895581,0.5792449764287907,-76.14484264327629,0.0001316108307444755,-70.66673138599148,0.03150685982350164,-70.95632014480812,0.0235851325184605,L3,0.9352544588482165,0.5792449764287907,0.999745638027592,deep,-0.011497600930630071,-0.567624624356497
04_07,1,Baseline,4,-70.00586728929956,6.055098151270928e-06,-63.82397684945648,0.0029300976428794407,-58.002421317946116,0.9888980864041541,-69.21743613312151,1.332086686574658e-05,-63.07918699357771,0.0061707821936371225,-65.35943021855893,0.0006310200629809899,-64.5984357226585,0.0013506377313315106,L2,0.07332266307045786,0.9888980864041541,0.9908991201634836,deep,-0.9859679887612747,0.9888847655372883
04_07,2,Baseline,4,-72.04547840484261,3.3161121296885035e-05,-63.611705838792375,0.15253520647082847,-61.909621768907485,0.8367116453469783,-72.04911056350632,3.304089331859122e-05,-66.68862861145935,0.007032010537156488,-68.05880911214632,0.0017865603126710741,-68.0140320311076,0.0018683753177501428,L2,0.49457190675995427,0.8367116453469783,0.840432782992015,deep,-0.6841764388761498,0.8366786044536597
04_07,3,Baseline,4,-72.08739414442282,1.673551586337835e-05,-63.82022085974224,0.06516686702500682,-61.16238480304787,0.9296305247555048,-72.07964078514354,1.6865776657412155e-05,-66.89714363240921,0.003004251321356198,-68.05792518677904,0.0009410554996194375,-67.79529288242195,0.0012237001059919167,L2,0.2783723028432542,0.9296305247555048,0.9318288816536369,deep,-0.8644636577304979,0.9296136589788474
04_07,4,Baseline,4,-72.74078622780281,1.526837391504853e-05,-63.15193055377648,0.2229358405979602,-61.90984724829064,0.7719867025701436,-73.03482371567199,1.1378733568980584e-05,-67.15032260772414,0.004089783218314263,-69.26685614890344,0.00049260798900688,-69.31720768891165,0.0004684185170910651,L2,0.5645110728601248,0.7719867025701436,0.7729743761837256,deep,-0.5490508619721833,0.7719753238365746
04_07,5,Baseline,4,-72.64673616858471,1.0111479075482191e-05,-63.42381089709466,0.10239535119689284,-61.26025831032814,0.8910440810012236,-72.63898280930545,1.0190181716259958e-05,-66.50073366976164,0.004720518005199602,-68.61726721094095,0.0005685790071217075,-67.82857379299429,0.0012511691287706355,L2,0.3742690641324934,0.8910440810012236,0.8928841307979076,deep,-0.7886487298043308,0.8910338908195073
04_07,6,Baseline,4,-70.45291245943845,1.1220144863382194e-05,-64.0063548788831,0.007074615620244147,-59.066434601181875,0.9887419628583165,-70.44515910015917,1.130747679811369e-05,-65.0016455454082,0.002614891084164046,-66.42344350179468,0.0006309204398842551,-66.05160918128145,0.0009150823757296664,L2,0.07307997589745728,0.9887419628583165,0.990310493295592,deep,-0.9816673472380724,0.9887306553815184
04_07,7,Baseline,4,-71.90247563257853,1.735079456154129e-05,-61.46768829191458,0.5903233059961915,-61.85333817673548,0.40142490439008244,-71.89472227329925,1.748584437387779e-05,-65.88591278373079,0.00711671235764655,-68.02510403107911,0.0008379931304526393,-69.18682527038253,0.00026224748669146736,L1,0.7212203878437422,0.5903233059961915,0.40255998164616197,shallow,0.1888984016061091,0.40140741854570855
04_07,8,Baseline,4,-71.51430058537872,7.438187851454008e-06,-62.32167339575414,0.07307593905409891,-59.79601042657653,0.9133892492480931,-71.50654722609946,7.496082944955215e-06,-64.24199145883962,0.01071003442115737,-67.48165896499938,0.0004195861511969641,-65.74177172648427,0.0023902568546572663,L2,0.3403865858274236,0.9133892492480931,0.9162140265247436,deep,-0.8403133101939941,0.9133817531651481
04_07,9,Baseline,4,-70.538207645475,8.836090294680863e-05,-62.01048376909319,0.44648160213990606,-61.83644944080735,0.5313561558959117,-70.6815397321893,7.656174280067583e-05,-65.31414578305069,0.016407461172197754,-66.87930776186288,0.003430047817641629,-67.34186155694196,0.002159810328595318,L2,0.7977200311375443,0.5313561558959117,0.5371109366878961,deep,-0.08487455375600561,0.531279594153111
04_07,10,Baseline,4,-71.80280963051446,2.86109283926844e-05,-62.38425433940599,0.3523372341768812,-61.88446150928398,0.5807855587094083,-70.06074186886292,0.00016334369155731812,-66.31236869770531,0.006934260466985309,-68.91399975371273,0.000514192975274867,-64.1673001536315,0.059236799051500415,L2,0.8906354756484354,0.5807855587094083,0.6407285053561336,deep,-0.22844832453252711,0.5806222150178509
04_07,11,Baseline,4,-69.80702455215891,2.876242780308492e-05,-59.77332792581978,0.6552463636386965,-60.476495443185776,0.3243566802466461,-69.12400722213712,5.694507890009163e-05,-63.70870029464794,0.012802480276828076,-65.240242964583,0.002767920327286487,-64.70212319496022,0.004740848003839324,L1,0.7405233182180041,0.6552463636386965,0.3319511560844751,shallow,0.3308896833920504,0.324299735167746
04_07,12,Baseline,4,-71.82066548362991,4.011936330262009e-06,-59.50276691171972,0.8973242622188262,-61.820002433154194,0.08842739073932068,-68.83412841821968,7.950429660604711e-05,-63.87088418624916,0.011373658440072692,-66.40254409879986,0.000904511831067112,-65.66737584978299,0.0018866605377768364,L1,0.38158930717039735,0.8973242622188262,0.09130207934110095,shallow,0.8088968714795055,0.08834788644271463
04_07,13,Baseline,4,-72.18440375215431,2.506333905701427e-05,-62.7249380018567,0.3215382963798588,-61.98540271921921,0.6736104234447463,-72.2652826656888,2.311605203649728e-05,-67.2258780786527,0.0035686114751900047,-69.342411619832,0.0004298336680702627,-68.71539552445223,0.0008046556410411894,L2,0.6606643453912274,0.6736104234447463,0.6748930921449513,deep,-0.3520721270648875,0.6735873073927098
04_07,14,Baseline,4,-70.02048315966555,5.400639776331099e-05,-63.98506638850811,0.02257321460295159,-60.218516058690774,0.9758553208953696,-72.56106507810834,4.256812318779643e-06,-67.06198916117508,0.0010406455441866048,-68.53934947974385,0.00023751628666770266,-68.54983225820925,0.00023503946074258746,L2,0.12110214941516913,0.9758553208953696,0.9763861398528619,deep,-0.953282106292418,0.9758510640830509
04_07,15,Baseline,4,-70.27145053346794,2.3522225557081025e-05,-64.05887973410782,0.011737176265704691,-59.62687041683772,0.9870992387523795,-73.04236169911445,1.472607408640403e-06,-66.75134852225592,0.0007947660175533174,-68.7139995494216,0.00011165309814509844,-67.98192196369567,0.00023217103325194683,L2,0.07389081345139689,0.9870992387523795,0.9874680577167423,deep,-0.9753620624866748,0.9870977661449708
04_07,16,Baseline,4,-72.75106846758548,1.042398872118429e-06,-64.1811064287236,0.0054944111700280275,-58.98638158895804,0.9907440876160575,-73.0402144571834,7.806555022123578e-07,-64.71114662800612,0.003233907716751796,-66.82768016918543,0.00038951912410642637,-67.87809202051368,0.0001362513186818126,L2,0.06064549305718909,0.9907440876160575,0.9912716811132201,deep,-0.9852496764460295,0.9907433069605552
04_08,1,Baseline,4,-72.27669131541839,0.027007148071680514,-70.24827388061321,0.20530958468335014,-75.18304890700936,0.0014766027097519766,-69.49692216710537,0.43522830072836144,-75.32805060796747,0.00127729208938101,-74.40002706784232,0.0032309164315735567,-69.78445435324785,0.3264701552859015,L3,1.1867743055835231,0.43522830072836144,0.793413123227269,deep,0.20383298197359817,-0.43375169801860947
04_08,2,Baseline,4,-74.39393744040142,0.023056711298633563,-70.88998797378866,0.7665549278207326,-79.1678843674107,0.00019475945668889934,-72.40623160693013,0.1682856314906157,-79.01512723528907,0.00022690294563543147,-77.17704097086968,0.001425971533378676,-73.83665773910464,0.04025509545431506,L1,0.7328399391434461,0.7665549278207326,0.23321816923363192,shallow,0.7663601683640437,-0.1680908720339268
04_08,3,Baseline,4,-74.6493494559415,0.025720366414531372,-71.31199927069842,0.7238855724548849,-78.63414367751096,0.00047830289481549145,-72.65025810452724,0.1898766207902515,-79.43713853219883,0.00021427266687849933,-77.38965332146229,0.0016602684066240791,-73.83335574161487,0.058164596372014064,L1,0.825051299483184,0.7238855724548849,0.2759001548782365,shallow,0.7234072695600694,-0.189398317895436
04_08,4,Baseline,4,-74.79811397796176,0.01049910594766402,-70.43021268877277,0.828147596287763,-78.19767222879435,0.0003505443155950322,-72.76116030739614,0.08049892065017718,-78.50638361355435,0.00025743718512579236,-77.4146503896273,0.0007670170058410188,-72.77390648422589,0.07947937860783395,L1,0.6184961643921695,0.828147596287763,0.1715949665271112,shallow,0.827797051972168,-0.08014837633458215
04_08,5,Baseline,4,-74.70406391874367,0.011755777210113347,-70.4109617466911,0.8604426526957301,-78.2273896234315,0.0003468090608235155,-72.7049725673294,0.08678520420137814,-78.53610100819151,0.0002546940413025223,-77.44436778426446,0.0007588439908941386,-73.48816598116741,0.03965601879975825,L1,0.532010419346672,0.8604426526957301,0.1393026532629674,shallow,0.8600958436349065,-0.08643839514055462
04_08,6,Baseline,4,-71.11281003967811,0.023135249211251464,-67.65520032256126,0.7343363098333363,-74.63613574436594,0.0006825166815827004,-69.11371868826384,0.17079239348981096,-75.00879826221909,0.0004701841614296392,-73.8531139051989,0.0014933972061577767,-70.01875816366343,0.0690899494164314,L1,0.8186608612997501,0.7343363098333363,0.2651935060052343,shallow,0.7336537931517536,-0.17010987680822826
04_08,7,Baseline,4,-73.86275962093752,0.011410490928407678,-69.59995553075044,0.8102454928081138,-77.05427302507974,0.00046908081354895447,-71.86366826952326,0.0842361817139511,-76.56849008266934,0.0007624660678811418,-76.59989082372275,0.0007388960627846996,-71.77401195996922,0.09213739160531267,L1,0.6640392663776951,0.8102454928081138,0.1889920411240051,shallow,0.8097764119945648,-0.08376710090040214
04_08,8,Baseline,4,-73.66867209733762,0.0019556122171580843,-67.46499277115151,0.9671780698172853,-76.86018550147983,8.039445240055089e-05,-71.66958074592337,0.014437004255130432,-75.18076428893005,0.000431111340065595,-76.40580330012284,0.00012663733547119282,-71.57992443636931,0.01579117058248894,L1,0.17639980564576718,0.9671780698172853,0.0323908188426492,shallow,0.9670976753648847,-0.014356609802729882
04_08,9,Baseline,4,-73.95414806083326,0.022108979542699542,-70.35624728388895,0.8074528126915743,-78.0272306595111,0.0003764015480395869,-72.10614215541257,0.140329011211278,-78.70812578667986,0.00019052080349172076,-77.06502100038568,0.0009852211951637572,-73.69822795483873,0.028557053007753134,L1,0.6455029154576135,0.8074528126915743,0.19235666650493402,shallow,0.8070764111435347,-0.13995260966323841
04_08,10,Baseline,4,-71.38552145477468,0.18943483411859266,-70.00218964070211,0.7554978199789151,-75.40653927848909,0.003397457162362305,-73.08656636178537,0.03457048125776953,-76.50390456193611,0.001133898817280304,-74.93653561101766,0.005435931667571953,-74.27537838271435,0.010529576997508264,L1,0.7466089738126072,0.7554978199789151,0.24336828120380471,shallow,0.7521003628165528,-0.031173024095407224
04_08,11,Baseline,4,-75.04738768935623,0.020197520051187478,-71.43798809417385,0.7461744516854351,-74.91660719901842,0.023019468570355736,-73.25613059957901,0.12112425468303495,-77.25212769144905,0.0022273662307725757,-76.77098274165313,0.003603713259450675,-73.62626753008368,0.08365322551976358,L1,0.8812193312721069,0.7461744516854351,0.2515981820837924,shallow,0.7231549831150793,-0.09810478611267921
04_08,12,Baseline,4,-71.0734285177703,0.1717087858335367,-69.58561376273458,0.7602251894556756,-74.72100012683963,0.004473756013188651,-73.38353997140136,0.017042129472561344,-77.35026270026229,0.0003226993332068107,-75.84102037146306,0.0014596666424761462,-72.41773992058754,0.044767773249354686,L1,0.7557351056542776,0.7602251894556756,0.2394521112111175,shallow,0.755751433442487,-0.012568373459372693
04_08,13,Baseline,4,-76.24083299539224,0.00032356242507834265,-68.29524992917386,0.9134419713244242,-77.53569511004329,8.863527787053498e-05,-70.91443350143349,0.06655550612523682,-77.8444064948033,6.509310070853801e-05,-76.75267327087624,0.0001939405730449332,-72.15074469217049,0.01933129117363671,L1,0.3450399520959224,0.9134419713244242,0.08649293557486734,shallow,0.9133533360465537,-0.06646687084736629
04_08,14,Baseline,4,-71.01032953002505,0.01502811521695543,-66.99342300430658,0.8344971436097576,-76.40929727739453,6.794579983568346e-05,-69.23052317313405,0.08909731072775978,-75.11856226580697,0.00024701407966643707,-73.96991839006908,0.0007790608949159526,-69.62119538848071,0.060283409671109144,L1,0.6071050885194357,0.8344971436097576,0.165255842310576,shallow,0.8344291978099219,-0.0890293649279241
04_08,15,Baseline,4,-75.60885743246523,0.0006365627950543642,-68.34821400566564,0.9059383141070634,-78.37960694706017,3.9858415219965314e-05,-70.85887705861556,0.07357521121065928,-76.83613624850679,0.00018656958023803948,-75.88941529690996,0.0004808354950562642,-72.20526647722953,0.01914264839670859,L1,0.3675721811869331,0.9059383141070634,0.09387511631269847,shallow,0.9058984556918435,-0.07353535279543932
04_08,16,Baseline,4,-74.03204612334483,0.022051589874537876,-70.39190718392042,0.8401022762547014,-77.31212556726071,0.0008296969698110442,-72.32985412080777,0.12097412805222413,-78.1051266316353,0.0003754252836609173,-77.01339340770825,0.0011185547140359943,-74.44795469437034,0.014548328851028577,L1,0.5639965584596369,0.8401022762547014,0.15952229846163762,shallow,0.8392725792848903,-0.12014443108241309
04_09,1,Baseline,4,-76.06139802561647,1.8454726148488238e-08,-61.8248753563775,0.028115825665986735,-67.20605168705343,0.00012940041084655483,-63.79074897326828,0.003937157404072584,-58.82478847626788,0.5647705197333233,-59.66296140090182,0.2442632566182342,-60.093664299904795,0.15878382171281055,D1,1.0825341356841918,0.5647705197333233,0.40711365460069,shallow,0.02798642525514018,-0.003807756993226029
04_09,2,Baseline,4,-78.56681919779929,3.3795759167932454e-08,-62.466589449552956,0.3319732908704375,-70.51158081485511,0.00010646522757306378,-67.08823346029286,0.003265492213079618,-62.90004015078928,0.2152077445354871,-62.82815035112899,0.23124866766304064,-62.88623965759822,0.21819830569462287,L1,1.3871091499007742,0.3319732908704375,0.45281896459407533,shallow,0.3318668256428644,-0.003159026985506554
04_09,3,Baseline,4,-78.28849052343965,3.646881804856053e-08,-62.354860056562984,0.30325605187355964,-70.51158081485511,8.697424366791995e-05,-66.79851926799023,0.003564123969849158,-62.78831075779931,0.19659127024744985,-62.50702201182187,0.26045120976416847,-62.60539250136059,0.23605033343248683,L1,1.3937071890547885,0.30325605187355964,0.5001526778789904,shallow,0.3031690776298917,-0.0034771497261812377
04_09,4,Baseline,4,-78.4372550454599,1.4852048571418298e-08,-61.47307347463733,0.3461280590796933,-70.07510936613848,6.359457748305728e-05,-66.90942147085912,0.0015075123218864133,-61.85755583915483,0.23564500466004368,-62.532019079986874,0.12004458484828422,-61.62746000388357,0.29661122966056075,L1,1.3332039282657373,0.3461280590796933,0.41822693626026297,shallow,0.34606446450221023,-0.001443917744403356
04_09,5,Baseline,4,-78.58581439074169,1.9032031751513625e-08,-61.69643193705554,0.41157667655810404,-70.34743616527551,7.200577958481834e-05,-67.09584313529227,0.0018600142310665694,-62.12988263829186,0.2668120921211422,-62.80434587912391,0.1359220276168902,-62.502812145413,0.1837571646611805,L1,1.3128441059353697,0.41157667655810404,0.32161123132075387,shallow,0.4115046707785192,-0.001788008451481751
04_09,6,Baseline,4,-76.4405125624954,4.365578734711555e-08,-62.32749779974396,0.058782257346125515,-68.20213433702922,0.00016516728441607936,-64.95054130704598,0.004266511678533371,-60.679316394838395,0.3055219020342043,-60.65904405087761,0.3117787533619395,-60.63462639760821,0.31948536463899385,S,1.281485790275923,0.31948536463899385,0.6356958406196702,deep,0.05861709006170943,-0.004101344394117292
04_09,7,Baseline,4,-77.39515255045572,4.5278614189159494e-09,-59.46858679883559,0.2762496342157767,-68.82496202444392,2.3871492918217886e-05,-65.9051812950063,0.00044251117197779695,-58.745432790490426,0.5693292634059528,-61.61051137610238,0.032439614686822785,-60.28985318856306,0.12151510049869016,D1,1.0470887840033138,0.5693292634059528,0.1544211023782704,shallow,0.2762257627228585,-0.0004186396790595791
04_09,8,Baseline,4,-77.39515255045572,4.5278614189159494e-09,-59.46858679883559,0.2762496342157767,-68.82496202444392,2.3871492918217886e-05,-65.9051812950063,0.00044251117197779695,-58.745432790490426,0.5693292634059528,-61.61051137610238,0.032439614686822785,-60.28985318856306,0.12151510049869016,D1,1.0470887840033138,0.5693292634059528,0.1544211023782704,shallow,0.2762257627228585,-0.0004186396790595791
04_09,9,Baseline,4,-78.12702981823114,3.892799435307067e-08,-61.93284875965323,0.42005436425104836,-69.3709271069555,0.0002471662218570129,-66.78814400877528,0.0032709775738249064,-62.593038702180074,0.2170644250409462,-62.716130380645,0.19192458734023526,-62.85261713607625,0.1674384406440938,L1,1.3327311062668188,0.42005436425104836,0.36288121070800533,shallow,0.41980719802919136,-0.0030238113519678936
04_09,10,Baseline,4,-75.6554469739725,1.5676590547994426e-07,-60.899484783866754,0.4014990940108074,-68.88519848553241,0.0001366259437668131,-66.70108683534863,0.0012136146559336763,-61.45629885723578,0.230071746941786,-61.65512637107643,0.18858780164544567,-61.71015210485675,0.17849096003635487,L1,1.3359930410285563,0.4014990940108074,0.36842915904740653,shallow,0.4013624680670406,-0.0010769887121668633
04_09,11,Baseline,4,-76.23132158331563,7.141967853362493e-08,-60.02564170649965,0.7795702138500884,-69.2492515099013,7.692940902971388e-05,-64.94918458950325,0.00567006100496522,-62.482067145496565,0.06684104386276124,-62.57153951508436,0.06112035489403695,-62.22168464335349,0.08672132555944,L1,0.787880004374224,0.7795702138500884,0.15358874228715041,shallow,0.7794932844410587,-0.005593131595935506
04_09,12,Baseline,4,-74.81931772324839,1.7700575003355403e-07,-59.45424503081975,0.8335922321985366,-66.89927292576361,0.0004871011182862377,-66.35757161708494,0.0008372921428826322,-61.87566444364217,0.07401923114310703,-62.132618579602045,0.05724674608028732,-62.65901923398451,0.0338172203111502,L1,0.632356557579595,0.8335922321985366,0.09238853665835642,shallow,0.8331051310802504,-0.00035019102459639444
04_09,13,Baseline,4,-77.74501130329148,4.944782231839871e-08,-61.47307347463733,0.576713315647462,-70.69410990314677,5.705776297378007e-05,-67.19765742449539,0.0018828024652183027,-62.476556376163124,0.21142332183007367,-63.151019616995164,0.10770533809087815,-63.20330985421505,0.10221811475557192,L1,1.1314601321429125,0.576713315647462,0.2118633625224645,shallow,0.5766562578844882,-0.0018257447022445228
04_09,14,Baseline,4,-76.0080832627225,4.0468883960921794e-07,-62.30620930936896,0.3612180779345271,-69.35421579453812,0.00031394903498067596,-67.06644728499515,0.0030933167413157315,-62.739660010605284,0.23416621148619018,-62.77495002882679,0.2260465949767553,-63.029983087028064,0.17516144513739146,L1,1.3694506056740618,0.3612180779345271,0.4046157105792828,shallow,0.36090412889954643,-0.0027793677063350556
04_09,15,Baseline,4,-76.57929505046474,1.8719286662572028e-07,-62.05977824102884,0.3784733682688461,-69.0828145666249,0.00033726354674641705,-67.67584167157719,0.001377241077154219,-62.74926378562596,0.18993087013513432,-63.26984451244438,0.1128522496282824,-62.2369312651386,0.3170288201509699,L1,1.3053914797425978,0.3784733682688461,0.43159576159601953,shallow,0.3781361047220997,-0.001039977530407802
04_09,16,Baseline,4,-76.0699651211438,7.105408310023537e-08,-59.8335459000858,0.7997906324425453,-70.79078477430403,1.3941449603972492e-05,-64.87689321457157,0.005160341035617692,-62.52378023703524,0.05427781864207524,-63.19824347786728,0.02765073766260597,-61.789566405184786,0.1131064577134688,L1,0.7098795726037015,0.7997906324425453,0.14593154891537954,shallow,0.7997766909929414,-0.00514639958601372
04_10,1,Baseline,4,-74.32431468939735,4.6197796651559795e-05,-66.82262908907495,0.08366848863713267,-68.67141249023268,0.013171811129286289,-71.0321544787806,0.0012427628887112332,-65.57321167183643,0.2918616369787208,-64.90332453809916,0.5703025318976979,-67.56797483373698,0.03970657067179954,D2,1.0811765471905832,0.5703025318976979,0.6244698743841466,deep,0.07049667750784638,0.011929048240575056
04_10,2,Baseline,4,-77.16938902788,0.00010918137041505283,-70.13304663174905,0.12416329138567142,-72.31659478433419,0.013985896272434076,-74.66929213210499,0.0013302302731515515,-69.98811651265767,0.14352764782365793,-68.40816665462614,0.696785448804751,-71.95400876018559,0.02009830406991891,D2,0.9374245827068928,0.696785448804751,0.7323090607906706,deep,0.11017739511323735,0.012655665999282525
04_10,3,Baseline,4,-75.61008269776102,0.00011071195566680489,-68.74033958299974,0.10658253593041357,-71.03561712857484,0.010736424557729128,-73.09860028404302,0.0013643238654114744,-68.59540946390835,0.12320501905556056,-66.80606065955968,0.7374502244798976,-70.38636132248062,0.020550760155320928,D2,0.8597217783015022,0.7374502244798976,0.7702124450140261,deep,0.09584611137268445,0.009372100692317654
04_10,4,Baseline,4,-77.03982487554062,7.026432632950788e-05,-69.13953065683343,0.18957849505140487,-71.88012333561755,0.012233896269074609,-74.49048014267126,0.0008992930492357717,-68.94563220102322,0.2301431752815095,-68.11203538348403,0.529693445247958,-70.76315973973091,0.03738143077448779,D2,1.1736590859442517,0.529693445247958,0.5802783296670856,deep,0.17734459878233025,0.011334603219838837
04_10,5,Baseline,4,-77.23690610172238,7.998239185290353e-05,-69.41141100015162,0.20024594402726317,-72.20097201565457,0.012304749372489637,-74.72542368800438,0.0009856377783264733,-69.26648088106023,0.23147605875868132,-68.43288406352104,0.5327611861891074,-71.61328050319236,0.02214644148227913,D2,1.1422919402753484,0.5327611861891074,0.5682779972140556,deep,0.18794119465477355,0.011319111594163163
04_10,6,Baseline,4,-75.47007494449589,0.00011170551363247197,-69.56696243002027,0.04090381362753559,-70.43414085842808,0.01718513683987677,-72.95859253077789,0.001376567663617956,-68.19438530862656,0.16138622783928946,-66.66605290629455,0.7440682951336226,-69.72374512779157,0.03496825338242518,D2,0.8422553454550005,0.7440682951336226,0.797709958533175,deep,0.02371867678765882,0.015808569176258815
04_10,7,Baseline,4,-75.32812042411678,1.6036396500265316e-05,-65.20387312121267,0.39995536125995007,-69.96037403750334,0.0034378697737051057,-72.81663801039879,0.00019761947414566997,-65.03775030559922,0.4722345356063244,-66.52092572317989,0.10715756721558894,-68.36195329508294,0.017001010273785592,D1,1.0507951282369437,0.4722345356063244,0.1278101031337256,shallow,0.396517491486245,0.003240250299559436
04_10,8,Baseline,4,-76.00742675671643,2.635954477775147e-05,-67.24179211901163,0.16896807618654033,-70.63968037010301,0.005650937992120454,-73.49594434299844,0.00032483353586401425,-65.94025729033876,0.620946314085194,-67.20023205577954,0.17613836694842866,-69.0412596276826,0.027945111707074803,D1,1.034292096894813,0.620946314085194,0.2100856097282657,shallow,0.16331713819441987,0.0053261044562564405
04_10,9,Baseline,4,-76.6228515103319,0.00013667248893446264,-69.49255780386937,0.17073726271493536,-71.28268921441453,0.028502576566134315,-74.26245454260747,0.0014480664167379578,-69.57436692606852,0.1573254795195482,-68.18939854616221,0.6284680285402632,-72.03877962805957,0.013381913753446542,D2,1.054484429940633,0.6284680285402632,0.6719372577655165,deep,0.14223468614880105,0.027054510149396357
04_10,10,Baseline,4,-76.92672025355185,3.856668958688176e-05,-68.32333256156296,0.21019199035473288,-72.29143452471068,0.0039745812223626305,-71.61344205766213,0.0078296033949985,-68.54437521910417,0.1685072364730865,-68.19587591639309,0.23876456864675533,-67.75597846499367,0.37069345321847713,S,1.3980982335619778,0.37069345321847713,0.6213007731721805,deep,0.20621740913237024,-0.0038550221726358696
04_10,11,Baseline,4,-75.15413582733618,0.0004180872722812268,-68.01234330263559,0.5283333566693392,-70.73402106544054,0.034745486511273745,-72.85048767525522,0.00418531960077969,-69.82633903851682,0.08611914168369678,-68.47180023252136,0.33370938583467635,-71.75720467781663,0.012489222427953094,L1,1.1121441805534535,0.5283333566693392,0.38554750164696405,shallow,0.4935878701580655,0.030560166910494055
04_10,12,Baseline,4,-73.74213196726893,4.122093563564106e-05,-64.99544382959692,0.25927237044705886,-68.38404248130286,0.008751984553549542,-70.42564611173887,0.0011361857853133535,-65.1615662181885,0.21958880820690435,-64.36462510100091,0.4872112762181537,-67.37534605746211,0.02399815385338464,D2,1.172313254200409,0.4872112762181537,0.5211388213460368,deep,0.25052038589350933,0.007615798768236188
04_10,13,Baseline,4,-76.34758113337219,0.00022818672331509154,-69.13953065683343,0.30811079837031974,-72.49912387262586,0.010706662780684353,-74.77871609630752,0.001095569165179656,-69.5646327380315,0.20141296892011934,-68.73103592049233,0.46356851248974656,-72.17015344453048,0.01487730155063536,D2,1.1624320205563046,0.46356851248974656,0.49047623270956103,deep,0.2974041355896354,0.009611093615504697
04_10,14,Baseline,4,-74.07691240290349,0.001301994673256338,-69.43892580166533,0.13454302734789325,-71.69297045391693,0.014123490464669304,-74.11376526690755,0.0012548858202608292,-69.29399568257394,0.15552619482625882,-67.82122564242421,0.6782962999543274,-71.63582388344769,0.014954106913334032,D2,0.9626434133322215,0.6782962999543274,0.7099307778258478,deep,0.12041953688322395,0.012868604644408475
04_10,15,Baseline,4,-74.64812419064572,0.0009884984842529817,-69.83298356120487,0.12194528489750013,-70.35408784620425,0.07241896225421349,-74.9153063018535,0.0007567288492231213,-69.30359945759463,0.20704922424845476,-68.31612012604181,0.55581521664612,-70.92234794623417,0.04102608462023543,D2,1.2425143589160719,0.55581521664612,0.671005490854045,deep,0.049526322643286644,0.07166223340499037
04_10,16,Baseline,4,-75.74001633102397,0.0002484323259410785,-68.56748446208135,0.32374205371133874,-71.52831736398366,0.016761995752719975,-73.52543326618316,0.0022750414319648482,-69.0781159090039,0.1942829538150623,-68.24451909146471,0.44715819634178144,-71.60457247363178,0.015531326621191707,D2,1.1924594861366264,0.44715819634178144,0.48197499247359904,deep,0.30698005795861877,0.014486954320755127
04_11,1,Baseline,4,-79.70053909311461,4.707469156559691e-07,-65.13406763375582,0.9975292951772284,-75.50329332094921,3.1306041832802204e-05,-74.19966286393097,0.00011528894769459208,-72.53319026812889,0.0006102777378766063,-73.66831710387069,0.00019613188700039048,-71.62246320173892,0.0015172294614513087,L1,0.019884144709179236,0.9975292951772284,0.0018604270848947494,shallow,0.9974979891353957,-8.398290586178987e-05
04_11,2,Baseline,4,-81.32286203291788,1.5904056113467149e-07,-65.66903358895132,0.9997219168557402,-78.99320559617078,1.6340480933971566e-06,-76.61404911857599,1.764084419905925e-05,-75.72534371027075,4.2902166028246425e-05,-75.9504078217183,3.425587912906213e-05,-74.28305904338441,0.00018149116624874615,L1,0.0028424675870616124,0.9997219168557402,0.00023518097823139935,shallow,0.9997202828076468,-1.6006796105662095e-05
04_11,3,Baseline,4,-81.57827404845797,1.8787040131511402e-07,-66.0910448858611,0.9997157364699004,-78.45946490627105,4.249520842391621e-06,-76.8580756161731,2.1077276640743823e-05,-76.1473550071805,4.2901900802553435e-05,-76.16302017231091,4.223507206962752e-05,-74.7494488530064,0.00017361188934271606,L1,0.0029267403693594334,0.9997157364699004,0.00024136162929679414,shallow,0.999711486949058,-1.68277557983522e-05
04_11,4,Baseline,4,-82.55191054577782,5.011379950367299e-08,-65.74299899383516,0.9999421260304864,-79.52717176545366,1.0317742681297153e-06,-78.1335029606414,4.157644614620385e-06,-76.72077839643525,1.7075988231637925e-05,-77.69219554837515,6.4640504618086186e-06,-76.18790602434815,2.909439813827927e-05,L1,0.0006930403946210264,0.9999421260304864,4.079798128234166e-05,shallow,0.9999410942562182,-3.1258703464906695e-06
04_11,5,Baseline,4,-82.45786048655971,7.224861874729863e-08,-66.01487933715335,0.9998285362868844,-78.87758282749117,2.5925335162905156e-06,-77.73766205427485,8.10560957760574e-06,-76.07118945847276,4.290674150514682e-05,-77.04260661041265,1.6242183964918773e-05,-75.20972231549852,0.00010154439593286298,L1,0.0018453163370435047,0.9998285362868844,0.0001285569716104253,shallow,0.9998259437533681,-5.513076061315224e-06
04_11,6,Baseline,4,-78.66281470771426,3.987939199105593e-07,-63.92871986944315,0.9992740569589184,-75.08253704864572,1.4310122759262545e-05,-73.94261627542939,4.474089432801611e-05,-72.34009481272045,0.00022216256930038998,-73.2475608315672,8.965270649579823e-05,-71.87229401404248,0.0003546779542782733,L1,0.006861288316410528,0.9992740569589184,0.0005037804717812608,shallow,0.9992597468361591,-3.0430771568753568e-05
04_11,7,Baseline,4,-81.48069492223364,3.5142385411523704e-07,-66.62071204349195,0.9987109298925344,-77.56860496261947,1.757236921005234e-05,-76.76049648994878,3.942642236080247e-05,-75.52041745522988,0.0001362532442887304,-76.06226838335101,7.925450974453544e-05,-73.51109529618833,0.0010162121380075584,L1,0.010850270417598413,0.9987109298925344,0.001152816863177064,shallow,0.9986933575233243,-2.1854053150750133e-05
04_11,8,Baseline,4,-81.3642424080737,1.0971889131469637e-07,-65.3397343877326,0.9991640942987076,-77.45215244845953,5.4863118849844e-06,-76.64404397578883,1.2309418667162245e-05,-74.23943979947053,0.00013631506910579126,-75.94581586919108,2.4744242142449015e-05,-72.66681456852875,0.0006569409406004428,L1,0.007332677791566423,0.9991640942987076,0.0006995906321863531,shallow,0.9991586079868225,-6.823106782177845e-06
04_11,9,Baseline,4,-82.37754658506897,1.447834814493358e-07,-66.62976683077083,0.9997533428322242,-77.42555933635141,2.048046212862593e-05,-77.80843359877765,1.3965599152795932e-05,-76.59257177944095,4.7108757678078634e-05,-77.33286178295356,2.2469726586515923e-05,-75.48577404719381,0.00014248783874815305,L1,0.002597891519271873,0.9997533428322242,0.00019954841009754018,shallow,0.9997328623700955,6.514862975829999e-06
04_11,10,Baseline,4,-78.65409921359097,1.9515228900808625e-06,-65.5090634693644,0.9981369609281504,-75.08629486454926,6.915942772250365e-05,-75.69316180373204,3.769575342674236e-05,-72.34072718071823,0.0010770510432189628,-73.2732055337665,0.00042390260212489696,-73.7882186984786,0.0002532787224664334,L1,0.015682907039062992,0.9981369609281504,0.0007859880286306574,shallow,0.998067801500428,3.146367429576129e-05
04_11,11,Baseline,4,-80.90883090207325,1.431513402105028e-07,-65.14955232953704,0.9999151329723444,-76.87689118737742,8.069462129934148e-06,-76.3964667314254,1.3046387629462223e-05,-76.09730692602963,1.75959909795211e-05,-77.6152634693127,3.8563245763079516e-06,-75.22360784931087,4.215571100009826e-05,L1,0.0009938789050805686,0.9999151329723444,6.727103667601308e-05,shallow,0.9999070635102144,-4.976925499528075e-06
04_11,12,Baseline,4,-78.25466689096663,2.1711241249542564e-06,-65.21864448173682,0.9957659037879039,-74.79863513627959,6.88050276130911e-05,-75.39234584066034,3.799923825712421e-05,-72.28457833430487,0.0008500826839730009,-73.2169570523924,0.00033460639539656986,-71.04360025350024,0.0029404317427316625,L1,0.031127932030588192,0.9957659037879039,0.0033840135281234017,shallow,0.9956970987602908,3.080578935596689e-05
04_11,13,Baseline,4,-80.50105413841007,1.1322866274572307e-06,-66.81048037363462,0.9993026023037405,-78.108253304663,1.2391862236797302e-05,-78.11119887651782,1.2355414821756376e-05,-75.30185993564459,0.00020508681041949214,-76.27327708758447,7.763483282020471e-05,-74.66223724755321,0.0003887964893339039,L1,0.006521616254397899,0.9993026023037405,0.0004923108858401195,shallow,0.9992902104415037,3.644741504092517e-08
04_11,14,Baseline,4,-78.19156790322138,9.5233032972802e-08,-62.02478240014911,0.9998465445217295,-75.03127585983523,2.2453549846312563e-06,-73.69065446545977,8.580438551309246e-06,-72.08109252146852,4.290751431233267e-05,-72.99559902159757,1.71936558399118e-05,-71.4281502331958,8.243328154910543e-05,L1,0.0016795795429331685,0.9998465445217295,0.00011054796395793054,shallow,0.9998442991667449,-6.33508356667799e-06
04_11,15,Baseline,4,-82.00404133508196,3.142521475887022e-08,-64.72848169052747,0.9999044006443208,-79.16566141763977,5.369959249370813e-07,-76.66791663996061,6.5272126854499245e-06,-75.14757479318764,2.9854090074653447e-05,-76.26400421745775,9.77562876031255e-06,-74.65465102506028,4.887400301883596e-05,L1,0.0010907819114847543,0.9999044006443208,6.574526560429439e-05,shallow,0.9999038636483959,-5.990216760512843e-06
04_11,16,Baseline,4,-79.74792369336191,3.237968131079009e-08,-62.502249349584446,0.9999396146932416,-78.09818003784031,1.6855713316678695e-07,-74.30566511105475,7.478516245164595e-06,-74.81534310661698,4.49226223680365e-06,-75.78676025855687,1.7005288005865016e-06,-72.47796632983135,4.6513062661143926e-05,L1,0.0006937518698476074,0.9999396146932416,5.58930445213726e-05,shallow,0.9999394461361084,-7.309959111997807e-06
04_12,1,Baseline,4,-72.11171692035848,1.1947175971729834e-07,-69.6563069336335,1.391990491164638e-06,-57.33281936152646,0.31308259075312805,-64.20803714900806,0.0003234370535144589,-57.65638158419647,0.22653621035987656,-61.285533098197,0.006011974842193229,-56.96109166900239,0.4540442755290368,S,1.0918122194864586,0.4540442755290368,0.7734623976496323,deep,-0.3130811987626369,0.3127591536996136
04_12,2,Baseline,4,-72.48217533294239,9.006981093560133e-08,-72.43298378640789,9.461126915707062e-08,-58.891560776929026,0.07192968501061343,-64.35159937753424,0.000305945115005102,-58.57771100021949,0.09844901711791329,-61.6364529562256,0.004621858354559857,-56.452238250261495,0.8246933097208281,S,0.6038345444529123,0.8246933097208281,0.9015508882708174,deep,-0.07192959039934428,0.07162373989560833
04_12,3,Baseline,4,-72.73758734848248,8.364438785744923e-08,-72.85499508331765,7.43784760500664e-08,-58.357820087029296,0.14705858398626556,-64.59562587513135,0.0002873728578291239,-58.99972229712924,0.07739551458400562,-61.849065306818204,0.004479833220273681,-56.70125003345159,0.770778537328762,S,0.7071910035170822,0.770778537328762,0.9226044110375182,deep,-0.14705850960778952,0.14677121112843644
04_12,4,Baseline,4,-73.17748315590259,1.1359112716335284e-07,-71.97320850139198,3.787513994714332e-07,-58.89178625631217,0.18177901370361332,-65.33731252969991,0.0002885939677923044,-59.039404996484265,0.15683165967604862,-62.84449999298271,0.003490615222634836,-57.60596651489362,0.6576096250873843,S,0.8982115140891193,0.6576096250873843,0.843167961572552,deep,-0.18177863495221386,0.18149041973582103
04_12,5,Baseline,4,-73.0834330966845,4.358579654344731e-08,-72.24508884471017,1.0079367260623392e-07,-58.24219731834968,0.1215659058019018,-64.94147162333337,0.00014974555058966477,-58.389816058521774,0.10488219942715794,-62.19491105502022,0.0023343717885794435,-56.39487777772412,0.771067633052302,S,0.7086053493714481,0.771067633052302,0.8951176997791694,deep,-0.1215658050082292,0.12141616025131213
04_12,6,Baseline,4,-73.66506097501681,2.2318806301918022e-08,-70.05218123902003,8.274174889018577e-07,-58.823825196681994,0.0622497721661522,-65.52309950166568,7.667961132368596e-05,-58.27845372790762,0.10739636586632643,-62.77653893335253,0.0011953525211827133,-56.23466223759845,0.8290809800987197,S,0.5766519319370002,0.8290809800987197,0.8926028067161846,deep,-0.0622489447486633,0.06217309255482851
04_12,7,Baseline,4,-72.20331129415837,5.432824410797374e-08,-71.78344017124932,8.267484333668075e-08,-57.34080325303778,0.15478572237519642,-64.06134982080724,0.00018665284270779988,-58.90652543507835,0.03234047501321523,-61.31161658975853,0.002918962916065194,-55.686097128773405,0.8097680498497278,S,0.589268670079175,0.8097680498497278,0.9676594423119413,deep,-0.15478563970035308,0.15459906953248861
04_12,8,Baseline,4,-72.3391725606783,1.486600948118514e-07,-70.28896623953008,1.1550151944318883e-06,-58.83527718475702,0.10885832596644611,-64.19721108732718,0.0005107440843973564,-57.774995172490925,0.3142941363145509,-61.602747875158386,0.00683855590694647,-57.18057106049264,0.56949693405237,S,0.9637968358644997,0.56949693405237,0.6857047086702547,deep,-0.10885717095125168,0.10834758188204875
04_12,9,Baseline,4,-70.97490457357478,1.9352414697617633e-07,-70.8317617167087,2.2330647429297996e-07,-58.818388448828884,0.03683350386287573,-62.98402854621722,0.0005716477863732003,-57.20322817181082,0.1852244140889929,-60.45695160594215,0.007155238207642975,-55.77812690085985,0.770214779223494,S,0.6746365479120474,0.770214779223494,0.8147753626045329,deep,-0.03683328055640144,0.036261856076502536
04_12,10,Baseline,4,-69.49316809967564,4.2321152697983084e-07,-71.52577670096133,5.543790228271771e-08,-55.343711963967316,0.5910009918029148,-65.24543040834936,2.960237309315044e-05,-56.279984602826424,0.23172354777498605,-59.60944387233347,0.00829859138057624,-56.59594585799936,0.16894678801900057,L2,0.9901544609291778,0.5910009918029148,0.7682763967871117,deep,-0.5910009363650125,0.5909713894298216
04_12,11,Baseline,4,-70.36017399441862,1.3684446662195292e-07,-68.71105838759523,7.119164845851167e-07,-58.73941210696666,0.015242633394798073,-61.54294855032498,0.0009236333318559127,-56.87876033916742,0.09797850305871401,-60.09886446442162,0.00391432919625956,-54.681384351497336,0.8819400522574212,S,0.43033733604969926,0.8819400522574212,0.9020207850248014,deep,-0.015241921478313488,0.01431900006294216
04_12,12,Baseline,4,-69.25871017211122,3.7537170518526664e-07,-70.06112819555435,1.68258035290594e-07,-54.63876405995785,0.8391188079515854,-64.26142636220601,5.555898670077539e-05,-57.98032784499216,0.02968935363343475,-61.36791373661843,0.0010032077602853612,-56.50256298539565,0.13013252803825326,L2,0.524446154141472,0.8391188079515854,0.97031047810853,deep,-0.8391186396935502,0.8390632489648847
04_12,13,Baseline,4,-72.62110068025409,1.1778089207047107e-07,-71.54621594947221,3.4505740079573275e-07,-58.96734172724074,0.10019060748446773,-64.56777147971673,0.00037033202684103576,-59.114960467412835,0.08644044730796267,-62.92005546391128,0.0019239121861478285,-56.876056584858276,0.8110742381562879,S,0.6269381999243793,0.8110742381562879,0.9135592076346365,deep,-0.10019026242706694,0.0998202754576267
04_12,14,Baseline,4,-71.52466146756478,1.0271301526311909e-07,-71.73886295632416,8.290848018361496e-08,-56.132973686912855,0.49676449590183047,-65.07705016809616,6.483171160599657e-05,-57.88359017013576,0.08627152407464382,-62.33048959978301,0.0010106565302435326,-56.31067301999949,0.4158883061601807,L2,0.9314169377165713,0.49676449590183047,0.9137283930168759,deep,-0.4967644129933503,0.4966996641902245
04_12,15,Baseline,4,-72.62961394520674,5.638057500569199e-08,-70.9586911980843,2.9977956807936113e-07,-58.530275908498275,0.07488489214222036,-63.87172620901913,0.00035861777997986703,-57.46620139323666,0.21702806530767454,-61.416308662065326,0.004178362442303303,-56.29008954203763,0.7035497061676788,S,0.7987655732035239,0.7035497061676788,0.7829716349127573,deep,-0.07488459236265227,0.07452627436224049
04_12,16,Baseline,4,-70.48024444146664,2.725776078225561e-07,-69.90668837492068,4.837070425401957e-07,-58.63702404647822,0.03792586032677969,-62.2470072697929,0.0010259817782636866,-58.30819922444539,0.052691704430002095,-62.113294220943835,0.0011727636241933494,-55.46231313582801,0.9071829335561108,S,0.38254147123357746,0.9071829335561108,0.9473078118629554,deep,-0.037925376619737154,0.03689987854851601
04_13,1,Baseline,4,-69.10336030456001,6.680675334189413e-10,-47.97673054752455,0.9999979074682488,-79.13273001226736,2.945238341238565e-14,-61.06187839145367,2.075829061304123e-06,-67.50632340689144,3.2991698791180776e-09,-70.13786504958848,2.374327727573311e-10,-66.1744264142897,1.2497990578266633e-08,L1,2.9566306895108398e-05,0.9999979074682488,2.089232581640949e-06,shallow,0.9999979074682194,-2.0758290318517395e-06
04_13,2,Baseline,4,-71.6573033576428,5.788287809155604e-11,-48.08470395080028,0.9999999165888288,-82.486781020969,1.1464832818760505e-15,-64.40788475937822,8.145778779939744e-08,-71.63009696231283,5.9479280261432e-11,-73.35157588071563,1.0634985684766038e-11,-68.2061786794715,1.8253851846817828e-09,L1,1.45282448024122e-06,0.9999999165888288,8.335169199433883e-08,shallow,0.9999999165888277,-8.145778665291415e-08
04_13,3,Baseline,4,-71.37897468328316,6.837593203129779e-11,-47.97297455781031,0.9999999013642662,-82.486781020969,1.0252841904289179e-15,-64.1181705670756,9.732634655410882e-08,-71.51836756932286,5.94792793558859e-11,-73.0304475414085,1.3112264763495533e-11,-68.54058897304556,1.1684187314061275e-09,L1,1.6973497322809416e-06,0.9999999013642662,9.857625450759393e-08,shallow,0.9999999013642652,-9.732634552882463e-08
04_13,4,Baseline,4,-71.62478296710337,6.438672037136393e-11,-48.15866935568412,0.9999999019241547,-82.14735333405233,1.7334130365145064e-15,-64.32611653174443,9.518463796001924e-08,-70.68465641247832,1.648496689058264e-10,-73.15248837137347,1.3974049496458088e-11,-67.90813226757638,2.6479952042209175e-09,L1,1.6948385707948957e-06,0.9999999019241547,9.791099566752101e-08,shallow,0.9999999019241529,-9.51846362266062e-08
04_13,5,Baseline,4,-71.62777666968523,2.6292111871505726e-11,-47.26602455740289,0.9999999617097738,-82.27411449048944,6.254314318255261e-16,-64.36697255347765,3.742420930327218e-08,-70.81141756891543,5.94792829451944e-11,-73.27924952781058,5.041966110133968e-12,-68.24392109349807,7.752026984499931e-10,L1,6.967139707358512e-07,0.9999999617097738,3.823074670513525e-08,shallow,0.9999999617097731,-3.742420867784075e-08
04_13,6,Baseline,4,-69.53099672233891,4.2226627226040757e-10,-47.945612300991286,0.9999993973934295,-80.17733454314312,1.0044784555997306e-14,-62.27019260613134,6.010540892271379e-07,-69.40937320636193,4.768774825759503e-10,-71.18246958046426,8.097684372387578e-11,-69.22688106737583,5.723506035850423e-10,L1,9.245867003193432e-06,0.9999993973934295,6.021296929914917e-07,shallow,0.9999993973934195,-6.010540791823533e-07
04_13,7,Baseline,4,-70.74765486715911,1.2803031687784015e-10,-47.96890102554145,0.9999998121722002,-81.0621803874177,4.243960210373046e-15,-63.48685075095153,1.8223843711821805e-07,-70.35768932747251,1.8909180278821731e-10,-72.3959550625489,2.4630041352840202e-11,-67.03439463365962,5.2476063589179544e-09,L1,3.1235946153416407e-06,0.9999998121722002,1.876387080793269e-07,shallow,0.999999812172196,-1.8223843287425783e-07
04_13,8,Baseline,4,-70.74765486715911,1.2803031687784015e-10,-47.96890102554145,0.9999998121722002,-81.0621803874177,4.243960210373046e-15,-63.48685075095153,1.8223843711821805e-07,-70.35768932747251,1.8909180278821731e-10,-72.3959550625489,2.4630041352840202e-11,-67.03439463365962,5.2476063589179544e-09,L1,3.1235946153416407e-06,0.9999998121722002,1.876387080793269e-07,shallow,0.999999812172196,-1.8223843287425783e-07
04_13,9,Baseline,4,-71.75125466797438,5.269235239056358e-11,-48.08470395080028,0.999999930333948,-80.81238662316969,6.1171337962479545e-15,-64.64153599776037,6.448506975371456e-08,-71.32309551370362,8.085274064606885e-11,-73.77329660013136,6.975670115025507e-12,-67.19047328853404,5.040455371785691e-09,L1,1.2369416308281829e-06,0.999999930333948,6.958519926513963e-08,shallow,0.9999999303339419,-6.448506363658076e-08
04_13,10,Baseline,4,-67.92105915851644,7.113853255063069e-10,-46.8572524514139,0.9999998228488306,-78.57987028934748,1.6712524022528917e-14,-62.41951606473481,1.7433906395203023e-07,-67.17799905296087,1.4955874282298264e-09,-69.60689221296438,1.3181259477162486e-10,-68.32853665961338,4.733034521045569e-10,L1,2.9487992447020144e-06,0.9999998228488306,1.7565558203693674e-07,shallow,0.9999998228488138,-1.743390472395062e-07
04_13,11,Baseline,4,-71.7770129166979,5.2089922169262645e-11,-48.09896338128573,0.9999999170807055,-78.76924454247646,4.787029427676254e-14,-64.72404306212736,6.023093394144156e-08,-69.33335672857308,5.998188456563706e-10,-72.41177696159934,2.761081248462043e-11,-65.7307870700397,2.2008793218946753e-08,L1,1.4869614774415587e-06,0.9999999170807055,8.231947576533647e-08,shallow,0.9999999170806576,-6.023088607114729e-08
04_13,12,Baseline,4,-67.64778372623203,2.8011810581314687e-09,-47.9545592575256,0.9999997664813881,-78.41836745141774,5.88485954905151e-14,-63.50642589540239,1.761611085037846e-07,-67.72352152970718,2.596860800805478e-09,-69.77384438373015,3.341987100052171e-10,-64.73381486126745,5.162520383679661e-08,L1,3.9531804964088044e-06,0.9999997664813881,2.3092175095731338e-07,shallow,0.9999997664813293,-1.7616104965518912e-07
04_13,13,Baseline,4,-69.76801408333554,4.122691141707212e-10,-48.15866935568412,0.9999999375716014,-81.60182872946122,2.99102745468661e-15,-64.83755313752059,5.7075901807288235e-08,-70.13913180788721,2.8445031576823385e-10,-72.60696376678236,2.411240991996887e-11,-67.34901935830894,4.6316620228063864e-09,L1,1.119024771029217e-06,0.9999999375716014,6.214394834521276e-08,shallow,0.9999999375715984,-5.707589881626078e-08
04_13,14,Baseline,4,-72.30101156196439,1.0532590400076846e-12,-44.72187967121792,0.9999999796228831,-78.6121906702534,1.912603447588515e-15,-62.464632100441484,1.969792671566204e-08,-68.26727268273046,5.947928401065292e-11,-71.3769090747744,2.6537976563632433e-12,-65.92965068961058,6.160019179961391e-10,L1,3.8443689476042905e-07,0.9999999796228831,2.0317637602958e-08,shallow,0.9999999796228812,-1.969792480305859e-08
04_13,15,Baseline,4,-69.34953479636842,5.335876896596187e-10,-47.998137156215996,0.9999999482061241,-80.73777035879895,6.044465986932232e-15,-64.86739520508661,4.71817769408885e-08,-71.15907618320968,8.736388980321074e-11,-73.47302562809118,8.637667596469682e-12,-67.33949226058,3.982503655882763e-09,L1,9.383789792040982e-07,0.9999999482061241,5.170651199849334e-08,shallow,0.9999999482061181,-4.718177089642251e-08
04_13,16,Baseline,4,-71.82915273048596,5.051307321250694e-11,-48.12036385083177,0.9999999419996615,-80.09728153091929,1.2959882918576005e-14,-64.86524796315557,5.343049586756916e-08,-69.11887428895987,7.593863096620319e-10,-71.586706247855,6.437199388135973e-11,-67.53649797897785,3.695558343378145e-09,L1,1.043095832858639e-06,0.9999999419996615,5.724095223792409e-08,shallow,0.9999999419996485,-5.343048290768624e-08
04_14,1,Baseline,4,-71.6847243684387,0.0006194715435752397,-78.04088795314924,1.0754112868198599e-06,-64.30056145876291,0.9975221920688111,-78.31820011472088,8.149659214630672e-07,-71.32208412086551,0.0008902541761068674,-71.24222305887193,0.0009642668532985196,-77.45867503638794,1.924981000000987e-06,L2,0.020051245152230942,0.9975221920688111,0.9991086704126063,deep,-0.9975211166575243,0.9975213771028897
04_14,2,Baseline,4,-70.61893510638333,0.0012476992712957523,-78.4691057703648,4.862102611149222e-07,-63.937836390526456,0.9946590232774861,-76.97699278770781,2.1619246574230167e-06,-70.3219470532495,0.0016791527076875578,-69.96280771866135,0.002404708427204956,-75.83575923218362,6.7681814069934176e-06,L2,0.039015270985938315,0.9946590232774861,0.9983203610820512,deep,-0.994658537067225,0.9946568613528287
04_14,3,Baseline,4,-72.95108362444238,0.0009219539463772516,-80.59908727495369,4.397678179152889e-07,-65.96605101214543,0.9960252472666121,-79.34627766872384,1.5392591485889973e-06,-72.45192855783839,0.0015187612875816434,-72.4462440953728,0.0015274192136292026,-78.24302427780462,4.639258833164605e-06,L2,0.030255009427161923,0.9960252472666121,0.9984807989446004,deep,-0.9960248074987942,0.9960237080074635
04_14,4,Baseline,4,-72.5758118327429,0.000514239365791009,-79.07681186514837,7.723548508914937e-07,-65.00554324970906,0.9974501307775651,-78.933143557873,8.916845291087326e-07,-71.85112242931373,0.0010614362817026818,-71.94720484981808,0.0009641971943825507,-76.6983562114159,8.332341178912935e-06,L2,0.020526048085745312,0.9974501307775651,0.9989377913634466,deep,-0.9974493584227142,0.997449239093036
04_14,5,Baseline,4,-72.53028365442478,0.0005819545280775879,-80.07652042196618,3.073265385083112e-07,-65.08378252524619,0.997386307101222,-78.92547769870625,9.716090862522094e-07,-71.92936170485088,0.0010613683637550801,-72.02544412535521,0.000964135498456342,-77.29616319419746,4.955572864180416e-06,L2,0.020987598872972885,0.997386307101222,0.9989383243097064,deep,-0.9973859997746835,0.9973853354921357
04_14,6,Baseline,4,-73.45156469905692,0.0005813152442016983,-78.22326598257587,4.921394450140105e-06,-66.00506356987835,0.9962906665427104,-79.84675874333838,9.705417622732022e-07,-72.15765254053655,0.0021200720590610306,-72.94672516998736,0.0009630763843011861,-76.1538647846563,3.897783351331005e-05,L2,0.02824341986023062,0.9962906665427104,0.9978750065464889,deep,-0.9962857451482602,0.9962896960009481
04_14,7,Baseline,4,-71.89277125639853,0.0004180397771083597,-81.02200629460461,4.533579192874461e-08,-64.11445782667433,0.9983807726689715,-78.28796530068,6.97943269201917e-07,-71.71824286790782,0.0004977535012306124,-71.3847590645934,0.0006947755059399003,-75.85955433174712,7.915267688734548e-06,L2,0.013811846360813255,0.9983807726689715,0.9995022011629777,deep,-0.9983807273331796,0.9983800747257023
04_14,8,Baseline,4,-71.7375012375186,0.0004172626750540304,-79.31403608692548,2.1377763141859366e-07,-63.95918780779441,0.9965248637532783,-78.13269528180007,6.96645849248118e-07,-70.0102726602287,0.0023471204537606257,-71.22948904571348,0.0006934839746011786,-74.97645609936757,1.6358719825414798e-05,L2,0.026164635694670403,0.9965248637532783,0.9976526657686081,deep,-0.9965246499756469,0.9965241671074291
04_14,9,Baseline,4,-70.76140829761489,0.008345439540310825,-79.00284646026454,2.1990651608194045e-06,-65.99962682202523,0.9760332977850172,-77.30768778788992,1.1979430039233315e-05,-71.08242698443975,0.006053862753743958,-70.62713784257697,0.009544696709434036,-77.64790906009671,8.524716294044185e-06,L2,0.1391998571292903,0.9760332977850172,0.9939439381810955,deep,-0.9760310987198564,0.976021318354978
04_14,10,Baseline,4,-71.49226959275462,0.0025221661731528633,-79.42513891147732,9.048411143637934e-07,-65.51389820060214,0.9957433234160393,-77.22063061446327,8.203102054642737e-06,-72.6143905889941,0.000821188275321967,-72.76857797240676,0.0007038498302752266,-74.02500547727048,0.00020036436204158464,L2,0.032095195906714995,0.9957433234160393,0.9991779068835637,deep,-0.995742418574925,0.9957351203139847
04_14,11,Baseline,4,-69.46737138585907,0.0003245947424344229,-76.20283679855142,3.8562574407177425e-07,-61.43722868500529,0.9972134903243978,-75.18730145939803,1.064651360304589e-06,-68.1086644546577,0.001263049594866958,-68.16320106999751,0.0011960117677896496,-74.91112693631503,1.4032934068331528e-06,L2,0.021906878555766385,0.9972134903243978,0.998736564779389,deep,-0.9972131046986537,0.9972124256730375
04_14,12,Baseline,4,-72.68435496364947,0.0006217719831947424,-76.43690334581109,1.4585458757168359e-05,-65.3426909864924,0.959566996311326,-75.40205021684032,4.105358587152441e-05,-68.99867655975854,0.024791393680617748,-69.5098853516343,0.014869137737303478,-74.56240705636644,9.506124292936162e-05,L2,0.1998887719966933,0.959566996311326,0.9751940208606251,deep,-0.9595524108525688,0.9595259427254546
04_14,13,Baseline,4,-74.11557461197333,6.270522822599274e-05,-78.00933048534891,1.2772239780113955e-06,-64.44060989275796,0.9979011957744011,-77.1834605137103,2.917009440374059e-06,-71.28618907236263,0.001061916282394721,-71.38227149286698,0.0009646332217998757,-76.57594023024824,5.355259760066812e-06,L2,0.01679275921685722,0.9979011957744011,0.9989368064936274,deep,-0.997899918550423,0.9978982787649607
04_14,14,Baseline,4,-69.17620243200598,0.023385919517642587,-79.90994769988,5.097392912191945e-07,-65.4491748197081,0.9718113716447665,-78.1197317540095,3.053718621734851e-06,-71.76278898276469,0.0017604114505990172,-71.21969818065848,0.0030302295101709764,-77.0955059223129,8.504418907763102e-06,L2,0.14449920089227722,0.9718113716447665,0.9982390788101095,deep,-0.9718108619054753,0.9718083179261447
04_14,15,Baseline,4,-70.28115490964794,0.0002739655403299007,-76.60663813484142,4.904259930786883e-07,-62.08207759037647,0.9965749733977007,-75.46845574411321,1.5306638019427848e-06,-68.48260923276705,0.001654986300511774,-68.58784265908167,0.0014896769804997293,-74.4178642462684,4.376691162906037e-06,L2,0.026043053923656773,0.9965749733977007,0.9983445232734952,deep,-0.9965744829717077,0.9965734427338988
04_14,16,Baseline,4,-70.51906194618662,0.007277187315813892,-78.7182619463562,2.0003050794419463e-06,-65.60476614371467,0.9913228192634576,-77.21115533934528,9.02868124882163e-06,-72.82788686495398,0.0007231920310829734,-72.92396928545833,0.0006569397894063522,-77.23311065802892,8.832613911049517e-06,L2,0.054743006928728834,0.9913228192634576,0.9992748076638377,deep,-0.9913208189583781,0.9913137905822087
04_15,1,Baseline,4,-74.75130724131714,2.1681912346933312e-07,-59.40848568755872,0.9986201432507662,-78.00702237538793,8.359079718256989e-09,-68.37315540546194,0.00012767143254211277,-68.01871446919519,0.00018198075990840187,-71.24416393410792,7.2315362896036405e-06,-66.25400229896566,0.001062747842290474,L1,0.011456368058695493,0.9986201432507662,0.001197875989325378,shallow,0.9986201348916864,-0.0001276630734623945
04_15,2,Baseline,4,-74.5880249640013,2.8320552904979377e-07,-59.51645909083446,0.9944881675277301,-79.03202310089077,3.327345198096521e-09,-67.98297694408839,0.00020923659099307632,-68.40630319531847,0.00013702170923045524,-71.06134310223679,9.632082636420661e-06,-64.77859301269724,0.00515565555653554,L1,0.035761970192972295,0.9944881675277301,0.005374810763039285,shallow,0.9944881642003849,-0.00020923326364787824
04_15,3,Baseline,4,-75.37717766944114,3.345635624633655e-07,-60.47221107764395,0.994542584772425,-79.03202310089077,8.653652207713642e-09,-68.76074413158523,0.00025001105645444893,-69.36205518212796,0.00013702920690023468,-71.80769614272913,1.1876398739316641e-05,-65.75349213415097,0.005058155348266418,L1,0.03561606654434841,0.994542584772425,0.005320386020674855,shallow,0.9945425761187727,-0.0002500024028022412
04_15,4,Baseline,4,-76.6904673330608,3.138313971440729e-07,-61.72538725531721,0.9907135189148537,-79.76007679377355,1.4574106535844257e-08,-70.03617147605352,0.00024356807395597396,-69.59582540508288,0.0003783208098280124,-72.99721835249355,1.2608227682326989e-05,-66.46606196722911,0.008651655568176382,L1,0.05549342344806737,0.9907135189148537,0.008908160275318364,shallow,0.9907135043407471,-0.00024355349984943813
04_15,5,Baseline,4,-76.79050479744261,1.2886157025817197e-07,-60.92978621883593,0.996198714313385,-79.9838817120106,5.287586030781962e-09,-70.1740712595867,9.629505699728581e-05,-69.81963032331994,0.0001372573903093682,-73.2210232707306,4.5743516696564816e-06,-66.56312313912292,0.0035630247384822915,L1,0.026048992526773247,0.996198714313385,0.003664028296305523,shallow,0.996198709025799,-9.628976941125503e-05
04_15,6,Baseline,4,-74.59668108829634,2.0608471857551652e-06,-61.512330200624376,0.9919897376991446,-77.79005800286433,8.45628900000486e-08,-67.98024755044042,0.0015400200138598315,-68.32054219896649,0.0010958176137082878,-71.02719956158433,7.3156331605917e-05,-66.74450164053309,0.005299122931605776,L1,0.05391413154135265,0.9919897376991446,0.00691444468714728,shallow,0.9919896531362545,-0.0015399354509698314
04_15,7,Baseline,4,-75.81333923311652,6.144412097758125e-07,-61.53561892517454,0.9754735084150533,-78.6749038471389,3.51332733019517e-08,-69.19690569526063,0.00045915668417124576,-69.26885832007706,0.00042727972261537815,-72.24068504366896,2.1880857399884595e-05,-65.25655291748453,0.023617524746277013,L1,0.11977712527762199,0.9754735084150533,0.024099211862331223,shallow,0.97547347328178,-0.0004591215508979438
04_15,8,Baseline,4,-75.81333923311652,6.144412097758125e-07,-61.53561892517454,0.9754735084150533,-78.6749038471389,3.51332733019517e-08,-69.19690569526063,0.00045915668417124576,-69.26885832007706,0.00042727972261537815,-72.24068504366896,2.1880857399884595e-05,-65.25655291748453,0.023617524746277013,L1,0.11977712527762199,0.9754735084150533,0.024099211862331223,shallow,0.97547347328178,-0.0004591215508979438
04_15,9,Baseline,4,-73.80858241813334,6.01244742592784e-08,-57.18740880763565,0.9943408315756261,-76.29014732329199,5.027144248769e-09,-66.61540611277137,7.99849115002895e-05,-66.0613827489103,0.00013919298819930462,-69.54218858565352,4.284721422811243e-06,-62.396511455616476,0.005435640651632761,L1,0.03603337694264313,0.9943408315756261,0.00551997543617437,shallow,0.9943408265484819,-7.997988435604072e-05
04_15,10,Baseline,4,-73.0837872862738,2.8689337167118144e-06,-60.32692658924704,0.9953016444884408,-76.28963751086864,1.1626190965293424e-07,-69.19705238884336,0.00013986467260691546,-66.42882121186524,0.002228104510849299,-69.5486659558844,9.840206246507352e-05,-66.42841980357035,0.002228999070011561,L1,0.034091818968403825,0.9953016444884408,0.0024702510007099145,shallow,0.9953015282265312,-0.00013974841069726253
04_15,11,Baseline,4,-76.84269728265531,2.479661534056794e-07,-61.66568128091881,0.9675796067719624,-76.38196800219767,3.930832962299868e-07,-70.43409800643644,0.0001505260645969896,-68.24452572117762,0.0013444073206714054,-72.25650694271943,2.4330417574662913e-05,-65.10970699452002,0.030900488375744883,L1,0.14981140230379925,0.9675796067719624,0.031075985907366172,shallow,0.9675792136886662,-0.00015013298130075962
04_15,12,Baseline,4,-73.61597507692899,7.589441827913992e-08,-57.22223850942088,0.9998138891205368,-78.19516679927786,7.789187171493804e-10,-67.67930765280026,2.873900577798598e-05,-69.53823987536626,4.47865627947157e-06,-73.35475919414833,9.854950630712701e-08,-66.0089698913188,0.0001527179945626412,L1,0.0018865554842896093,0.9998138891205368,0.0001816322231839306,shallow,0.9998138883416181,-2.873822685926883e-05
04_15,13,Baseline,4,-77.5024018987916,9.73974183404448e-09,-59.056683805818565,0.9986677558111342,-79.53479660312227,1.2761144907972565e-09,-68.62614159819066,6.973620568438813e-05,-69.3705452144316,3.312591865609777e-05,-72.77193816184226,1.1039813664815345e-06,-65.75750166478974,0.0012282670673023272,L1,0.010587867300441103,0.9986677558111342,0.0012991182702095218,shallow,0.9986677545350198,-6.973492956989733e-05
04_15,14,Baseline,4,-74.16425178852344,3.125024374008178e-06,-61.49104171024938,0.9971456844770229,-78.94213946037323,2.6293182629493106e-08,-70.0961535283896,0.0001826442630048533,-70.38088581473339,0.00013738786493405322,-73.14310553953351,8.676240665738194e-06,-67.4707056269938,0.0025224558368159063,L1,0.020876025051169093,0.9971456844770229,0.0027169276580431352,shallow,0.9971456581838403,-0.00018261796982222382
04_15,15,Baseline,4,-74.41521916232583,2.602003417043665e-06,-61.56485505584909,0.9911744179601756,-78.35049381852018,5.084400989842247e-08,-70.5774501493957,0.00012078966246969932,-70.07024517581424,0.0002005885268728136,-73.31775560921126,7.797048358032305e-06,-66.32441451215252,0.008493753954696774,L1,0.05221192518372278,0.9911744179601756,0.008624993512951448,shallow,0.9911743671161657,-0.0001207388184598009
04_15,16,Baseline,4,-76.89483709644337,2.454604027394956e-07,-61.68708175046486,0.9877014045323671,-77.7100049906405,1.0863218731741163e-07,-70.57530290746466,0.00013630766207671779,-68.03004328156443,0.001737450656360828,-71.43143622897509,5.790369679152679e-05,-66.2438750718025,0.01036657935981358,L1,0.07241503161324406,0.9877014045323671,0.010561144811271883,shallow,0.9877012959001797,-0.00013619902988940038
04_16,1,Baseline,4,-75.6052923451567,2.228699604131002e-06,-70.35502201859316,0.0004248297943317328,-69.6030326035122,0.0009011556722399496,-70.85553483230468,0.00025754019141070543,-65.8294072029883,0.03923417355588668,-65.28373608435497,0.06770901012376686,-62.70608236755946,0.8914710619627599,S,0.42354603571421867,0.8914710619627599,0.9603409966497816,deep,-0.0004763258779082168,0.0006436154808292442
04_16,2,Baseline,4,-75.76225448178072,1.6697238269117337e-06,-72.91820259540764,2.8694633695139958e-05,-70.94827774295489,0.00020574447340597181,-70.78560078487097,0.00024209057586279848,-66.53724034305142,0.016944056093787428,-65.42115966642368,0.051727925255064935,-62.531059489410396,0.9308498192443568,S,0.29308745549074355,0.9308498192443568,0.9830272492725174,deep,-0.00017704983971083185,-3.634610245682667e-05
04_16,3,Baseline,4,-76.2311627732807,1.159910250965205e-06,-73.55371016827729,1.687435877082843e-05,-70.62803332901504,0.00031465351357778693,-71.24312355842797,0.00017009920864874184,-67.17274791592108,0.0099642352851515,-65.84726829297617,0.03750528414526796,-62.613156002304585,0.9520276935783323,S,0.2200805722370633,0.9520276935783323,0.9900188903560777,deep,-0.0002977791548069585,0.0001445543049290451
04_16,4,Baseline,4,-76.46726668092091,1.1578692433553382e-06,-73.63265682817115,1.9711284905883107e-05,-70.27890126591838,0.0005639394411298488,-71.44136514691681,0.00017635217514417608,-66.32933238289655,0.02927577774185865,-65.95960474676113,0.04237201463065946,-62.87350190539493,0.9275910468570586,S,0.31301581997583183,0.9275910468570586,0.9707045109732355,deep,-0.0005442281562239656,0.00038758726598567267
04_16,5,Baseline,4,-76.42173850260279,7.814762698529906e-07,-72.7885339107899,2.9566267422159844e-05,-70.35714054145551,0.00033630802016055113,-71.43369928775006,0.00011460239701231153,-66.40757165843368,0.01745875200943396,-66.03784402229826,0.025268756379410375,-62.40382750837705,0.9567912334502908,S,0.20992511196755187,0.9567912334502908,0.982511681723144,deep,-0.0003067417527383913,0.0002217056231482396
04_16,6,Baseline,4,-73.63594784647682,1.8326524455621802e-06,-72.77911094559865,4.317174952395507e-06,-67.57134988532954,0.0007886812938355153,-68.64790863162409,0.00026875590629439107,-64.31651658710054,0.020438907640282195,-63.2520533661723,0.05925816299419116,-60.51041038250427,0.9192393423379988,S,0.33229898501243027,0.9192393423379988,0.9795567751847654,deep,-0.0007843641188831198,0.0005199253875411243
04_16,7,Baseline,4,-75.21166790995684,2.0207814391057686e-07,-69.2797111168106,7.616149254629423e-05,-68.81525764826394,0.00012118392785039775,-70.22362869510411,2.9634475887933868e-05,-62.877556167932326,0.045936300161395244,-64.82460076691675,0.0065548881824616665,-59.851215385227285,0.9472816296817146,S,0.22789259343313614,0.9472816296817146,0.9539875383460584,deep,-4.502243530410352e-05,9.154945196246387e-05
04_16,8,Baseline,4,-75.22137228613683,2.02079567297888e-07,-69.38645925479054,6.911828205941177e-05,-68.82496202444392,0.0001211847814393207,-70.23333307128411,2.963468462568279e-05,-62.88726054411232,0.045936623725069056,-64.83430514309674,0.0065549343534352595,-59.860919761407274,0.9472883020938039,S,0.22782706900765437,0.9472883020938039,0.9539942579928714,deep,-5.206649937990894e-05,9.155009681363792e-05
04_16,9,Baseline,4,-76.17645020605212,4.074353941081665e-06,-73.23844700934748,7.691611317998949e-05,-69.3806314831355,0.00364288385560129,-71.33949643719296,0.0005137136252737705,-67.08422399828179,0.03620448915124492,-66.16312479977924,0.09094749112287223,-63.90651238922371,0.8686104317778868,S,0.4856689851923578,0.8686104317778868,0.9637185947355751,deep,-0.0035659677424213004,0.0031291702303275193
04_16,10,Baseline,4,-72.94792601975388,1.681358910895315e-05,-72.26330929064096,3.334154323659051e-05,-67.18693265403328,0.005341067405765177,-71.4659355397262,7.400834928433976e-05,-64.02601766969848,0.12600738370298958,-63.180654306571654,0.2934490029097638,-62.507851826852345,0.5750783824998515,S,0.9681373090051499,0.5750783824998515,0.8739592747537738,deep,-0.005307725862528587,0.0052670590564808375
04_16,11,Baseline,4,-74.28074197113662,1.518810672843028e-05,-71.3312399561939,0.0002900387934184771,-69.2589558860813,0.0023037620845162707,-69.50053701792092,0.0018093403724297626,-66.97325244159828,0.02265197217893315,-66.01853393421861,0.05884844601149651,-63.27557989650096,0.9140812524524775,S,0.3625649145264145,0.9140812524524775,0.9770579890276485,deep,-0.0020137232910977937,0.0004944217120865081
04_16,12,Baseline,4,-73.61597507692899,1.1186813404467733e-05,-69.21684746789478,0.0009103811145961882,-68.93719192356257,0.001204137549863871,-68.88070942388366,0.001274107691902475,-66.06795495340003,0.02122119729611661,-66.11335368863602,0.02027932348341899,-62.26113981060471,0.9550996660506975,S,0.22777734707367925,0.9550996660506975,0.9778684215892873,deep,-0.00029375643526768295,-6.99701420386039e-05
04_16,13,Baseline,4,-77.82264631273144,7.225733128743749e-08,-70.53696082675272,0.0001054423122395134,-69.52958476154737,0.0002887438795226581,-69.5072989553342,0.00029525100866096714,-65.58001587852554,0.014989555659188188,-65.21028824239012,0.02169498885046129,-61.41770463709595,0.9626259460325961,S,0.18845508087072332,0.9626259460325961,0.9849050020285723,deep,-0.0001833015672831447,-6.507129138309039e-06
04_16,14,Baseline,4,-73.52376296064377,2.09043670496329e-05,-73.07806686916348,3.264377497785877e-05,-69.89766086061785,0.0007852955839030733,-71.0840590235131,0.00023976565864475489,-66.69710461680727,0.019276006803721477,-65.6882037580613,0.05286608460547572,-62.82425031201217,0.9267792992062276,S,0.31019251992265917,0.9267792992062276,0.9806913494213009,deep,-0.0007526518089252146,0.0005455299252583184
04_16,15,Baseline,4,-74.73546357626567,8.617822471434973e-06,-73.04513207678325,4.671960756314453e-05,-69.41276335674473,0.0017661064534461332,-71.90694968605503,0.0001458161132303701,-67.02695280576779,0.01919381191049162,-66.80223744196257,0.024030005882866474,-63.120029497518146,0.9548089222099309,S,0.22267497874424153,0.9548089222099309,0.9807594684819453,deep,-0.0017193868458829887,0.001620290340215763
04_16,16,Baseline,4,-73.8864804806449,1.4717410807665504e-06,-69.64467021806081,0.00010233547337921025,-69.94650404664446,7.567308451665266e-05,-68.17638111576989,0.0004443201999144023,-65.52049160141772,0.0063260732806714745,-65.1507639652823,0.009155981165275023,-60.47365299517745,0.9838941450551625,S,0.09608475284379728,0.9838941450551625,0.9935715912459493,deep,2.666238886255759e-05,-0.0003686471153977497
04_17,1,Baseline,4,-65.9979599269616,4.995936593817406e-05,-63.96954249215641,0.0003797934030126537,-63.99390317147507,0.00037065316098006416,-57.339279688807565,0.28776234628136865,-61.606062689454454,0.004036394941199119,-59.094284956754116,0.049755931618626646,-56.51274948948662,0.6576449212288746,S,0.8120185510951016,0.6576449212288746,0.9955838116557881,deep,9.140242032589538e-06,-0.2873916931203886
04_17,2,Baseline,4,-65.83467764964577,0.0001774262596952655,-67.37700379663046,3.794846053005337e-05,-62.02995603353943,0.007968700426767873,-57.909834469253525,0.49060679674404734,-60.819421897798335,0.026737192058427076,-59.12496040084288,0.14554961922563583,-58.309655851112545,0.3289223168248966,L3,1.1328751373439,0.49060679674404734,0.9732248594810429,deep,-0.00793075196623782,-0.48263809631727944
04_17,3,Baseline,4,-65.55634897528614,0.00017794253204608189,-67.26527440364049,3.221831939665276e-05,-63.09743741333888,0.002080518054686852,-57.62012027695091,0.4976684358608456,-60.707692504808364,0.022699929891117496,-58.80383206153576,0.15235636437539074,-58.04627657199891,0.3249845909665166,L3,1.0998677419261427,0.4976684358608456,0.9772678517894859,deep,-0.002048299735290199,-0.49558791780615874
04_17,4,Baseline,4,-64.9287634029068,0.0003535836494902928,-67.4509692015143,2.8386517341850798e-05,-63.63140358262176,0.0012939824467364251,-57.294325551720014,0.7312845620490787,-61.81485658396285,0.007958747430739458,-58.73178536790081,0.17370228805085844,-59.442034488148686,0.08537844985575495,L3,0.7931762926101331,0.7312845620490787,0.9920128660519187,deep,-0.0012655959293945743,-0.7299905796023423
04_17,5,Baseline,4,-64.83471334368869,0.0002139690903015898,-67.72284954483247,1.1913775856835039e-05,-62.981814644659266,0.0013647550838591016,-56.89848464535346,0.5984272633896364,-61.16526764600035,0.008394040463722593,-58.082196429938314,0.18320270208708359,-57.95340059223132,0.20838535610953982,L3,0.9960833969593379,0.5984272633896364,0.9915940457604204,deep,-0.0013528413080022665,-0.5970625083057772
04_17,6,Baseline,4,-65.416341222021,0.00011285205414090423,-65.52994193914233,0.00010073335622061344,-63.56344252299158,0.000719802165797203,-57.480112523685776,0.3156238400240496,-61.053905315386196,0.008853017250283939,-58.663824308270634,0.0966251771484853,-56.87515106547812,0.5779645780010224,S,0.9556583704963706,0.5779645780010224,0.9910462493934955,deep,-0.0006190688095765895,-0.3149040378582524
04_17,7,Baseline,4,-64.0904528076825,0.0002728330540053965,-65.76672693965239,5.103879104677531e-05,-63.5748945110666,0.0004568789065035984,-56.15422410934727,0.7630575876195759,-60.5504467599695,0.009403771696139127,-57.49003325007648,0.20064242886575076,-59.52903009605144,0.026115461066978398,L3,0.6739636780890911,0.7630575876195759,0.990545189512814,deep,-0.00040584011545682306,-0.7626007087130723
04_17,8,Baseline,4,-64.0904528076825,0.0002728330540053965,-65.76672693965239,5.103879104677531e-05,-63.5748945110666,0.0004568789065035984,-56.15422410934727,0.7630575876195759,-60.5504467599695,0.009403771696139127,-57.49003325007648,0.20064242886575076,-59.52903009605144,0.026115461066978398,L3,0.6739636780890911,0.7630575876195759,0.990545189512814,deep,-0.00040584011545682306,-0.7626007087130723
04_17,9,Baseline,4,-63.25992551047871,0.000306501149960463,-66.84326310673073,8.515464905402814e-06,-63.024265085238746,0.00038795212099804205,-55.47478225813704,0.7370159108590849,-60.51242044918913,0.004782537625292919,-56.877977670759975,0.18116605978160194,-57.74229263969085,0.07633252299815621,L3,0.7619464660259265,0.7370159108590849,0.9952089469098016,deep,-0.00037943665609263923,-0.7366279587380868
04_17,10,Baseline,4,-62.38956473591925,0.0008018269969687726,-66.82885862984372,9.464982882641156e-06,-62.00479577391592,0.0011781042197794717,-55.92146577461012,0.51658329950079,-60.976902673944025,0.0032930021394393452,-57.41819573089059,0.11564285391389661,-56.27570144405952,0.36249144824624313,L3,0.9911161470037244,0.51658329950079,0.9966975328776779,deep,-0.0011686392368968305,-0.5154051952810105
04_17,11,Baseline,4,-65.20715024284124,0.00010261400984029698,-68.13850019297551,5.4718924276186125e-06,-59.273152796866384,0.038753328099831,-57.47875580614305,0.23313405449062563,-59.2699186299182,0.03887886572810236,-56.7974356879873,0.46078600942858605,-57.4995351941679,0.22833965635058698,D2,1.2869722343955359,0.46078600942858605,0.96111566237947,deep,-0.03874785620740338,-0.19438072639079462
04_17,12,Baseline,4,-62.6209168649946,9.834866336962278e-05,-63.92796244979747,2.6614957489685973e-05,-62.15383297374603,0.00015689908773968632,-53.442987796747516,0.952121586416051,-59.923143956227165,0.0014601462237814422,-57.255199111536534,0.021041179131499253,-57.079002930487356,0.025095225520069403,L3,0.2325329698780041,0.952121586416051,0.998513238818729,deep,-0.00013028413025000033,-0.9519646873283114
04_17,13,Baseline,4,-62.32475755327933,0.0012336745213154786,-67.77121361545413,5.319058683128343e-06,-61.46524815597147,0.0029139411994647886,-56.52478450173682,0.40747117059477406,-59.64870115731256,0.017922439437302748,-56.56562994125052,0.39116315284592196,-57.345748391970034,0.1792903023425379,L3,1.1385527178500794,0.40747117059477406,0.9820722415040142,deep,-0.0029086221407816602,-0.40455722939530925
04_17,14,Baseline,4,-62.208460334769526,0.0028861312254340283,-68.28410503624592,6.6328031085433616e-06,-61.94007239302189,0.0037746394595049586,-56.82056691415636,0.6313184116379854,-61.7265231374138,0.004673247033523478,-58.00427869874122,0.19327200808713493,-58.16809062085054,0.16406892975330864,L3,0.9676872909627361,0.6313184116379854,0.9953201201633679,deep,-0.003768006656396415,-0.6275437721784805
04_17,15,Baseline,4,-61.71219074271231,0.002811888474679171,-67.61068141598601,7.714648455187378e-06,-60.60118978530922,0.008540822119323726,-56.55462656930285,0.4885395772305472,-60.668645532635026,0.00798369648388464,-57.43169180255936,0.20323343669194951,-57.080025763089225,0.2888828643511606,L3,1.1283564426832327,0.4885395772305472,0.9920085888676602,deep,-0.008533107470868538,-0.4799987551112235
04_17,16,Baseline,4,-64.93904564268946,0.00010606826731571937,-68.4801450764614,3.0740118017386903e-06,-60.707937923289165,0.007296796078902445,-57.29971629323142,0.22044693064426807,-59.37568060424484,0.02765185121806104,-56.292609388182804,0.6035107744300974,-57.746723288598844,0.14098450534955362,D2,1.0504374960287766,0.6035107744300974,0.9723450747701372,deep,-0.007293722067100706,-0.21315013456536563
04_18,1,Baseline,4,-71.77206375405865,7.505467628120763e-10,-50.76188651118313,0.9999580858346457,-73.96029750832999,8.414724691799375e-11,-61.54709720045342,2.0702572204742067e-05,-62.38241278385406,8.979483556511432e-06,-66.24641020141047,1.8842503428313274e-07,-62.08888404251178,1.2042849864630365e-05,L1,0.0005088876951958211,0.9999580858346457,3.2934681797665295e-05,shallow,0.9999580857504985,-2.070248805749515e-05
04_18,2,Baseline,4,-74.32600680714144,6.503152696820724e-11,-50.869859914458864,0.999997959342693,-77.31434851703165,3.275696350840731e-12,-64.89310356837797,8.124221891093771e-07,-66.50618633927544,1.6189328303573306e-07,-69.46012103253761,8.440171921178403e-09,-64.62914561952532,1.0578333556982082e-06,L1,3.0678418298891164e-05,0.999997959342693,1.8787640239520828e-06,shallow,0.9999979593394173,-8.124189134130262e-07
04_18,3,Baseline,4,-74.04767813278181,7.68204952332202e-11,-50.75813052146889,0.9999979649538216,-77.31434851703165,2.929410139888042e-12,-64.60338937607534,9.706878532929266e-07,-66.39445694628547,1.6189328394413897e-07,-69.13899269323049,1.040619841588712e-08,-64.68795162958753,8.919790928349875e-07,L1,3.062414008148172e-05,0.9999979649538216,1.8731528944491743e-06,shallow,0.9999979649508922,-9.706849238827868e-07
04_18,4,Baseline,4,-74.19644265480207,2.7410333704624344e-11,-49.87634393954324,0.9999976841311675,-76.87787706831502,1.876645118531697e-12,-64.71429157894423,3.597163778635949e-07,-65.46370202764099,1.7001819028069587e-07,-69.1639897613955,4.202239927602369e-09,-63.11417043465882,1.7819027374031247e-06,L1,3.397374658589278e-05,0.9999976841311675,2.145850642173145e-06,shallow,0.9999976841292909,-3.597145012184764e-07
04_18,5,Baseline,4,-74.39352388098382,2.9539265086543304e-11,-50.14822428286142,0.999998880401347,-77.19872574835202,1.7869647869068295e-12,-64.94923512427737,3.732520303033337e-07,-65.784550707678,1.618934321492479e-07,-69.4848384414325,4.001425044408312e-09,-64.50773626419998,5.804204391450339e-07,L1,1.7588217966891235e-05,0.999998880401347,9.577052207226494e-07,shallow,0.99999888039956,-3.732502433385468e-07
04_18,6,Baseline,4,-72.19970017183755,4.744143096825072e-10,-50.73076826464987,0.9999918022702945,-75.00490203920576,2.8699484002854905e-11,-62.75541141513109,5.994600873622202e-06,-64.28546258332454,1.2979784835495572e-06,-67.29101473228624,6.426474371070353e-08,-64.72016876938613,8.403824908484216e-07,L1,0.00011070597027897623,0.9999918022702945,6.899751221975012e-06,shallow,0.999991802241595,-5.994572174138199e-06
04_18,7,Baseline,4,-73.35813205957778,8.035482542008564e-11,-50.11356816132036,0.9999949277324326,-75.83152162640036,6.773802365827843e-12,-63.91384330287132,1.015346916886579e-06,-64.59328987655545,5.146767580996171e-07,-68.4462739572909,1.0919552271474055e-08,-62.66742535266185,3.531237211353163e-06,L1,7.106959809964553e-05,0.9999949277324326,4.557590809139002e-06,shallow,0.9999949277256588,-1.0153401430842132e-06
04_18,8,Baseline,4,-73.41635831665775,1.4384177421431362e-10,-50.75405698920003,0.9999941168316024,-75.88974788348033,1.2125665700646776e-11,-63.97206955995129,1.8175548413486067e-06,-65.23377870443512,5.14676340745686e-07,-68.50450021437086,1.9546900439934928e-08,-63.30791418054152,3.5312343478554524e-06,L1,8.204116106308985e-05,0.9999941168316024,5.3684920570839094e-06,shallow,0.9999941168194768,-1.8175427156829061e-06
04_18,9,Baseline,4,-73.8862174275733,5.91999532097465e-11,-50.33611922455914,0.9999978386016902,-76.17369480913204,6.010111915703389e-12,-64.59301411686039,6.431440860827256e-07,-66.19918489066623,1.2904975264675352e-07,-69.34810106205362,5.536053255114218e-09,-63.826936504547746,1.3836032078722208e-06,L1,3.215050184269661e-05,0.9999978386016902,2.032348557275186e-06,shallow,0.9999978385956801,-6.431380759708099e-07
04_18,10,Baseline,4,-70.58976260801508,7.992393036420087e-10,-49.64240841507248,0.9999934818916443,-73.40743778541011,4.7750294166432357e-11,-62.90473487373456,1.7387693296470144e-06,-62.054088429923475,4.0707368405952216e-06,-65.71543736478635,1.0460908150179427e-07,-63.9635082538516,6.031461145360781e-07,L1,9.04399164298517e-05,0.9999934818916443,2.4473715152826953e-06,shallow,0.999993481843894,-1.7387215793528479e-06
04_18,11,Baseline,4,-73.37823498639708,5.852313834685601e-11,-49.81663796514485,0.9999981086596592,-74.66429341833854,1.6173332944930476e-11,-64.14178049132765,6.007154847830935e-07,-65.27692748533514,1.9305486544326978e-07,-69.58780349322079,2.5911412546725044e-09,-63.541479803832814,1.0949041530040192e-06,L1,2.856175815877295e-05,0.9999981086596592,1.698285475513077e-06,shallow,0.9999981086434859,-6.006993114501485e-07
04_18,12,Baseline,4,-70.37471343281065,1.564814090043694e-09,-50.09922639330451,0.99998822726043,-73.30416120456034,8.360259262443951e-11,-64.63213353228181,4.880153816642704e-07,-63.240099734549474,1.963297473210724e-06,-66.52287836343181,7.367047394387866e-08,-61.690522491221,9.246107824456158e-06,L1,0.00015308251365156824,0.99998822726043,9.809442096746975e-06,shallow,0.9999882271768274,-4.87931779071646e-07
04_18,13,Baseline,4,-74.57168029243309,6.476645732138494e-12,-48.80886255974379,0.9999993591772026,-77.28338132936342,4.302029114461782e-13,-63.93504615278105,2.6963834633016e-07,-65.86920628868938,3.897504101084061e-08,-69.5694940224439,9.633232376211687e-10,-63.72928704317078,3.312391800266361e-07,L1,1.0346757206236456e-05,0.9999993591772026,6.018477564430608e-07,shallow,0.9999993591767724,-2.696379161272486e-07
04_18,14,Baseline,4,-71.76727087206466,7.156767948314554e-10,-50.70947977427487,0.9999986430427282,-76.15698349671466,8.877464940118169e-12,-64.87131739308026,7.07280165563854e-07,-66.34580619909144,1.6189339372240343e-07,-69.40692071023541,7.582352775416758e-09,-65.26004873319093,4.794768055869846e-07,L1,2.1038490397248445e-05,0.9999986430427282,1.195063878186027e-06,shallow,0.9999986430338508,-7.072712880989139e-07
04_18,15,Baseline,4,-72.01823824586705,5.994860206643111e-10,-50.78329311987458,0.9999966659404251,-75.5653378548616,1.7270037212016673e-11,-65.35261401408637,4.7056853314831963e-07,-66.03516556017229,2.3779050681562687e-07,-69.58157077991316,6.855044762119925e-09,-63.636302310293885,2.6182287341590334e-06,L1,4.761081862964127e-05,0.9999966659404251,3.096269068127349e-06,shallow,0.9999966659231551,-4.705512631111076e-07
04_18,16,Baseline,4,-74.4978561799846,5.675137912406071e-11,-50.905519814490354,0.9999952073889695,-74.92484902698192,3.70284712809239e-11,-65.35046677215531,5.328895005645522e-07,-63.994963665922484,2.066924831211899e-06,-67.69525139967699,5.108696921624402e-08,-63.959464919031674,2.141615949789083e-06,L1,6.836158144917279e-05,0.9999952073889695,2.7256861994202842e-06,shallow,0.999995207351941,-5.328524720932712e-07
04_20,1,Baseline,4,-74.87746413165706,3.4078044131738406e-05,-74.73169567577092,3.9425852884360944e-05,-64.62468762317475,0.9664934671251629,-75.87269731736212,1.2596514190170075e-05,-70.380759631406,0.003057515111741265,-72.19325192451144,0.0004991294679752781,-68.10171552363671,0.029863787883914167,L2,0.16018449167336135,0.9664934671251629,0.9969030590353744,deep,-0.9664540412722785,0.9664808706109728
04_20,2,Baseline,4,-75.62639321526078,0.000185290873845839,-74.19918025116698,0.000772119897397261,-67.14416228039683,0.8946231223670211,-76.97699278770781,4.800606268811634e-05,-72.26282228924852,0.0053534570425927816,-73.50490502435956,0.0015459827515833496,-69.36099944489092,0.09747202100487148,L2,0.3721595006348477,0.8946231223670211,0.99387442306001,deep,-0.8938510024696239,0.8945751163043331
04_20,3,Baseline,4,-75.66830895484098,8.725892298633993e-05,-74.40769527211685,0.0003078133238291018,-66.3969253145372,0.9275142760765885,-77.00752300934502,2.286633566194402e-05,-72.47133731019838,0.002134209222960852,-73.50402109899227,0.0007598854368162263,-68.99281290303334,0.06917369068115717,L2,0.2766963205688194,0.9275142760765885,0.9975579774532103,deep,-0.9272064627527594,0.9274914097409266
04_20,4,Baseline,4,-77.49593055600039,9.936755020228321e-05,-74.9136344839305,0.0013143817417876028,-68.31861727755938,0.9613933160295887,-79.13693545765288,1.9255961517176572e-05,-73.8987458032927,0.0036264531515461627,-75.88718157889608,0.0004964955798120197,-71.68895722730244,0.033050729985545924,L2,0.184546319373882,0.9613933160295887,0.995059165106666,deep,-0.9600789342878011,0.9613740600680715
04_20,5,Baseline,4,-77.4018804967823,5.4684109546283225e-05,-75.18551482724867,0.0005016681447527958,-67.66902833959688,0.9221150911993392,-78.74109455128634,1.433005544264601e-05,-73.2491568653302,0.0034782925185899206,-75.23759264093357,0.0004762109942153362,-70.20032333138508,0.0733597229781137,L2,0.2942555651664493,0.9221150911993392,0.9960200393366571,deep,-0.9216134230545864,0.9221007611438966
04_20,6,Baseline,4,-75.84854561551569,5.576280755728471e-05,-75.12756998115744,0.00011467278791766583,-66.11569345833028,0.9403047211127343,-77.18775967001974,1.4612729923985581e-05,-72.39055756885642,0.0017706379114438642,-73.68425775966698,0.0004856047258960537,-68.91440015437999,0.057253987924526774,L2,0.23831218839023044,0.9403047211127343,0.9981146893006384,deep,-0.9401900483248167,0.9402901083828104
04_20,7,Baseline,4,-76.42471493245623,3.8656327923424015e-05,-75.79134753358728,7.28263532043518e-05,-66.36005047472518,0.9083408232214738,-77.76392898696027,1.0129950491064037e-05,-72.69838486208732,0.0016052592608576189,-74.25725441387193,0.00033770441599247726,-68.67637508331478,0.08959460047005738,L2,0.31769881398723826,0.9083408232214738,0.9983219143859382,deep,-0.9082679968682694,0.9083306932709827
04_20,8,Baseline,4,-76.0753573899764,3.446365420244982e-05,-71.94841456630924,0.002136337281638736,-66.01069293224536,0.8098219802844798,-77.41457144448044,9.031253861037832e-06,-69.6026888606689,0.02230517061341643,-73.90789687139211,0.00030107692169986406,-67.59918932733534,0.16539193999070148,L2,0.569297913759427,0.8098219802844798,0.9755584921049447,deep,-0.8076856430028411,0.8098129490306187
04_20,9,Baseline,4,-74.61404564107292,0.00017172670309873353,-71.63722493964829,0.0033701919462507486,-66.11025671047717,0.8472009615476542,-75.3765169280709,8.011258762837282e-05,-69.92760621902033,0.01862655816653767,-71.7528454794564,0.0030022114295011944,-68.00370001241762,0.1275482376193291,L2,0.5161966486097408,0.8472009615476542,0.9780032498872117,deep,-0.8438307696014035,0.8471208489600258
04_20,10,Baseline,4,-73.8892505092134,0.0002475452294407636,-74.38856767405989,0.0001502463297778354,-65.62452808905408,0.9615633521263885,-78.83155706034245,1.767006301241851e-06,-71.99331051347441,0.0016483553401780695,-73.50611056208639,0.00036311996350893807,-68.90885835517709,0.03602561400440479,L2,0.17426081245978686,0.9615633521263885,0.9982013983300444,deep,-0.9614131057966108,0.9615615851200873
04_20,11,Baseline,4,-74.7077345230564,0.0009138845410071278,-71.97172878407356,0.014096896978617419,-68.01679573504194,0.7357480595680221,-75.37168460681794,0.0004704803325411268,-72.0583455599157,0.012927255667333427,-73.46179046427481,0.0031768591515818623,-69.16807711299396,0.23266656376089676,L2,0.709603700403574,0.7357480595680221,0.9729758473540491,deep,-0.7216511625894048,0.735277579235481
04_20,12,Baseline,4,-74.86783960414836,0.000223007022434598,-71.41974086075365,0.007011465418879328,-66.5208022547438,0.940569301775571,-75.60584211662022,0.00010661249824998886,-72.32727758949684,0.002829245299227284,-74.73083973647164,0.00025575069680394387,-69.47537306281303,0.049004617288834006,L2,0.26176398977924076,0.940569301775571,0.9901592892818935,deep,-0.9335578363566917,0.940462689277321
04_20,13,Baseline,4,-78.64751828803102,5.876010032543804e-06,-72.77867172433157,0.0020791709871677863,-66.68620254080882,0.9200595847023272,-76.65942419999057,4.2904299987808264e-05,-72.26633106654214,0.0034705389822486756,-74.25476684214551,0.0004751494620900079,-69.20837783439599,0.07386677555614599,L2,0.30574951828307306,0.9200595847023272,0.9944502900305835,deep,-0.9179804137151594,0.9200166804023394
04_20,14,Baseline,4,-73.64021547480371,0.0026468382614228143,-73.93205197300304,0.001976898733521035,-68.0150118816988,0.7340443226586459,-76.84845847443016,0.00010700527134293842,-71.99569401108457,0.0137067345151137,-73.3449565640774,0.0035559587927939443,-69.11656782712096,0.2439622417671598,L2,0.6789707602800608,0.7340443226586459,0.9843163667513654,deep,-0.7320674239251249,0.7339373173873031
04_20,15,Baseline,4,-77.58855017318422,5.5731239861701016e-05,-73.25862835274313,0.004232138371268167,-67.95710692974548,0.8491440256502314,-77.03086030909242,9.734201580314569e-05,-71.68505337216541,0.020415254091817565,-73.81850142009901,0.002417742668124018,-69.8839796949747,0.1236377659628939,L2,0.515895828901817,0.8491440256502314,0.9753526075369141,deep,-0.8449118872789633,0.8490466836344283
04_20,16,Baseline,4,-76.54547955396356,3.710972682693094e-05,-74.98207711705808,0.00017720044523479478,-66.35588486004629,0.9880354017228233,-78.18159295734478,7.226578665115961e-06,-72.4203030653942,0.002296302736085784,-74.40873884099757,0.0003143854644560202,-71.03977777995607,0.009132373325908124,L2,0.07326140688687528,0.9880354017228233,0.9975264968186796,deep,-0.9878582012775885,0.9880281751441582
04_21,1,Baseline,4,-84.46538779749218,1.2497869568208633e-05,-81.40830648760752,0.00026577218783613483,-73.41685244225027,0.7855139928672237,-79.39538587070032,0.0019893438147916493,-75.63276802001931,0.08566314562511525,-75.56067045896972,0.09206733898342932,-76.54258192499641,0.03448790865203577,L2,0.7505701471272708,0.7855139928672237,0.9140710821870487,deep,-0.7852482206793875,0.783524649052432
04_21,2,Baseline,4,-84.71939369591615,7.922448514410834e-06,-80.18678035422393,0.0007367979153441994,-73.11235363109378,0.870428047913395,-80.39293320306606,0.0005995388682177886,-75.51572918478286,0.07869735498744423,-76.28035661183814,0.03663419592154846,-77.32441053819485,0.012896141945536,L2,0.5079553734602698,0.870428047913395,0.9205658470972118,deep,-0.8696912499980508,0.8698285090451772
04_21,3,Baseline,4,-83.50944490827699,2.3377003579637654e-05,-80.11386846595394,0.0006973791440207912,-73.05412737401382,0.8118495513606745,-79.2201207783839,0.0017045849278967114,-75.44281729651286,0.07448703764614559,-75.22169568285139,0.09292072707207488,-76.84559410788533,0.01831734284560788,L2,0.6729064826502362,0.8118495513606745,0.9248155832098337,deep,-0.8111521722166537,0.8101449664327778
04_21,4,Baseline,4,-87.04503671711552,2.0748612680186907e-05,-82.23073412364676,0.0025574910009364175,-76.4897020211152,0.7963659390854674,-82.71785026807106,0.0015713113974717956,-78.86932728268616,0.07373175251664854,-78.63352003783467,0.09333925752361608,-79.69118582532636,0.03241349986317982,L2,0.731712100788418,0.7963659390854674,0.9237107564824152,deep,-0.793808448084531,0.7947946276879956
04_21,5,Baseline,4,-87.0189172911574,2.3898246294942825e-05,-83.63802648002437,0.0007025354696917132,-76.58735004901234,0.8104722015034144,-82.7295931612643,0.0017425924712184343,-78.96697531058328,0.07503778457865538,-78.7311680657318,0.09499260304720486,-80.45008545269586,0.01702838468352049,L2,0.6740291154076455,0.8104722015034144,0.9242596799516531,deep,-0.8097696660337227,0.8087296090321959
04_21,6,Baseline,4,-84.8639110867311,2.4568132037531986e-05,-84.25938796653278,4.496899614185507e-05,-74.43234384458604,0.8331903443265919,-80.57458695683802,0.0017914386433268393,-77.50670469094982,0.03850935790758948,-76.57616186130551,0.09765531685671927,-77.79778610954746,0.028784005137593258,L2,0.6188126037438183,0.8331903443265919,0.9614456730962688,deep,-0.8331453753304501,0.831398905683265
04_21,7,Baseline,4,-85.97382109357136,1.154780373615611e-05,-80.29417808110499,0.003381715075731416,-75.21044155088067,0.5457273706459269,-81.68449696367827,0.0008420331601483266,-75.60193421514184,0.36893735708072467,-77.6828992054102,0.04604696598750532,-77.95569958662605,0.03505301024622725,L2,0.9829181607470721,0.5457273706459269,0.6276809278435439,deep,-0.5423456555701955,0.5448853374857786
04_21,8,Baseline,4,-86.36199614077115,1.7695390863127748e-05,-84.175928553103,0.00015749154749450234,-75.59861659808048,0.8362507147615398,-82.07267201087807,0.0012902978115126023,-78.34827267408045,0.053478108869970356,-78.07107425260999,0.07056052214144078,-78.68352780012569,0.038245169477178716,L2,0.6282088504974159,0.8362507147615398,0.9463643995825349,deep,-0.8360932232140453,0.8349604169500272
04_21,9,Baseline,4,-84.62896185882782,5.244393572858922e-05,-80.87579106300358,0.0022370549021252964,-75.81463289047223,0.3529471741678944,-79.76289496142866,0.006807713629258096,-76.43147913485302,0.19046570518877573,-75.64430032763441,0.4184891486003972,-78.31362926604437,0.029000759575820698,D2,1.1987783846083113,0.4184891486003972,0.8072972399090991,deep,-0.3507101192657691,0.3461394605386363
04_21,10,Baseline,4,-83.97209736022826,0.0001125407847374808,-83.19043686931539,0.000245912597444398,-75.0086598551093,0.8791872604783472,-83.07236945100028,0.00027673035825096144,-78.17693901536727,0.03699263182042372,-77.46549604352437,0.07535134121142507,-79.72923779587157,0.007833582749371234,L2,0.4733175178102451,0.8791872604783472,0.9627614555821318,deep,-0.8789413478809027,0.8789105301200962
04_21,11,Baseline,4,-84.77117262171127,0.00017375418565167036,-81.74403559732859,0.003585949597165907,-76.3334461212977,0.802404460570053,-80.35973396333539,0.014315243572941923,-79.0959591656481,0.05065813102211776,-78.27516104955237,0.11511111363548128,-80.39992210372023,0.013751347416588573,L2,0.718024205417332,0.802404460570053,0.9457559193807165,deep,-0.798818510972887,0.7880892169971111
04_21,12,Baseline,4,-83.55325628524393,3.63513519339548e-05,-81.81312774952835,0.00020713275809244308,-73.34297870928033,0.9880701452064311,-82.40860981879676,0.00011419161399026165,-78.91654901571349,0.003751603640233224,-78.26323266598983,0.007210221958895929,-80.73244943160731,0.0006103534704230652,L2,0.07605854722853571,0.9880701452064311,0.9960412636016743,deep,-0.9878630124483386,0.9879559535924408
04_21,13,Baseline,4,-86.9156467933868,7.721002652818682e-05,-83.29821550344622,0.0028754389385210323,-77.67155637656322,0.7986034093247895,-82.71495493630748,0.005152416891979988,-80.05118163813417,0.07393890929452193,-79.81537439328268,0.09360150355979054,-81.10594303106993,0.025751111963869,L2,0.7328201197420972,0.7986034093247895,0.9231856517669572,deep,-0.7957279703862684,0.7934509924328095
04_21,14,Baseline,4,-83.58720105929864,0.0004925331553576023,-82.42338113049871,0.001577161052576868,-76.97215109583423,0.3675489339343254,-80.87577458912811,0.007412983353260403,-77.75232996105764,0.16845650705869647,-76.8773494935956,0.4040982597494157,-78.95874614887195,0.05041362169636748,D2,1.2349604062326343,0.4040982597494157,0.8299663318887265,deep,-0.36597177288174854,0.360135950581065
04_21,15,Baseline,4,-87.45790074823918,1.7315186840150095e-05,-82.17695006215858,0.0034034151233547846,-77.3412386958007,0.4285857102280406,-81.48516897571015,0.006797537824598153,-77.86868187405827,0.2529135077425496,-77.77788690153699,0.2769515375447389,-79.95712216980957,0.03133097634987763,L2,1.2283522445382886,0.4285857102280406,0.7436830771340953,deep,-0.4251822951046858,0.42178817240344246
04_21,16,Baseline,4,-84.71656429751938,0.0002181998636987548,-81.01819910101501,0.008811179969812066,-76.70074986792102,0.660812804542299,-79.75370189850398,0.031203134944871758,-78.60393156728705,0.0985228893122646,-78.36812432243556,0.12472310807222073,-78.86732760674008,0.07570868329483299,L2,1.1088330576958427,0.660812804542299,0.8926659307179232,deep,-0.6520016245724869,0.6296096695974271
04_22,1,Baseline,4,-72.42225695811833,2.9967939609432858e-05,-68.2782855160742,0.0018895605590408295,-62.03361918311606,0.9736098186868244,-77.01781370660154,3.025742376346653e-07,-65.75759481925634,0.023500812391675757,-69.04903404219304,0.0008742365982987826,-71.26534215831511,9.5301250313167e-05,L2,0.13338956747879102,0.9736098186868244,0.9746096270492834,deep,-0.9717202581277835,0.9736095161125867
04_22,2,Baseline,4,-70.76450074908325,9.856215398253778e-05,-72.209783134268,2.3229080623808066e-05,-61.56414597689966,0.975828493675245,-75.88039827936836,5.914310465682373e-07,-65.39794657952001,0.021104499087710976,-67.37173927860267,0.0029320256889802413,-72.82157999067715,1.2598882410990354e-05,L2,0.1237112790869095,0.975828493675245,0.9788722718316654,deep,-0.9758052645946212,0.9758279022441985
04_22,3,Baseline,4,-71.01991276462336,4.543337941404084e-05,-72.63179443117775,9.064497391606765e-06,-61.03040528699993,0.9902914194806015,-76.12442477696548,2.757488067741876e-07,-65.81995787642977,0.008235439018436812,-67.58435162919528,0.001410653286332202,-72.7930466151194,7.714589017247797e-06,L2,0.059099354226505786,0.9902914194806015,0.9917554964841718,deep,-0.9902823549832099,0.9902911437317947
04_22,4,Baseline,4,-71.45980857204347,4.9677724847581736e-05,-71.7500078492521,3.716462482296462e-05,-61.564371456282814,0.9855880589686418,-76.86611143153404,2.2296371827934963e-07,-65.85964057578478,0.013436425739295044,-68.5797863153598,0.00088499225814998,-74.1247556484812,3.457720524440517e-06,L2,0.07935542435169088,0.9855880589686418,0.986526409635882,deep,-0.9855508943438188,0.9855878360049235
04_22,5,Baseline,4,-71.36575851282537,2.8504328949739735e-05,-72.02188819257029,1.4789630435731643e-05,-60.914782518320315,0.9856257160755196,-76.47027052516749,1.7300132187306722e-07,-65.21005163782229,0.013436939114954806,-67.93019737739729,0.0008850260717171739,-72.5351962402919,8.851777101108059e-06,L2,0.07897040991895637,0.9856257160755196,0.9865482712546094,deep,-0.9856109264450839,0.9856255430741978
04_22,6,Baseline,4,-68.74494225175931,2.8697757216776508e-05,-72.17743962243894,9.271143216220129e-07,-58.29396625725427,0.9923140992521005,-73.84945426410144,1.7417529604183233e-07,-63.28397096154906,0.006753325060713128,-65.30938111633124,0.000891031793151152,-69.63834661740762,1.1744847200845215e-05,L2,0.04811440954268958,0.9923140992521005,0.9932457478249652,deep,-0.9923131721377788,0.9923139250768044
04_22,7,Baseline,4,-70.3885929484993,2.0607879105378426e-05,-72.62772089890889,2.195797998054712e-06,-59.60580465344862,0.9929760049765258,-75.49310496084142,1.2507539933731305e-07,-64.6592796345794,0.006342236829501498,-66.94985915033566,0.0006418837943850076,-70.58425544030182,1.6945647085146958e-05,L2,0.04425197206876183,0.9929760049765258,0.9936555673725007,deep,-0.9929738091785277,0.9929758799011265
04_22,8,Baseline,4,-70.3885929484993,2.0607879105378426e-05,-72.62772089890889,2.195797998054712e-06,-59.60580465344862,0.9929760049765258,-75.49310496084142,1.2507539933731305e-07,-64.6592796345794,0.006342236829501498,-66.94985915033566,0.0006418837943850076,-70.58425544030182,1.6945647085146958e-05,L2,0.04425197206876183,0.9929760049765258,0.9936555673725007,deep,-0.9929738091785277,0.9929758799011265
04_22,9,Baseline,4,-68.27708799553616,1.39765571131169e-05,-68.17276264339004,1.5513440641083428e-05,-57.11429999162175,0.9847759556417177,-72.80485724037221,1.5101323293593805e-07,-61.3450559254327,0.01432001523298326,-64.14461455434027,0.0008711854543428296,-69.75048772481674,3.2026599691811674e-06,L2,0.08242072813153814,0.9847759556417177,0.9856644713263758,deep,-0.9847604422010766,0.9847758046284848
04_22,10,Baseline,4,-70.52183197475512,0.0001214914127904781,-70.98233163488162,7.665722983227929e-05,-61.538985717276155,0.9677120385253609,-73.89202958472497,4.177220084310799e-06,-65.02168666576596,0.029732288604135616,-68.22692992016908,0.0012056156619730401,-68.2761330282414,0.0011477313458232896,L2,0.15403175277806616,0.9677120385253609,0.9701910541660319,deep,-0.9676353812955286,0.9677078613052766
04_22,11,Baseline,4,-69.28298823843917,5.342569789565769e-05,-70.62282049505426,1.399163439213627e-05,-59.447831568106295,0.9979401010896664,-74.59533451241833,2.634071329435775e-07,-65.76990979527889,0.0017925066948167904,-67.96911354639761,0.00019877361344292633,-73.32543186850384,9.378626532034261e-07,L2,0.015787008689253063,0.9979401010896664,0.9981935016707911,deep,-0.9979261094552743,0.9979398376825334
04_22,12,Baseline,4,-70.53968782787057,8.583881810771318e-05,-68.10084420719534,0.0009836940760138307,-61.47452664114637,0.7423918751804407,-72.66541613408172,1.0244520973196073e-05,-62.58020215430981,0.2457222232750533,-65.71547426525622,0.010685948063759849,-70.20320127631267,0.00012017606565125614,L2,0.6233456680654214,0.7423918751804407,0.7532940826489327,deep,-0.7414081811044269,0.7423816306594675
04_22,13,Baseline,4,-70.90342609639497,9.344954189930115e-05,-71.32301529733232,6.142595285968132e-05,-61.639926927211384,0.9855161578031685,-76.09657038155085,5.19066821635842e-07,-65.93519604671336,0.013435445517729093,-68.65534178628836,0.0008849276957050411,-73.35214646325387,8.074421817009672e-06,L2,0.08006928217842277,0.9855161578031685,0.9865031285294115,deep,-0.9854547318503089,0.9855156387363468
04_22,14,Baseline,4,-67.62350224320677,0.001980325517528667,-70.98192161428454,6.889593253076268e-05,-61.47426233638213,0.9275077412525381,-74.79113072427121,1.5271267549144958e-06,-64.17008505953655,0.0625945627719869,-66.25105757650101,0.007812350670405947,-71.67075963769567,3.459672825467637e-05,L2,0.2945216200799436,0.9275077412525381,0.9373365412954824,deep,-0.9274388453200073,0.9275062141257832
04_22,15,Baseline,4,-71.23218377528745,5.561031860487714e-05,-70.41524613200457,0.0001258771477857261,-61.52310552240875,0.91570269604366,-75.08028069691342,1.185627118859663e-06,-63.96619255859734,0.07956741964838183,-66.83135057050256,0.004533284338170171,-72.6167320272613,1.3926876278810452e-05,L2,0.3083472657660469,0.91570269604366,0.9203067032038326,deep,-0.9155768188958742,0.9157015104165411
04_22,16,Baseline,4,-68.44232544366768,2.3032677506373234e-05,-68.29576192904149,2.666835038302053e-05,-57.78692069311065,0.9770750250317586,-72.82477730598751,2.8778606821512455e-07,-61.605746250407705,0.021450283949546074,-64.32589198998271,0.0014128262678481714,-69.10472516966506,1.1875936889331236e-05,L2,0.11500957480716868,0.9770750250317586,0.9785230477000707,deep,-0.9770483566813756,0.9770747372456904
05_01,1,OB,5,-75.7993798687566,7.484537832902123e-07,-65.07584137667584,0.03398901520807889,-67.54570485335326,0.002875348584324664,-65.3201586592355,0.02662152523052236,-68.42241651828299,0.001196573730990654,-68.06889204801354,0.0017040141271621365,-61.76281700286395,0.9336127746651379,S,0.3113544782723351,0.9336127746651379,0.9648144110609305,deep,0.031113666623754227,-0.023746176646197697
05_01,2,OB,5,-77.49933781799983,5.613818648846555e-07,-65.61080733187136,0.08173001280431928,-70.9191646144149,0.0004045677788982247,-67.27843923342076,0.015421912484006222,-71.15846427996507,0.0003184672420710977,-70.23453025170122,0.0008022767694083013,-63.21036582201005,0.901322201539432,S,0.37411135451021027,0.901322201539432,0.9179515199536097,deep,0.08132544502542106,-0.015017344705107996
05_01,3,OB,5,-77.86149797151987,5.140045652917115e-07,-66.13956676676106,0.06334859917807106,-70.49217206249511,0.000815501105237915,-67.62921386899781,0.014282081246774023,-71.68722371485478,0.0002468426588603387,-70.55389074027377,0.0007666911899049973,-63.46325935567215,0.9205397706165864,S,0.3250397367681851,0.9205397706165864,0.9364045581630687,deep,0.06253309807283315,-0.013466580141536108
05_01,4,OB,5,-78.30139377893998,7.86725047311228e-07,-65.4712764607953,0.2936784846954365,-71.02613823177799,0.0011361255215071755,-68.37090052356638,0.01616521185201588,-71.72690641420981,0.0005637500080124857,-71.54932542643827,0.000673300604118711,-64.62028961779404,0.687782340593862,S,0.7007890935698573,0.687782340593862,0.7057577652965511,deep,0.29254235917392934,-0.015029086330508704
05_01,5,OB,5,-78.15882183882191,3.30574354182671e-07,-65.48113864725362,0.10595391574199849,-70.32802741291552,0.0008320318786290131,-67.92653773629985,0.009185307102977382,-71.02879559534733,0.00041285753146492197,-70.85121460757581,0.000493085980309434,-63.36067899972456,0.8831224711902665,S,0.40356247219681923,0.8831224711902665,0.8936332267265366,deep,0.10512188386336947,-0.008353275224348368
05_01,6,OB,5,-75.58652745865582,1.4692563579956733e-06,-65.68521195802225,0.029321370405115222,-67.75573303274945,0.00369801260219728,-65.35424335613376,0.040824615371508416,-69.15123679997407,0.0009160281105329304,-68.27892022740973,0.0021915484442203066,-62.23584846730739,0.9230469558100678,S,0.34853310210336885,0.9230469558100678,0.9697626014843518,deep,0.025623357802917943,-0.03712660276931114
05_01,7,OB,5,-76.98756875089593,1.0376908725165879e-07,-62.3993084051941,0.22473409502453104,-68.82496202444392,0.00036395111645667183,-66.75528464837387,0.0028833178440558723,-67.53759760956595,0.0013186766542503151,-69.67678885691427,0.00015527422242416782,-61.16712879523461,0.7705445813691947,S,0.5661936026012994,0.7705445813691947,0.7739472283212185,deep,0.22437014390807436,-0.0025193667275992004
05_01,8,OB,5,-76.98756875089593,1.0376908725165879e-07,-62.3993084051941,0.22473409502453104,-68.82496202444392,0.00036395111645667183,-66.75528464837387,0.0028833178440558723,-67.53759760956595,0.0013186766542503151,-69.67678885691427,0.00015527422242416782,-61.16712879523461,0.7705445813691947,S,0.5661936026012994,0.7705445813691947,0.7739472283212185,deep,0.22437014390807436,-0.0025193667275992004
05_01,9,OB,5,-77.8067854042913,9.003326170879833e-07,-65.82430360783125,0.1439887984612012,-69.45826649257546,0.003802933046477789,-67.7255867477628,0.021508589525313194,-71.59869979721549,0.000447239657595502,-70.86974724707684,0.0009270867548116535,-64.07342765951962,0.8293244522219836,S,0.5479600614896105,0.8293244522219836,0.8555639618812033,deep,0.1401858654147234,-0.017705656478835406
05_01,10,OB,5,-74.685009355973,1.759643991936299e-05,-64.95591402710468,0.2956087100078889,-67.1578195254933,0.032692024719020635,-67.958773988276,0.014675459734962806,-68.64724160661213,0.007372147698360758,-67.9940248918492,0.01416714837203459,-64.19059065646348,0.6354669130278129,S,0.9188596213964696,0.6354669130278129,0.6970191422937503,deep,0.26291668528886825,0.018016564984057827
05_01,11,OB,5,-75.61994588397594,6.845807770838368e-07,-62.42262262295843,0.3689345841901166,-70.8310648272405,8.22639042842814e-05,-64.71239781071137,0.037369100083570674,-69.99325430881274,0.00019013663453356717,-69.23068244979697,0.0004076116169702686,-61.94802123507763,0.5930156189897475,S,0.8061719762503604,0.5930156189897475,0.6308752791753498,deep,0.3688523202858323,-0.037286836179286395
05_01,12,OB,5,-74.30498578570864,2.5341459871127723e-06,-65.48066263859667,0.01722608077864543,-66.59843726418376,0.005633043792242495,-67.87145430116416,0.0015771712543905963,-68.74636277907868,0.0006575229696038638,-68.15127268643498,0.001192216896047653,-61.44597221148513,0.9737114301630828,S,0.14812727593405364,0.9737114301630828,0.9821163962517507,deep,0.011593036986402936,0.004055872537851899
05_01,13,OB,5,-76.99777433743185,1.7471104968310127e-06,-65.79152087473514,0.12856845192933802,-70.35445673684694,0.0013411475126534657,-68.56209271540268,0.008051751308924729,-71.05522491927876,0.0006654827364509137,-70.87764393150724,0.0007948025225980008,-63.8903796877587,0.860576616879538,S,0.45120863744,0.860576616879538,0.8707660653342111,deep,0.12722730441668456,-0.006710603796271263
05_01,14,OB,5,-76.0080832627225,4.716597602628432e-06,-65.87741974360713,0.11839138203033786,-69.12131076621824,0.004618661341955814,-68.32413443792251,0.010250036213263617,-71.42507669170087,0.0004613210695373133,-71.24881130919847,0.0005502428060120064,-63.88784994133963,0.8657236399412909,S,0.45696568610209665,0.8657236399412909,0.8811472969001249,deep,0.11377272068838204,-0.0056313748713078034
05_01,15,OB,5,-78.18051712016391,1.4602523921004054e-07,-64.02976660556783,0.20418356847695793,-71.09162043588387,0.00017502361074529514,-66.6918179269257,0.01425301001231574,-69.9402065350023,0.0005535404247436182,-69.907637819561,0.0005718653146128368,-62.68915519512637,0.7802628461353854,S,0.5885198893675205,0.7802628461353854,0.7952628910982985,deep,0.20400854486621264,-0.014077986401570446
05_01,16,OB,5,-76.81720208700341,1.7088991119369488e-06,-64.79248212806328,0.2850926026178295,-69.81064278012452,0.0018863682070652252,-66.88181733335854,0.03528573743637029,-70.99570064217093,0.0005767165014756091,-70.8181196543994,0.0006887868085673839,-63.9284109152557,0.6764680795295801,S,0.7613628954547825,0.6764680795295801,0.714330680880695,deep,0.28320623441076426,-0.033399369229305066
05_02,1,OB,5,-62.43645386890341,0.4926710464950974,-63.70752433529654,0.13820958106340808,-64.70232263261471,0.051109630289649884,-72.33060001166393,2.486474257149148e-05,-63.07918699357771,0.2590726639571962,-64.58890274986732,0.0572480065580156,-68.1269469017047,0.0016642068940613327,E,1.298849571206572,0.4926710464950974,0.6027177549793957,deep,0.0870999507737582,0.051084765547078394
05_02,2,OB,5,-63.340652971387044,0.6478444950296002,-67.01794187797064,0.016384926300643587,-65.72732335811754,0.05955976749017063,-73.00790293008984,4.102394870888157e-05,-64.53425709950045,0.19637901906324107,-65.47356329779564,0.07676435189331315,-68.70692449035926,0.0030264162743226237,E,1.0512736761709367,0.6478444950296002,0.7872360546361155,deep,-0.043174841189527045,0.05951874354146175
05_02,3,OB,5,-63.06232429702741,0.6767909439673314,-66.90621248498067,0.014490224354083158,-65.72732335811754,0.047104256403927396,-72.71818873778722,4.334768354780041e-05,-64.42252770651048,0.1736703597226046,-65.15243495848853,0.08370107041124308,-68.14465042490177,0.004199797457262621,E,1.0045592675359099,0.6767909439673314,0.8118394159233122,deep,-0.03261403204984424,0.047060908720379595
05_02,4,OB,5,-63.50222010444752,0.6246228607587492,-66.02442590305502,0.05014617529573145,-66.26128952740042,0.03957029149218709,-73.45987539235578,2.9584424866173154e-05,-64.4622104058655,0.23916596936146792,-66.14786964465303,0.04432276840996952,-69.17746467191972,0.0021423502570287523,E,1.0655758656300933,0.6246228607587492,0.7106878553428008,deep,0.010575883803544357,0.039540707067320914
05_02,5,OB,5,-63.408170045229426,0.5078498235833712,-66.2963062463732,0.02827702337088707,-65.61170058943793,0.056073046178679864,-73.06403448598923,3.252719859614584e-05,-63.81262146790301,0.3389099230421968,-65.49828070669054,0.06280753934577064,-67.83827816917429,0.00605011728049828,E,1.1782601228704517,0.5078498235833712,0.6328130535869161,deep,-0.027796022807792795,0.05604051898008372
05_02,6,OB,5,-61.21434633608315,0.6340597263819031,-66.87885022816164,0.0021982009230654656,-63.41787688029166,0.07000821633960243,-70.87021077684295,4.061079808262704e-05,-62.31353334354956,0.21123180834445118,-63.304456997544264,0.07841635334498111,-66.26898720771334,0.00404508386791416,E,1.03924977813059,0.6340597263819031,0.7865699907324833,deep,-0.06781001541653696,0.0699676055415198
05_02,7,OB,5,-62.43100448090335,0.572109511399758,-66.90213895271181,0.006541692700865183,-64.30272272456622,0.0880242357568002,-72.08686892166315,3.66429578821913e-05,-63.26184946466012,0.24925723681766013,-64.5179424796289,0.07097959403865242,-66.21146353359603,0.013051086328381816,E,1.1573472618204703,0.572109511399758,0.7442010704814745,deep,-0.08148254305593501,0.087987592798918
05_02,8,OB,5,-62.43100448090335,0.572109511399758,-66.90213895271181,0.006541692700865183,-64.30272272456622,0.0880242357568002,-72.08686892166315,3.66429578821913e-05,-63.26184946466012,0.24925723681766013,-64.5179424796289,0.07097959403865242,-66.21146353359603,0.013051086328381816,E,1.1573472618204703,0.572109511399758,0.7442010704814745,deep,-0.08148254305593501,0.087987592798918
05_02,9,OB,5,-62.68736731585901,0.6657454216222655,-66.27070491211103,0.018496282230876748,-64.80016592617784,0.08048805089574199,-72.49431720261236,3.666097140994071e-05,-64.01375937493135,0.1767109397030863,-65.14804705135177,0.056839278643944106,-68.66747934312929,0.0016833659326757084,E,1.027858894405108,0.6657454216222655,0.8047927780660372,deep,-0.061991768664865235,0.08045138992433204
05_02,10,OB,5,-62.56424350715917,0.5680089987196362,-65.25674968868454,0.038460474588786854,-66.23590378839377,0.01444685841474943,-70.4857935455467,0.00020609608704523933,-63.62425649584667,0.19678746189872914,-65.79501324946231,0.022451726581855857,-63.83346961303967,0.15963838370919736,E,1.2076004684721335,0.5680089987196362,0.7647520635124841,deep,0.024013616174037425,0.014240762327704189
05_02,11,OB,5,-63.46036253044213,0.11057030205654868,-67.03220130845608,0.0031074820198916005,-62.00978687962499,0.47164528450683385,-73.32406123283897,5.752923227116097e-06,-62.23751686576069,0.3755896537562705,-64.53376437867936,0.03779775419864263,-67.91621258577459,0.0012837705385857453,L2,1.116107035418726,0.47164528450683385,0.6213028642238381,deep,-0.46853780248694227,0.4716395315836067
05_02,12,OB,5,-62.58209936027462,0.1457817957109475,-62.375262260998255,0.17927986080943592,-66.17144471226398,0.004025968897750691,-69.25918009490346,0.00018360477733350263,-61.18277198439053,0.5907768287209334,-63.283557594549464,0.07228760814726758,-65.52763283279104,0.00766433293633139,D1,1.1508312331682276,0.5907768287209334,0.22994331046963065,shallow,0.17525389191168522,0.0038423641204171884
05_02,13,OB,5,-64.65380783647815,0.08610463796779609,-63.889463143456105,0.18491716540277844,-64.62887479064986,0.08827847644551855,-70.98236413469346,0.0001536630561022227,-62.82979566911494,0.5335620890489214,-64.51545490790247,0.09888091089377533,-67.0171296929531,0.008103057185107818,D1,1.3418688878342648,0.5335620890489214,0.28152074554830003,shallow,0.0966386889572599,0.08812481338941633
05_02,14,OB,5,-62.489887243989386,0.37134227782281326,-65.14959153010751,0.025982414216957846,-62.861988130121425,0.25596055047324456,-72.55912420287234,1.5731145532589495e-05,-62.665906751637316,0.3114082372540552,-64.99337042357365,0.030375642066797347,-66.81468979722614,0.004915147020599183,E,1.3072540206599748,0.37134227782281326,0.6626093485289868,deep,-0.2299781362562867,0.25594481932771196
05_02,15,OB,5,-62.95435089375167,0.07787949947802797,-62.87494584014842,0.08431567638849037,-64.40530524786728,0.018250790598061905,-69.85932631207608,7.809629482549e-05,-60.75404404301898,0.7030792414020798,-62.58471555413673,0.1127077396245746,-66.00417009821268,0.0036889562139399653,D1,0.9955175660390948,0.7030792414020798,0.21260508220942992,shallow,0.06606488579042846,0.018172694303236415
05_02,16,OB,5,-60.79527701383158,0.8887943361504166,-63.85115763860376,0.04184554087439364,-65.89977917958652,0.005394412523890477,-70.26282199446882,6.872246616494185e-05,-63.62425649584667,0.05250384388749378,-65.3099157346342,0.009730128912033611,-67.07651054804609,0.0016630151856071391,E,0.4768569147680475,0.8887943361504166,0.9056506152381129,deep,0.03645112835050317,0.005325690057725535
05_03,1,OB,5,-84.12573463119236,0.0008789271916670639,-85.9790676683852,0.00013774016199296325,-77.11421976682838,0.975023573611256,-86.80564752174456,6.0267270152629675e-05,-82.73248963330369,0.003540230302712918,-83.42121516476573,0.0017779593086941737,-81.0745256010541,0.018581302153524284,L2,0.1379525524973707,0.975023573611256,0.9963220295352941,deep,-0.974885833449263,0.9749633063411034
05_03,2,OB,5,-84.73880244827615,0.005544607838728566,-86.08704107166093,0.0014399195896575804,-79.59487691933047,0.9502750070836223,-88.21077865367009,0.00017219111066146874,-84.91538795272606,0.004647086157782975,-84.69405075989386,0.005798374289103741,-82.98206185113197,0.03212281393044336,L2,0.2534543839599824,0.9502750070836223,0.9939129942525595,deep,-0.9488350874939647,0.9501028159729609
05_03,3,OB,5,-85.52795515371596,0.002591920914089985,-87.04279305847041,0.0005698177886639073,-79.59487691933047,0.9779685390635072,-88.98854584116692,8.141535226719856e-05,-85.87113993953555,0.0018389862719960742,-85.44040380038619,0.0028290773105411897,-83.83274495748178,0.014120243298934439,L2,0.1305837284094314,0.9779685390635072,0.9975911959393401,deep,-0.9773987212748433,0.97788712371124
05_03,4,OB,5,-86.55011353193578,0.001407212557959046,-85.09352509674531,0.006038763507375664,-80.03179932681341,0.9532956092053814,-89.97284190023537,4.59079244970577e-05,-85.81377887709063,0.002938635897752323,-86.33879472475074,0.0017383382804237548,-83.34973564518451,0.03453553262661064,L2,0.23056734866206596,0.9532956092053814,0.9910226005948719,deep,-0.9472568456980057,0.9532497012808843
05_03,5,OB,5,-86.94128228171743,0.0016331041803102399,-87.5003681996624,0.0009336969957166482,-80.54673553045032,0.9775303696804413,-90.4018729691684,5.129776584085108e-05,-86.32871508072753,0.003013342144605598,-86.85373092838766,0.0017825304611532862,-84.72001097189369,0.01505565877193215,L2,0.13166391745528055,0.9775303696804413,0.9960529608596779,deep,-0.9765966726847246,0.9774790719146004
05_03,6,OB,5,-83.05889711725202,0.001636717581063895,-84.45347549013269,0.0004058037495919621,-76.66435036598492,0.9796932500508965,-86.51948780470299,5.1411267103038614e-05,-82.51028104935527,0.002832922400364896,-82.97134576392224,0.0017864744819875975,-80.94200399186586,0.013593420468992017,L2,0.12062565352055804,0.9796932500508965,0.9967612738500431,deep,-0.9792874463013045,0.9796418387837934
05_03,7,OB,5,-86.19702174571124,0.006078694563359815,-85.5442455944823,0.011676358005518807,-81.13981539685766,0.9552721863949766,-89.6576124331622,0.00019093910485860698,-85.71389419469669,0.009854394659062298,-86.26156774852582,0.005698733516906795,-85.58333926410216,0.011228693755317185,L2,0.25371151242254075,0.9552721863949766,0.978469247335419,deep,-0.9435958283894578,0.955081247290118
05_03,8,OB,5,-85.42067165131164,0.0011111416237452986,-83.68100536792326,0.006328443162664878,-78.6943125994989,0.9268085598772591,-88.8812623387626,3.4902294365618055e-05,-82.48815955246633,0.02086138986307917,-85.3299476352463,0.0012166631551169464,-81.75011067300413,0.043638900023768835,L2,0.3359656573577465,0.9268085598772591,0.9728101669742558,deep,-0.9204801167145942,0.9267736575828934
05_03,9,OB,5,-84.83275375860772,0.021470125838859475,-86.08704107166093,0.006124977971710266,-81.12292666092952,0.8769847213268214,-88.44442989205224,0.0005798338625102326,-85.14212719401658,0.015757068174908413,-85.11577147930959,0.016177877981526197,-83.7577843030216,0.06290539484366413,L2,0.5392398432341432,0.8769847213268214,0.9781179538533814,deep,-0.8708597433551111,0.8764048874643111
05_03,10,OB,5,-83.13752100874868,0.0016774544246109903,-86.99455233187345,3.544567974973545e-05,-76.75544756750841,0.9916308014946996,-88.3573727186256,9.071893340915999e-06,-82.59825280297301,0.002876417587476047,-83.08432985174151,0.0017690958163878979,-82.96079506380993,0.0020017131037347513,L2,0.06000230998014197,0.9916308014946996,0.9970881367327742,deep,-0.9915953558149498,0.9916217296013587
05_03,11,OB,5,-84.3150669412515,0.01458317754292209,-85.03381912234691,0.007107257607600523,-80.14726596003575,0.9416838688238751,-87.45945557661977,0.000628436686145238,-85.88514074117263,0.0030337359335276845,-85.82516571758852,0.003221251230472448,-83.6023662431186,0.029742272175456823,L2,0.2986503499796001,0.9416838688238751,0.9898590064588716,deep,-0.9345766112162746,0.9410554321377299
05_03,12,OB,5,-82.6313405481444,0.0018559127094998585,-85.52990382646647,0.00010226511443137304,-76.36103970125879,0.9811029996734688,-86.88232723777448,2.6447065080039694e-05,-82.4353558185797,0.002257733268225453,-82.92133323238745,0.0013887220246403924,-80.66451879834734,0.013265920144653968,L2,0.11184509324805239,0.9811029996734688,0.9976400016173431,deep,-0.9810007345590375,0.9810765526083888
05_03,13,OB,5,-88.18692007296616,0.0001742342854127569,-85.09352509674531,0.003842182477515645,-79.56390973166225,0.9684103606637212,-88.32020261787262,0.00015249294253574696,-85.34588928193946,0.00298522873925099,-85.87090512959959,0.001765900088959724,-83.3185408001088,0.022669600802604176,L2,0.1696968861476763,0.9684103606637212,0.9931725887832336,deep,-0.9645681781862055,0.9682578677211855
05_03,14,OB,5,-82.76232908399906,0.0024879369015007547,-83.59761064827812,0.0010791484405433653,-76.78776794841433,0.9784942877008034,-86.44220476597327,6.27609716933199e-05,-82.42595752934325,0.0034827609932265194,-82.89406272519254,0.0021808619143766157,-81.17134391791082,0.012212243077856124,L2,0.13104616181167103,0.9784942877008034,0.9954380905662302,deep,-0.97741513926026,0.97843152672911
05_03,15,OB,5,-84.35250037064077,0.0007614331197202448,-83.69083274623782,0.0014756737820413018,-77.20537742928076,0.9673593153412301,-86.60519784827554,8.003826748112397e-05,-82.54230944234388,0.004653585467543058,-83.07647629581429,0.0027277337528715845,-80.94696854016907,0.022942220269112787,L2,0.17564116421131973,0.9673593153412301,0.9938707407504158,deep,-0.9658836415591888,0.9672792770737489
05_03,16,OB,5,-84.23134548851964,0.010238843001667334,-83.9877382120935,0.013063157998345516,-79.76733274079946,0.8890925828941253,-86.96987602594831,0.0006620978579324975,-85.07286872887175,0.004413488345193392,-85.59788457653187,0.002610781331066553,-82.17651988411839,0.07991904857166934,L2,0.45433900525942394,0.8890925828941253,0.9825233536564609,deep,-0.8760294248957797,0.8884304850361928
05_04,1,OB,5,-75.27534355503687,6.5759736550193166e-09,-56.43894657648024,0.996559724479615,-66.53256798016177,4.120019327177419e-05,-66.02469636990314,6.84644448799101e-05,-62.15338950600618,0.0032866412366220643,-67.27119232601795,1.9684245629252584e-05,-67.06140639714124,2.4278824008135007e-05,L1,0.02377092212951623,0.996559724479615,0.0001536342837627269,shallow,0.9965185242863432,-2.726425160813592e-05
05_04,2,OB,5,-76.54830895236032,5.716852869148886e-10,-55.265942323996626,0.9999341568671536,-69.67312271290353,5.533659865279777e-07,-68.08972508206834,2.695710900618519e-06,-64.99618540566821,5.945392429651301e-05,-69.20392550138574,8.846718756282224e-07,-68.26828668702348,2.2548881021947126e-06,L1,0.0007285496308628162,0.9999341568671536,6.3892085502563465e-06,shallow,0.9999336035011671,-2.1423449140905414e-06
05_04,3,OB,5,-76.91046910588035,6.753201283374413e-10,-55.794701758886326,0.9999330759534166,-69.24613016098375,1.4390961308218857e-06,-68.4404997176454,3.2208512015152e-06,-65.52494484055792,5.945386002771745e-05,-69.5232859899583,1.090743311088439e-06,-69.0685070372373,1.7188205920494865e-06,L1,0.0007433188395984945,0.9999330759534166,7.470186555603349e-06,shallow,0.9999316368572858,-1.7817550706933144e-06
05_04,4,OB,5,-77.99085374118013,1.8010612037473447e-10,-55.55340400484035,0.9999748555341543,-70.42058515814631,3.493448484739812e-07,-69.82267520009363,6.352187939266028e-07,-66.20511636779261,2.3659696957084813e-05,-71.15920950400248,1.66906736609584e-07,-70.46814670385906,3.3311840359921984e-07,L1,0.0002989960814086769,0.9999748555341543,1.4847688887297625e-06,shallow,0.9999745061893058,-2.8587394545262155e-07
05_04,5,OB,5,-77.60567239656218,2.5967699224732907e-10,-55.53415306275868,0.9999367410401566,-69.47986493478396,8.778631395334053e-07,-69.13570300832723,1.2384955184805977e-06,-65.26439614443026,5.945407794585628e-05,-70.21848928064013,4.1941729626013744e-07,-69.11149232398964,1.2688462662069735e-06,L1,0.0006942436287308511,0.9999367410401566,3.804881897473361e-06,shallow,0.9999358631770171,-3.606323789471924e-07
05_04,6,OB,5,-75.70297997281577,4.168654504493697e-09,-56.40782832994697,0.9994792645038375,-67.57717251103753,1.40925389626335e-05,-67.23301058458081,1.9881853518204808e-05,-64.05643930547667,0.00047645758777175516,-68.31579685689371,6.7330023587616216e-06,-68.95127678386397,3.5663448969487378e-06,L1,0.004662730045521462,0.9994792645038375,4.427790839105316e-05,shallow,0.9994651719648748,-5.789314555571308e-06
05_04,7,OB,5,-76.91963811763597,1.264316626063458e-09,-56.431117054497136,0.999787008537649,-68.46201835531211,5.95598289546037e-06,-68.44966872940101,6.029993114787427e-06,-65.00475542658724,0.0001889833983391095,-69.52928233897835,2.0485500686764154e-06,-67.94660599457916,9.972273616214562e-06,L1,0.002119110848061894,0.999787008537649,2.400806401176484e-05,shallow,0.9997810525547536,-7.401021932705759e-08
05_04,8,OB,5,-76.91963811763597,1.264316626063458e-09,-56.431117054497136,0.999787008537649,-68.46201835531211,5.95598289546037e-06,-68.44966872940101,6.029993114787427e-06,-65.00475542658724,0.0001889833983391095,-69.52928233897835,2.0485500686764154e-06,-67.94660599457916,9.972273616214562e-06,L1,0.002119110848061894,0.999787008537649,2.400806401176484e-05,shallow,0.9997810525547536,-7.401021932705759e-08
05_04,9,OB,5,-76.00177143481221,5.204278710293477e-10,-54.625453496116954,0.9999481262521469,-70.13369107470312,1.8400747527289918e-07,-67.68288749257081,2.1340566233202525e-06,-64.58243581907905,4.7393086323506935e-05,-68.9851573929218,5.802796050485188e-07,-67.98235038482163,1.5817973980409148e-06,L1,0.000583957824124665,0.9999481262521469,4.480661529553615e-06,shallow,0.9999479422446717,-1.9500491480473533e-06
05_04,10,OB,5,-77.58661783379151,1.1928932067007407e-10,-54.73720590956989,0.9999426184402834,-69.86145872923993,2.701441307254784e-07,-66.31485266338483,9.372748855506391e-06,-64.83342176787406,4.123293443260222e-05,-70.27261241891203,1.7907450430275767e-07,-66.70790583755421,6.3265385039975566e-06,L1,0.0006647977310210483,0.9999426184402834,1.6148625283852855e-05,shallow,0.9999423482961527,-9.102604724780913e-06
05_04,11,OB,5,-75.17354457969617,1.1543648452835821e-10,-52.29125389104359,0.9999900339720639,-70.26821100880079,1.558484165552608e-08,-66.02831122071869,1.0816019857166827e-06,-64.04447171047576,7.863900832515468e-06,-68.41357397544138,9.95774552912054e-08,-66.20630150285946,9.052473841998892e-07,L1,0.0001317350350182923,0.9999900339720639,2.102127103347832e-06,shallow,0.9999900183872222,-1.0660171440611566e-06
05_04,12,OB,5,-73.97503699558881,4.292773230056008e-09,-54.70880507880216,0.9998990495957925,-65.97347543819208,1.2816574845713865e-05,-69.81427041239918,2.7525544236466793e-07,-64.07855783650105,8.525585931464514e-05,-68.61514186783874,9.13084193268672e-07,-68.00224875868979,1.6853376383545586e-06,L1,0.0010834984781318952,0.9998990495957925,1.569454489293182e-05,shallow,0.9998862330209467,1.2541319403349197e-05
05_04,13,OB,5,-75.9399973338124,4.070869280940887e-09,-56.620885384639806,0.9997027156137045,-69.00166669735563,4.19725993796659e-06,-69.80037111597007,1.888395445864442e-06,-64.78619790700195,0.00028426323907792476,-69.74029104321181,2.0053278644534383e-06,-68.84155241479218,4.9260930999620835e-06,L1,0.002781867706832835,0.9997027156137045,1.3021147217527495e-05,shallow,0.9996985183537666,2.3088644921021483e-06
05_04,14,OB,5,-75.27055067304288,6.291423263208783e-09,-56.386539839571974,0.9999323178913477,-68.72925396854644,4.361119299970222e-06,-69.34891656252998,2.346831570627384e-06,-66.11678292124355,5.9453814954985705e-05,-70.43170283484288,7.947560063342201e-07,-70.53146587416424,7.19295397272753e-07,L1,0.0007518886997068979,0.9999323178913477,8.228293697467787e-06,shallow,0.9999279567720477,2.0142877293428385e-06
05_04,15,OB,5,-75.52151804684527,5.2698328312061346e-09,-56.460353185171684,0.9998976711795329,-68.13760832669338,8.483754355136953e-06,-69.83021318353609,1.5613459309648243e-06,-65.8061422823244,8.73234575102586e-05,-70.60635290452065,7.184986190600977e-07,-68.83202531706324,4.236494218706233e-06,L1,0.0011010594620905207,0.9998976711795329,1.5005362956699314e-05,shallow,0.9998891874251777,6.922408424172129e-06
05_04,16,OB,5,-78.00113598096281,4.985362635766265e-10,-56.58257987978746,0.9992116283206847,-67.4971194988137,1.8177458024352053e-05,-69.82806594160503,1.7669162818792431e-06,-63.765940388074604,0.0007585140841717809,-68.72003352428447,5.350918513079607e-06,-68.87958364228916,4.561803788004267e-06,L1,0.006580218697359504,0.9992116283206847,2.985759514357875e-05,shallow,0.9991934508626603,1.641054174247281e-05
05_05,1,OB,5,-88.59945205017009,3.482783522470889e-06,-76.10971709333022,0.9250164440477686,-79.93431148473495,0.02019059946966186,-79.2672881051244,0.03933994846259833,-84.73547287685467,0.00016597065741318635,-81.62396469623064,0.0037268520086350156,-80.4922630302544,0.011556702570400515,L1,0.3520569846908487,0.9250164440477686,0.07481758529481819,shallow,0.9048258445781068,-0.019149348992936466
05_05,2,OB,5,-88.82434482005407,1.2326848186830566e-07,-72.91820259540764,0.9972449458342821,-79.60069954503847,0.0012491951613731493,-80.23572230895016,0.0006619777784710139,-84.58932091307823,8.513331818342684e-06,-82.31453772055906,8.279904905650012e-05,-80.10762562661743,0.0007524455765169271,L1,0.022239612611178773,0.9972449458342821,0.002746540833899459,shallow,0.995995750672909,0.0005872173829021354
05_05,3,OB,5,-87.47853476589496,3.837868983885927e-07,-72.70942944061771,0.995935218442352,-79.40661202143858,0.0012293672829456104,-78.92704861774806,0.00198588177890779,-84.3805477582883,8.502150870346256e-06,-81.1200155250524,0.00022159500373399095,-80.09267837771168,0.000619051554291778,L1,0.03119307240511866,0.995935218442352,0.004056279406777557,shallow,0.9947058511594064,-0.0007565144959621795
05_05,4,OB,5,-91.2179184745134,9.476292008100707e-07,-77.35913728128924,0.9895337994944636,-83.04597856831987,0.0033548016084779825,-82.6285700072151,0.0050926646308094604,-88.0108496442415,2.3412658523624173e-05,-84.73563177981556,0.0006192411043522887,-83.9378208416922,0.0013751328741724352,L1,0.07031194485463885,0.9895337994944636,0.010442787847012977,shallow,0.9861789978859856,-0.001737863022331478
05_05,5,OB,5,-91.3179559388952,3.8949345959458794e-07,-76.56353624480796,0.9960089161422139,-83.26978348655693,0.0012183639908989368,-82.76646979074829,0.002015410030046091,-88.23465456247857,8.502780016651458e-06,-84.95943669805263,0.0002248899193683188,-84.11445789826199,0.0005235276439966254,L1,0.030617427425968055,0.9960089161422139,0.003982581077769567,shallow,0.994790552151315,-0.0007970460391471543
05_05,6,OB,5,-88.27014712590936,5.9366950758559855e-06,-76.29209512275685,0.9452498822204827,-80.2219746735711,0.018570415823923297,-79.71866097776245,0.030719064740289282,-85.88158133428556,6.469722987161883e-05,-81.91162788506679,0.0034277928012275646,-82.46947280259708,0.0019622104891294295,L1,0.266621789009613,0.9452498822204827,0.05468542054964543,shallow,0.9266794663965594,-0.012148648916365985
05_05,7,OB,5,-89.9914328320893,5.782554242751939e-08,-73.32643598386854,0.9991619512089165,-81.61144807920542,0.00025205821241389766,-81.4399466839424,0.00029921472448493397,-84.58818655781727,1.2844575522196087e-05,-83.62974092851117,3.349402997242293e-05,-81.65888953691217,0.00024037942314775515,L1,0.007848053008954237,0.9991619512089165,0.0008252042155614373,shallow,0.9989098929965026,-4.715651207103631e-05
05_05,8,OB,5,-89.9914328320893,5.782554242751939e-08,-73.32643598386854,0.9991619512089165,-81.61144807920542,0.00025205821241389766,-81.4399466839424,0.00029921472448493397,-84.58818655781727,1.2844575522196087e-05,-83.62974092851117,3.349402997242293e-05,-81.65888953691217,0.00024037942314775515,L1,0.007848053008954237,0.9991619512089165,0.0008252042155614373,shallow,0.9989098929965026,-4.715651207103631e-05
05_05,9,OB,5,-88.62716484498578,4.799564419023074e-07,-74.08272773700705,0.9948797780338208,-82.77849323723667,0.00016643613837043417,-79.74154533383268,0.00346878471689321,-85.98058529596815,6.770125495696651e-06,-82.15399586917509,0.00031078739174697885,-80.83094444713508,0.001166963637230958,L1,0.0366807874187045,0.9948797780338208,0.0051134518406834835,shallow,0.9947133418954504,-0.0033023485785227758
05_05,10,OB,5,-87.51419466592645,1.0086597119650884e-05,-76.05772037701902,0.9532970306168852,-79.47849552361502,0.03116050376934056,-80.72196954020549,0.008986085913883517,-84.50419228472404,0.00020463131691914602,-81.19003562140648,0.005627196103295903,-83.25386722444577,0.0007144656825558432,L1,0.2322010787112037,0.9532970306168852,0.04649833806619547,shallow,0.9221365268475447,0.02217441785545704
05_05,11,OB,5,-88.30356555122948,1.731978479214371e-07,-72.73837450229317,0.9963664002041567,-80.56455413577554,0.0003976971186395136,-79.07681543234004,0.0017606342819196498,-84.46247919318536,8.066870798046173e-06,-81.1457155235949,0.00022241151103940559,-79.42366186001273,0.0012446168155989925,L1,0.028200126018630034,0.9963664002041567,0.003625532925045483,shallow,0.9959687030855172,-0.0013629371632801362
05_05,12,OB,5,-87.24091923364205,3.5262141443834275e-05,-77.15502718313073,0.8463615899709662,-79.31699268568528,0.0974150948971435,-81.80887937087307,0.008061458470815887,-85.04971476147037,0.00031545447608773435,-81.35698779217225,0.012666821194678003,-80.3365108834635,0.03514431884886459,L1,0.5828161360781584,0.8463615899709662,0.1533229555529458,shallow,0.7489464950738227,0.08935363642632763
05_05,13,OB,5,-90.21513469458512,1.1076056164775706e-06,-76.50515217744967,0.9966780721788279,-83.35443906756832,0.0010566895246945836,-83.03325847501131,0.0014569154914011442,-88.31931014348996,7.374478104649861e-06,-85.04409227906402,0.00019504747660063117,-83.91244862232449,0.0006047932447548672,L1,0.02632361665045727,0.9966780721788279,0.0033145533430677036,shallow,0.9956213826541332,-0.00040022596670656065
05_05,14,OB,5,-87.47865590747665,2.1986601357603096e-06,-74.45608828672277,0.9949181648582259,-82.76178192481929,0.0002458501313897014,-80.01984861005255,0.0038148454930969663,-86.12720660439336,8.493468435128242e-06,-82.21281551735689,0.0004256802747605413,-81.89529038093845,0.000584767113956011,L1,0.036141480438815654,0.9949181648582259,0.00507334167333898,shallow,0.9946723147268363,-0.003568995361707265
05_05,15,OB,5,-88.72917402781854,7.797471191754019e-06,-76.98510880586123,0.9825089154181118,-81.42289931710661,0.011615250195037652,-82.9563524045974,0.0025064460142348063,-88.27177313901296,1.2319709320965542e-05,-84.8426727605734,0.0003800492091840715,-82.78691826389613,0.002969221982918797,L1,0.1046022514669751,0.9825089154181118,0.017478764872567082,shallow,0.9708936652230742,0.009108804180802845
05_05,16,OB,5,-88.86033292637728,7.487491450389979e-07,-74.7588764649182,0.9966004237797441,-83.55786207670552,0.00015037310588432437,-80.60574612710755,0.002879107208048412,-88.68677841830191,8.906562189094485e-07,-85.41156055387597,2.3556954885717365e-05,-82.72772845114211,0.00034489954607332373,L1,0.02458462495064726,0.9966004237797441,0.0033986855640368166,shallow,0.9964500506738598,-0.0027287341021640875
05_06,1,OB,5,-71.94674252529856,5.321368157389575e-05,-65.02731949577587,0.05383820182410896,-69.28278818957237,0.0007637724247673446,-66.95243473271067,0.007852783456032367,-62.566795931273965,0.6304960249392604,-65.06829893315907,0.05167653700869167,-63.47078721054307,0.2553194666655654,D1,0.9938622792269334,0.6304960249392604,0.31566577323663064,shallow,0.053074429399341615,-0.007089011031265022
05_06,2,OB,5,-71.35646769606296,8.0791893857476e-05,-68.33773703844997,0.0016534301611723647,-69.88079636315543,0.0003533814151721468,-66.13526371941734,0.01495918263882767,-62.52739210547747,0.5518062280739453,-64.45848554936816,0.0800061498353258,-62.979401668926165,0.3511408359816992,D1,0.9746663819398391,0.5518062280739453,0.4465403417648823,shallow,0.001300048746000218,-0.014605801223655523
05_06,3,OB,5,-71.82537598756294,8.84635597381647e-05,-68.97324461131961,0.0015326017939948269,-69.56055194921558,0.0008518536597297163,-66.59278649297434,0.016567201513910387,-63.16289967834712,0.5114816669873725,-64.88459417592067,0.09143398582527217,-63.46520023090815,0.37804422665998205,D1,1.014092652885025,0.5114816669873725,0.4869857312186325,shallow,0.0006807481342651105,-0.01571534785418067
05_06,4,OB,5,-72.1585236570031,8.726663048917564e-05,-68.19820616737391,0.004579227706588929,-69.98776998051852,0.0007648821936426177,-67.22772500956296,0.012085562020526163,-63.095834239722194,0.7528773167354184,-65.77328072410522,0.05175162352725984,-64.5387728578821,0.17785412118607505,D1,0.7584113071286123,0.7528773167354184,0.24254345555799284,shallow,0.003814345512946311,-0.011320679826883546
05_06,5,OB,5,-72.17122173576496,4.246225649456758e-05,-68.36333837271215,0.0019131358134413412,-69.44492918053598,0.0006486596481454909,-66.93863224117635,0.007952209499177179,-62.55299343973965,0.6384788918206911,-65.23043992412268,0.04388805254869756,-63.284984865520606,0.3070765884133529,D1,0.8418224346538612,0.6384788918206911,0.3596079723658677,shallow,0.0012644761652958504,-0.007303549851031688
05_06,6,OB,5,-70.08414616459864,5.9867482123680966e-05,-68.83913421652065,0.00020791834622578187,-67.35785360936964,0.0009145444235793759,-64.85155667001003,0.01121181018951885,-61.160653453366145,0.44938092823988507,-63.143364352956354,0.061877710190424484,-61.10237732948397,0.47634722112824285,S,0.9439903443713327,0.47634722112824285,0.5504111534138892,deep,-0.000706626077353594,-0.010297265765939473
05_06,7,OB,5,-71.40755244739877,7.522575286661937e-05,-66.62071204349195,0.00902121256354438,-69.82451277098342,0.00036632953863159195,-66.17496295281016,0.014088063045006045,-62.151668829668694,0.787309919428825,-64.46359797302092,0.07799875196077813,-64.10949565300912,0.11114049771034823,D1,0.7375584251887064,0.787309919428825,0.20366886800763062,shallow,0.008654883024912787,-0.013721733506374453
05_06,8,OB,5,-70.970855519299,8.42603947397989e-06,-66.51396390551201,0.0007264854549655995,-67.91275066352439,0.0001793665906647196,-65.73826602471038,0.0015780044839114275,-59.54701426295802,0.770787581854754,-64.02690104492115,0.008736643209247526,-60.810007751810794,0.21798349236698267,D1,0.5912213592391753,0.770787581854754,0.22848593269028034,shallow,0.0005471188643008799,-0.0013986378932467078
05_06,9,OB,5,-71.34367086841459,0.00010654481636169529,-68.23098890047002,0.0023952614659812224,-68.74014265525582,0.0014395616272467582,-66.26216681981954,0.01715542546375196,-62.64738320878804,0.6372092459345683,-64.77345813080396,0.07602202995941816,-63.5222190924959,0.26567193073267203,D1,0.9297898539488052,0.6372092459345683,0.36039549259945064,shallow,0.0009556998387344642,-0.015715863836505202
05_06,10,OB,5,-69.72607312799552,0.0001730140219576381,-67.4693474577234,0.0016525888102775815,-68.46791030979263,0.0006088277951835361,-65.96161337043301,0.007463892952279987,-62.36462846768332,0.27234292457287673,-64.56643922507494,0.03012186340126576,-61.43842957181689,0.6876368884461589,S,0.7704003632173433,0.6876368884461589,0.7260044866168458,deep,0.0010437610150940454,-0.006855065157096451
05_06,11,OB,5,-69.66145890945897,0.0005013119763208419,-66.53727812327634,0.011400464745412007,-68.40497078224173,0.0017611402397043473,-64.63670367650741,0.07626610211560829,-62.749907928064424,0.5032184232624566,-64.84236354120321,0.062088991567693576,-63.128073378565034,0.3447635660928043,D1,1.1475276299098165,0.5032184232624566,0.48538111199213135,shallow,0.00963932450570766,-0.07450496187590394
05_06,12,OB,5,-68.21063754467174,0.00038208265026202153,-67.67385165527556,0.000653552480430077,-65.60859089382427,0.005154799997831912,-67.26201947706048,0.0009865904556361283,-60.6490312944908,0.7347188568455484,-62.908968674001656,0.07667307002512179,-62.04764353464482,0.1814310475451697,D1,0.7748654775931499,0.7347188568455484,0.2646275906740216,shallow,-0.004501247517401836,0.004168209542195784
05_06,13,OB,5,-72.66962256115406,1.8415319595394517e-05,-66.70373223565467,0.007180133322136055,-69.20934034760752,0.0005860851689138271,-65.6041988557402,0.021560249780602104,-62.3174046068112,0.5768865232028562,-64.99485109119423,0.03965428829254479,-62.80543043083525,0.3541143049133517,D1,0.9356872818208899,0.5768865232028562,0.4159333434750078,shallow,0.006594048153222227,-0.020974164611688276
05_06,14,OB,5,-72.74741286624416,1.7525929019948173e-06,-65.72214972472723,0.0019711245396176963,-65.68596159849999,0.002043762227270002,-64.93924802634022,0.004312448803209072,-59.911804791754726,0.6578317142220353,-63.23105570928656,0.023800300999161268,-60.66405617434527,0.3100388966158045,D1,0.7759894976071307,0.6578317142220353,0.34019716123834687,shallow,-7.263768765230572e-05,-0.00226868657593907
05_06,15,OB,5,-68.50525406870885,0.0004120416072322724,-67.61068141598601,0.0010079733254170218,-66.42381549330625,0.0033029223232390915,-65.95428533724606,0.005282174157193666,-61.415882498494646,0.49410133311262544,-63.93944646886404,0.03961376478884896,-61.49551692498697,0.45627979068544366,D1,0.8909968600676339,0.49410133311262544,0.5048906935619576,shallow,-0.0022949489978220695,-0.0019792518339545742
05_06,16,OB,5,-70.67433196506654,0.00017907362574865886,-67.5194118346419,0.004199484962304746,-68.77227452886505,0.0011997331961406464,-65.73864181935512,0.024921525427665323,-62.36462846768332,0.7275954962149251,-65.04207495206634,0.05001379024609044,-63.69744676217181,0.19189089632712505,D1,0.8225834755053381,0.7275954962149251,0.26820501882277015,shallow,0.0029997517661640998,-0.023721792231524676
05_07,1,OB,5,-70.55901673155927,5.297514522196056e-09,-65.26992890027574,1.0497691730251837e-06,-62.49942923975583,1.676125487243274e-05,-57.766272240727346,0.0019049803343590527,-57.48558456342856,0.0025222701839997586,-56.169385976103605,0.00940609562616336,-51.516936632025164,0.9861488375339179,S,0.08486739120626519,0.9861488375339179,0.9974766800468272,deep,-1.5711485699407555e-05,-0.00188821907948662
05_07,2,OB,5,-73.17118604172204,7.640411090996677e-10,-66.87237623527072,4.1558041060922635e-07,-63.09743741333888,1.811716200051106e-05,-60.15154536683238,0.00034472662525762053,-58.513662117431515,0.001773366438405775,-58.762016731711064,0.0013833734823039455,-52.18231273106367,0.9964799999475803,S,0.02680727907020463,0.9964799999475803,0.9982262179811835,deep,-1.7701581589901834e-05,-0.0003266094632571095
05_07,3,OB,5,-72.8928573673624,7.756818789594755e-10,-66.76064684228075,3.5716495448174885e-07,-64.16491879313834,4.788276346917674e-06,-59.86183117452976,0.0003539862679234559,-58.401932724441544,0.0015240957636192245,-58.44088839240394,0.001465865164816936,-51.91893345195003,0.9966509065866571,S,0.025671363552561104,0.9966509065866571,0.9984755470714264,deep,-4.431111392435925e-06,-0.00034919799157653826
05_07,4,OB,5,-72.26527179498305,5.825918070129215e-09,-66.94634164015456,1.189450542479632e-06,-64.69888496242122,1.1256527124139831e-05,-59.53603644929888,0.001966079352573108,-59.50909680359602,0.0020197647193529473,-58.368841698768996,0.006316947707913078,-53.31469136809981,0.9896847564165762,S,0.0671829884989133,0.9896847564165762,0.9979790458301045,deep,-1.00670765816602e-05,-0.0019548228254489684
05_07,5,OB,5,-72.17122173576496,1.6161783081638956e-09,-67.21822198347273,2.2884937716609504e-07,-64.04929602445873,5.442479380691551e-06,-59.14019554293232,0.0007375509769201085,-58.85950786563353,0.0009765470040358179,-57.7192527608065,0.0030542153250353457,-51.93280561016239,0.9952260137490725,S,0.034608016024073325,0.9952260137490725,0.999023224146587,deep,-5.213630003525456e-06,-0.000732108497539417
05_07,6,OB,5,-71.68536823429781,3.3441891386442784e-09,-66.09279575758205,8.976648056212151e-07,-63.563442522991586,1.126155470610256e-05,-58.654342041465185,0.0015261372793790406,-59.068389948959215,0.001008729866554257,-57.233399259339365,0.006319769090743285,-52.17823299436051,0.9911332011996226,S,0.057828335852999686,0.9911332011996226,0.9989903724686401,deep,-1.0363889900481345e-05,-0.0015148757246729381
05_07,7,OB,5,-71.42696119975876,1.0058584668912317e-08,-65.26209937829265,4.785224820745662e-06,-64.64237589086606,8.892929259064128e-06,-58.39593500692613,0.004590284940414833,-58.24468697960268,0.005339810299969722,-57.12708958094466,0.016326466891415436,-53.03874330687075,0.9737297496555355,S,0.145921383122079,0.9737297496555355,0.9946554044752095,deep,-4.107704438318466e-06,-0.004581392011155769
05_07,8,OB,5,-71.42696119975876,1.0058584668912317e-08,-65.26209937829265,4.785224820745662e-06,-64.64237589086606,8.892929259064128e-06,-58.39593500692613,0.004590284940414833,-58.24468697960268,0.005339810299969722,-57.12708958094466,0.016326466891415436,-53.03874330687075,0.9737297496555355,S,0.145921383122079,0.9737297496555355,0.9946554044752095,deep,-4.107704438318466e-06,-0.004581392011155769
05_07,9,OB,5,-72.83814480013383,8.32800989917978e-10,-67.2993687871905,2.1183664600088677e-07,-61.850035567459344,4.927384341272953e-05,-59.95820405329475,0.0003267596530998447,-58.63365322074209,0.0012287783302986875,-58.32975234728723,0.0016651601780905197,-51.93519393358181,0.9967298153256513,S,0.02526783952051055,0.9967298153256513,0.9987710098330553,deep,-4.906200676672864e-05,-0.00027748580968711516
05_07,10,OB,5,-68.65859174819606,3.765552354183338e-08,-66.42127483028393,3.5276304433050884e-07,-62.00479577391592,2.9210269609607294e-05,-59.230658051988435,0.0004680888219163599,-57.603661513777745,0.0023819019984962033,-55.98777068195932,0.011986609591581588,-51.57878337294191,0.9851337988998284,S,0.08606947210898942,0.9851337988998284,0.9976177452384596,deep,-2.8857506565276784e-05,-0.0004388785523067526
05_07,11,OB,5,-69.56441514765902,9.04974379968982e-09,-64.96516918211714,8.996289615960146e-07,-63.43633017808427,4.149824891267968e-06,-56.411274426343596,0.004666300675699162,-58.62942980203853,0.0005077384813458575,-56.90418382596725,0.002850393946619304,-51.05194766017918,0.9919705083927389,S,0.05366276679747781,0.9919705083927389,0.9994913618896925,deep,-3.250195929671953e-06,-0.004662150850807894
05_07,12,OB,5,-68.8899438772714,3.7664484946600864e-08,-63.520378650237674,8.089181524137681e-06,-62.15383297374603,3.172399171741067e-05,-56.75218007412583,0.007035514707940377,-58.6848655556598,0.001018453571266738,-57.95973682220418,0.002103103484819609,-51.80564491427804,0.9898030773982467,S,0.06542323910697098,0.9898030773982467,0.9989734572472091,deep,-2.3634810193272986e-05,-0.0070037907162229665
05_07,13,OB,5,-70.21441538761532,8.561906163006993e-09,-68.013823019954,7.731710529228138e-08,-63.27996650163055,8.79353203272283e-06,-59.5137323651753,0.0003800301499002197,-58.09017834280536,0.0015778281846898364,-56.949923237978325,0.004934761974627538,-51.64539782384094,0.9930985002797382,S,0.046364689721290125,0.9930985002797382,0.9984220944982048,deep,-8.716214927430548e-06,-0.00037123661786749685
05_07,14,OB,5,-68.47748734704633,3.4929383840171134e-08,-66.71199609508672,2.041427840397189e-07,-64.07503515262081,2.8520137800652486e-06,-57.99479643193577,0.0012467108657789215,-58.35328197724752,0.0008711189281709512,-56.57385364980995,0.0051626579738942155,-51.31486016253803,0.9927164211462081,S,0.048960004769014936,0.9927164211462081,0.9991286769290451,deep,-2.64787099602553e-06,-0.0012438588519988563
05_07,15,OB,5,-70.00943237660807,1.60058912860757e-08,-67.639794544526,1.7115929831082276e-07,-62.62940440692819,2.5667601395945288e-05,-59.75707070870122,0.0004537576517388858,-59.32361899408771,0.0006999542413360353,-58.02948137524705,0.002553327226178149,-52.062863278031784,0.9962671061141614,S,0.027822280365181386,0.9962671061141614,0.9992998745993656,deep,-2.5496442097634466e-05,-0.0004280900503429405
05_07,16,OB,5,-71.20807265496627,6.467576328551654e-09,-66.90803613530221,4.766764488965614e-07,-62.84290068288808,2.7777271933546236e-05,-58.47394581101082,0.0021933229505431613,-58.137402203677475,0.0030708712932105107,-56.99714709885045,0.009604353017492417,-52.36661713440959,0.9851031923227952,S,0.09089686230337327,0.9851031923227952,0.9969286520303406,deep,-2.7300595484649674e-05,-0.002165545678609615
05_08,1,OB,5,-73.10156329071798,5.8687002911401153e-08,-56.80771287132005,0.6996345646817593,-63.95508566675509,0.0005505625820063319,-65.67533882742332,9.856216552168682e-05,-57.677731211792455,0.29310760899930877,-62.38989110748044,0.0026336742175054806,-61.97825415405983,0.003974968666895473,L1,0.6522705494337679,0.6996345646817593,0.007257826318931883,shallow,0.699084002099753,0.0004520004164846451
05_08,2,OB,5,-75.55846258200081,2.2386375051088104e-08,-57.983167654395245,0.9612522742927564,-67.11504915185684,0.00010397086007687369,-68.48760450544813,2.63522935967852e-05,-61.26776407731411,0.036004375180830585,-65.40951441500768,0.0005722897420413474,-64.13810418481758,0.0020407152443228183,L1,0.17581538802114388,0.9612522742927564,0.002743350526412876,shallow,0.9611483034326795,7.761856648008849e-05
05_08,3,OB,5,-75.28013390764119,2.6432393342240206e-08,-57.871438261405274,0.9608087394987043,-67.11504915185684,9.293680586160875e-05,-68.19789031314552,3.1471381026876795e-05,-61.15603468432414,0.03598776227539684,-65.08838607570056,0.0007052714974715127,-63.87472490570394,0.0023737921091456036,L1,0.17871016902071557,0.9608087394987043,0.003203498225898944,shallow,0.9607158026928426,6.146542483473195e-05
05_08,4,OB,5,-75.72002971506129,7.22569776990863e-09,-56.98965167947962,0.9848716066552234,-67.64901532113971,2.3124737255847444e-05,-68.93957696771409,6.361990339458665e-06,-61.19571738367917,0.014679406304606483,-66.08382076186507,0.00011061962125245369,-65.05698654589382,0.0003088734656245501,L1,0.08080697714621699,0.9848716066552234,0.0004489870401700798,shallow,0.9848484819179676,1.6762746916388778e-05
05_08,5,OB,5,-75.6259796558432,1.0176973829588604e-08,-57.2615320227978,0.9620484139612886,-66.99942638317722,5.676532672601422e-05,-68.54373606134753,1.211707986274964e-05,-60.54612844571667,0.03603419514806371,-65.43423182390256,0.00027154293141712295,-63.6751007879564,0.0015769553756677882,L1,0.17007111132563632,0.9620484139612886,0.0019173908906475047,shallow,0.9619916486345625,4.464824686326458e-05
05_08,6,OB,5,-73.43215594669692,1.2870084266618098e-07,-57.84407600458624,0.7575276559710654,-64.80560267403095,0.0007178701160278452,-66.34991235220126,0.00015323596337206384,-59.04704032136322,0.22748759955908995,-63.2404081147563,0.0034340074641659173,-62.10580982649546,0.010679502225435953,L1,0.6217018162758439,0.7575276559710654,0.014984744469844446,shallow,0.7568097858550376,0.0005646341526557814
05_08,7,OB,5,-74.64881409151712,4.523902111783589e-08,-57.86736472913641,0.8782214808290869,-65.69044851830553,0.0003516267725096912,-67.56657049702146,5.386324471069158e-05,-59.99535644247379,0.10457527055970103,-64.45389359684093,0.001210907344628187,-61.898838759206235,0.015586806010342224,L1,0.4264792456576317,0.8782214808290869,0.017203248611211912,shallow,0.8778698540565772,0.00029776352779899964
05_08,8,OB,5,-74.64881409151712,4.523902111783589e-08,-57.86736472913641,0.8782214808290869,-65.69044851830553,0.0003516267725096912,-67.56657049702146,5.386324471069158e-05,-59.99535644247379,0.10457527055970103,-64.45389359684093,0.001210907344628187,-61.898838759206235,0.015586806010342224,L1,0.4264792456576317,0.8782214808290869,0.017203248611211912,shallow,0.8778698540565772,0.00029776352779899964
05_08,9,OB,5,-75.65241389233239,2.0124442662046653e-08,-57.983167654395245,0.94924868051566,-65.44065475405752,0.0005478157393821018,-68.7212557438303,2.0600966633063333e-05,-60.960762628704906,0.04833112846628531,-65.83123513442341,0.0003706872102847378,-64.44607570483143,0.0014810669773118402,L1,0.21278307244219408,0.94924868051566,0.0024201910180544055,shallow,0.9487008647762779,0.0005272147727490384
05_08,10,OB,5,-72.3268459442342,1.206795476482771e-07,-56.44517611724902,0.9526979766912336,-65.16842240859431,0.00015505919117717113,-68.42070229444376,5.998605567104508e-06,-59.50377836982078,0.04473229313915169,-63.916246021015276,0.0005423889207998563,-62.680589722856254,0.0018661627725230076,L1,0.20239053144200558,0.9526979766912336,0.0025697301696147876,shallow,0.9525429175000564,0.00014906058561006664
05_08,11,OB,5,-73.01917306773727,1.498732905658261e-08,-55.00847922144221,0.9946474998546676,-66.38646053680276,1.1383470721429982e-05,-65.81481494475881,2.0162167625963126e-05,-60.31605038212167,0.004927428463875366,-64.61916288906332,6.665033109290073e-05,-63.02908874152908,0.00032686072468770703,L1,0.03512940079683336,0.9946474998546676,0.00042507168145705746,shallow,0.9946361163839462,-8.778696904533144e-06
05_08,12,OB,5,-75.33364966078813,2.630000017208098e-10,-53.29196615652288,0.9829632226202628,-67.02542981610354,1.0670131808620139e-06,-64.69035978936179,1.1022441734479067e-05,-57.38253827230446,0.016444640033036365,-62.68576802186177,8.182027877607326e-05,-60.87923664257342,0.0004982273500092015,L1,0.08914064578458929,0.9829632226202628,0.0005921373467006175,shallow,0.982962155607082,-9.955428553617053e-06
05_08,13,OB,5,-73.66917330769355,1.4006133002113946e-07,-58.057133059279074,0.8443862978124694,-66.23009686034905,0.00023826930477188586,-68.91727288359051,1.6219683627073565e-05,-59.776798922888496,0.1512515318970042,-64.66490230107439,0.0011397863663634498,-63.70793741557479,0.0029677548744340048,L1,0.45567463503507705,0.8443862978124694,0.004362170290526436,shallow,0.8441480285076975,0.0002220496211448123
05_08,14,OB,5,-72.99972664692403,2.4652260767565816e-07,-57.82278751421124,0.961872859004384,-65.95768413153985,0.0002819531550761073,-68.46581833015043,2.295662903816648e-05,-61.107383937130116,0.036027619614561704,-65.35631409270547,0.0005144564874613705,-64.44488113407134,0.0012799085868709565,L1,0.17210226620539265,0.961872859004384,0.0020995213810542763,shallow,0.961590905849308,0.00025899652603794085
05_08,15,OB,5,-73.25069402072643,2.0270388953817361e-07,-57.89660085981095,0.9441913481056382,-65.36603848968679,0.0005384240754415452,-68.94711495115654,1.499279919999094e-05,-60.79674329821096,0.051945048825555444,-65.53096416238323,0.00045656031733242906,-63.698410317845855,0.002853423172942838,L1,0.2323055550844389,0.9441913481056382,0.0038636030688063414,shallow,0.9436529240301966,0.0005234312762415542
05_08,16,OB,5,-73.01308662444535,1.2455261407257506e-08,-54.81638341502836,0.9955902606813062,-67.28750497332581,3.8189270598046576e-06,-65.74252356982711,1.7902688771560083e-05,-60.35776347366034,0.003903820657879603,-65.24586685184624,2.9418026427719532e-05,-62.50769024250442,0.00045476656329360843,L1,0.030100069071165757,0.9955902606813062,0.0005059186608141,shallow,0.9955864417542464,-1.4083761711755425e-05
05_09,1,OB,5,-72.75220574823815,0.0004195133415697034,-71.17018961771274,0.002040829168552283,-66.2996629518419,0.2661028388592148,-68.81761583450572,0.021454404529283166,-66.17876474546813,0.3002997230345212,-66.0018599216746,0.3584129726609916,-67.9464455047568,0.051269718405867123,D2,1.3319283636339296,0.3584129726609916,0.6976594477969265,deep,-0.2640620096906625,0.24464843432993166
05_09,2,OB,5,-74.43275494512139,0.0013588742576266732,-72.34564440078793,0.010954684243253271,-69.84780148414345,0.13316781052889434,-71.2902283462307,0.03147467342299567,-69.42914444468995,0.20240428449820588,-68.34217689660218,0.6001830270282378,-71.72110373186571,0.020456646020786357,D2,1.1450717628015699,0.6001830270282378,0.7866410312585409,deep,-0.12221312628564107,0.10169313710589867
05_09,3,OB,5,-71.92241974936289,0.0008186958585319133,-69.0314708683996,0.014745032696970101,-66.06309477394537,0.2869426454682062,-68.76850763252922,0.019180027354061588,-66.11497091230162,0.27243667883635636,-65.7890420358962,0.3774111181145876,-68.37367370274964,0.02846580167128629,D2,1.3254035191484939,0.3774111181145876,0.7128182884666736,deep,-0.2721976127712361,0.2677626181141446
05_09,4,OB,5,-75.37067217258146,0.0007253029583870637,-72.41960980567175,0.013872334445418466,-69.41133003542681,0.2809498825127571,-72.17889773659643,0.01764775532451007,-69.45414151285496,0.26917583343430795,-69.11352700525953,0.37841040325551256,-71.3803580647786,0.039218488069106806,D2,1.3405288814549234,0.37841040325551256,0.7169518321202736,deep,-0.26707754806733863,0.263302127188247
05_09,5,OB,5,-75.56775339876323,0.0008279181008804076,-72.69149014898994,0.01469374963262498,-69.73217871546383,0.2833643829884875,-72.41384128192956,0.019396081776062807,-69.77499019289198,0.2714891470120517,-69.43437568529653,0.3816624854080716,-72.02668692846015,0.02856623508182111,D2,1.324858210628636,0.3816624854080716,0.7138171033553233,deep,-0.2686706333558625,0.26396830121242465
05_09,6,OB,5,-76.14938127709554,0.0005175247969083348,-70.4985825432998,0.1472454460703388,-70.31380659379614,0.17712874570712617,-72.99546916026188,0.012124331224670654,-69.66362786227782,0.33935799294328894,-70.01600356362884,0.23857408122651266,-71.04742203874291,0.08505187803115444,D1,1.5643232084957013,0.33935799294328894,0.5133965609863722,shallow,-0.029883299636787375,0.1650044144824555
05_09,7,OB,5,-73.96950775891747,0.00021944362822180476,-68.79449230781084,0.03879748995367437,-67.80212077507245,0.10466105544023055,-70.81559564208379,0.005141023675771688,-65.85679965519081,0.732195976246154,-67.83295738271521,0.10148291688009432,-69.59052731947031,0.017502094175853276,D1,0.9224494097795408,0.732195976246154,0.22900653380017164,shallow,-0.06586356548655617,0.09952003176445887
05_09,8,OB,5,-74.59058783443716,0.0008196256221947644,-73.29732285532855,0.002987262385413634,-68.42320085059214,0.3909107928075899,-71.43667571760348,0.01920180942648894,-69.2242181896491,0.17546893935507507,-68.4540374582349,0.37904039212254503,-70.93943560848963,0.03157117828069263,L2,1.2484377751226226,0.3909107928075899,0.8215437982595113,deep,-0.38792353042217625,0.3717089833811009
05_09,9,OB,5,-74.52670625545296,0.0014695388446425465,-72.34564440078793,0.013013802111111639,-69.24088846614357,0.29025691069585985,-71.52387958461286,0.029600028118698794,-69.65588368598047,0.19166924609353367,-68.76389761601791,0.46766736276385534,-73.06744350313905,0.006323111372298055,D2,1.2334023460814862,0.46766736276385534,0.7953169517953546,deep,-0.2772431085847482,0.2606568825771611
05_09,10,OB,5,-74.19008617079324,0.002592587989136567,-71.70045547220126,0.03125837371027497,-69.82264122451994,0.20440463755511953,-70.36934103138675,0.11832105558814532,-70.12036591073537,0.15177161537420186,-69.83785636604826,0.20131813241567195,-69.4717121736168,0.29033359736744985,S,1.6687229820170406,0.29033359736744985,0.8169700109155231,deep,-0.17314626384484455,0.08608358196697422
05_09,11,OB,5,-72.68922427761743,0.0006019872174386099,-69.00218967299509,0.024035106616780162,-68.52142329640168,0.03887229996560277,-68.86004819004125,0.027706222312479812,-66.55596426585849,0.2774778039910147,-65.75651577735874,0.6171977240052852,-69.53490253259777,0.014108855891398766,D2,1.0333527647988268,0.6171977240052852,0.6984870893922052,deep,-0.014837193348822608,0.011166077653122958
05_09,12,OB,5,-71.8400742359899,0.007506815947510935,-69.44004812003466,0.08275111734268337,-67.19622683687146,0.7802846585454142,-70.66631464100274,0.024278009841160512,-70.24083671079791,0.03715316363810377,-69.67485974669421,0.06543294580705426,-72.9029587295873,0.002593288878072901,L2,0.8429828769649707,0.7802846585454142,0.8800957190192127,deep,-0.6975335412027308,0.7560066487042537
05_09,13,OB,5,-74.67842843041304,0.0027148354844442513,-72.41960980567175,0.025985793406469872,-70.0303305724351,0.2833914661675264,-72.4671336902327,0.024779732884961984,-70.07314204986325,0.2715150951890883,-69.73252754226782,0.3816989636461416,-73.38320046702987,0.009914113221367604,D2,1.3272091185350323,0.3816989636461416,0.7024991114044418,deep,-0.2574056727610565,0.2586117332825644
05_09,14,OB,5,-72.94150038984407,0.008007610109381662,-73.25274564040339,0.005865848260705175,-68.69043646382646,0.5619743898568292,-72.33592355073246,0.014672414882862346,-70.33624568430541,0.10838037809389985,-69.35645795409943,0.2887134832583874,-72.50533598917524,0.012385875537934292,L2,1.1085034552618562,0.5619743898568292,0.8857537736453949,deep,-0.5561085415961241,0.5473019749739669
05_09,15,OB,5,-75.11393424728547,0.0006995512441113198,-71.40509250236407,0.02854624819012453,-70.02025730561242,0.114018499587668,-71.34409586761532,0.030341674097872976,-68.85137552760686,0.36695619832526294,-68.65577329234164,0.44623455666621953,-72.17615334868954,0.013203271888740606,D2,1.2453137314773493,0.44623455666621953,0.6044975534846124,deep,-0.08547225139754347,0.08367682548979503
05_09,16,OB,5,-75.672085697764,0.00011115262629809285,-73.44878568061887,0.0010268018859171803,-67.45830199409373,0.4103180920784243,-72.81507292980751,0.0019351053269222413,-67.98540315113645,0.24221639872317635,-67.64478864354102,0.3405105278082255,-72.11890441117153,0.0038819215510364764,L2,1.1175178297180985,0.4103180920784243,0.7567567993909066,deep,-0.4092912901925071,0.40838298675150203
05_10,1,OB,5,-91.15170298550878,0.00012323109230562445,-83.55297362338642,0.24592717979314493,-87.76574306199096,0.0036410279164251123,-82.65799714241466,0.6018522335631638,-85.72531924721417,0.028013592846502552,-84.37030315516924,0.10860375064471342,-86.5866112712913,0.011838984143744716,L3,1.0658868672675228,0.6018522335631638,0.7260592273603527,deep,0.2422861518767198,-0.5982112056467387
05_10,2,OB,5,-91.37659575539276,8.257075305640408e-05,-82.30233436146285,0.7206558164072404,-87.43213112229448,0.0042646703784725145,-83.62643134624042,0.1917255013855092,-85.57916728343773,0.027203039994996348,-85.06087617949767,0.04567813949930004,-86.54162703395416,0.010390261581424913,L1,0.8632751794079808,0.7206558164072404,0.2521411435977631,shallow,0.7163911460287679,-0.1874608310070367
05_10,3,OB,5,-90.22487322483357,0.00017618678894946454,-82.28764873027283,0.49324891671649523,-87.43213112229448,0.0028763771166507696,-82.51184517863823,0.39418387975728525,-85.56448165224771,0.018618971363918116,-84.0604415075909,0.0837822500131114,-86.5266797850484,0.007113418243589757,L1,1.0510056885379917,0.49324891671649523,0.48813211191958666,shallow,0.49037253959984445,-0.39130750264063446
05_10,4,OB,5,-93.96425693345199,0.00024066393518154742,-86.93735657094436,0.27111594860978244,-91.07149766917578,0.00434230574981623,-86.21336656810527,0.5592164384535687,-89.1947835382009,0.028363968269958573,-87.67605776235406,0.12952130598854933,-90.56590977262883,0.0071993689931430785,L3,1.1058148335764737,0.5592164384535687,0.7005200831202589,deep,0.2667736428599662,-0.5548741327037525
05_10,5,OB,5,-93.90902437895389,0.00017765008322147304,-85.98648551558317,0.49009506148199433,-91.14003256853292,0.002832195829748387,-86.19599633275854,0.39745771780613215,-89.26331843755804,0.018499920843365495,-87.7445926617112,0.08447809155305537,-90.31555427727884,0.006459362402482709,L1,1.0495365992007528,0.49009506148199433,0.49140501767464007,shallow,0.48726286565224597,-0.3946255219763838
05_10,6,OB,5,-90.25954424280835,0.0002920571018924955,-83.94884792877295,0.16075643165769965,-87.49055243238739,0.004656135764355963,-82.54651619661301,0.6534213048611264,-85.67778943450566,0.028529791779447918,-84.09511252556567,0.13888215611830168,-86.42885828403507,0.01346212271717591,L3,1.0329113042250186,0.6534213048611264,0.8107137765628525,deep,0.15610029589334368,-0.6487651690967704
05_10,7,OB,5,-92.33018749146811,3.1859854508446716e-05,-82.10889642676406,0.8755764974206592,-89.22938338050153,0.0007077924130877435,-84.61715944527276,0.0712802652998253,-85.36453665221687,0.033758839635500706,-86.16258311148987,0.015198486322961323,-87.64648963996912,0.0034462590534574144,L1,0.5076284029319128,0.8755764974206592,0.09066466294384024,shallow,0.8748687050075715,-0.07057247288673756
05_10,8,OB,5,-93.08712883350773,0.0002920280815550906,-86.74758824080169,0.16544441561237797,-89.98632472254114,0.006487639812619533,-85.37410078731239,0.6533563774664182,-88.86781645319508,0.01985403118105862,-86.91952445352949,0.13930963816105843,-89.13125919550836,0.01525586968491218,L3,1.0270187124945684,0.6533563774664182,0.8147015532065635,deep,0.15895677579975842,-0.6468687376537986
05_10,9,OB,5,-90.50010944772482,8.914269378020492e-05,-81.8171155524631,0.5260924738047632,-87.01930562789451,0.0028958738907592153,-82.21033863402342,0.35504833013622844,-85.07807831122862,0.02017641290626844,-83.63876542471434,0.08510000809876342,-85.7219500418526,0.010597758469437125,L1,1.059929829099274,0.5260924738047632,0.4537311132889684,shallow,0.523196599914004,-0.3521524562454692
05_10,10,OB,5,-91.08540510016464,0.0016589305558996708,-85.29628650037432,0.5420139565014832,-89.78454302676977,0.006092358157273636,-85.90798817079484,0.29400303214102375,-88.69648279448191,0.018085227720505366,-86.70212129164366,0.1328813945213243,-89.93047803628238,0.005265100402490081,L1,1.1019555812628266,0.5420139565014832,0.43990081577801143,shallow,0.5359215983442096,-0.2879106739837501
05_10,11,OB,5,-91.185765276688,8.396977834719238e-05,-82.45245505846822,0.5211364417178704,-90.0845471683507,0.0002525666213545534,-82.79747325975015,0.36907271730066626,-86.19956252940447,0.012291456417476743,-84.22200277265333,0.08880688471595731,-86.58549148084909,0.008355963448327279,L1,1.0194820674254281,0.5211364417178704,0.4665721018646526,shallow,0.5208838750965159,-0.36882015067931173
05_10,12,OB,5,-90.2783889779805,0.0009668158647471078,-83.53080233338747,0.8237272137697046,-88.1188618809408,0.008379429859298591,-85.24422853859132,0.14847449885967878,-89.43609279482813,0.002244648553038721,-87.49985791410913,0.01556124989751414,-90.68137589133823,0.0006461431960179912,L1,0.5729240111593996,0.8237272137697046,0.1740281376772566,shallow,0.815347783910406,-0.14009506900038018
05_10,13,OB,5,-92.10748804968416,0.0017066876621867023,-86.93735657094436,0.3002711594080429,-90.52597306458466,0.008298455701820898,-86.72480317388144,0.3713850251769383,-88.64925893360979,0.054205564457561,-87.13053315776295,0.24752444487204492,-89.83211809212148,0.016608662721405282,L3,1.3514226528056583,0.3713850251769383,0.6455232761343961,deep,0.29197270370622197,-0.36308656947511736
05_10,14,OB,5,-89.75918430977549,0.00022735041148358565,-82.11284109273888,0.4758394123210597,-87.41017811503691,0.002381530637431184,-82.2654412581034,0.40849524041926405,-85.38967401471375,0.017961804053837776,-83.81403758705606,0.08682407404139995,-86.16521590013627,0.008270588115523758,L1,1.059443625841559,0.4758394123210597,0.5061987836251025,shallow,0.4734578816836285,-0.40611370978183287
05_10,15,OB,5,-91.47551248675714,0.0029576113259443476,-86.56332809551635,0.4020459354225276,-89.44841841796253,0.02245416290050949,-86.54114896548757,0.41106258561547204,-89.45570703297236,0.02229109813180596,-87.78309874311189,0.11872331498133647,-89.54116408517268,0.02046529162240404,L3,1.2516143388687955,0.41106258561547204,0.5756629664456664,deep,0.3795917725220181,-0.38860842271496254
05_10,16,OB,5,-91.1602700810361,8.460266774563944e-05,-82.4350380232943,0.5208398362742553,-88.38093703816307,0.0013628029393414863,-82.72518188481847,0.3896694115596207,-86.02777934498326,0.014334959252630858,-84.50905356913643,0.06545919900988875,-86.58036579460016,0.008249188296517333,L1,0.9956749409749226,0.5208398362742553,0.46482520447311393,shallow,0.5194770333349139,-0.3883066086202792
05_12,1,OB,5,-74.41165407501731,5.577515109520223e-07,-60.078087643978385,0.9363313454628177,-65.20695019397445,0.005546165928858218,-66.76611071005476,0.0011664283054282649,-63.46348029030551,0.031708245867785645,-67.15668068709401,0.000789288298358123,-63.72310099122294,0.024457968385240968,L1,0.3041220145512163,0.9363313454628177,0.03196040866939653,shallow,0.9307851795339595,0.004379737623429953
05_12,2,OB,5,-74.24837179770148,3.4147834052744384e-06,-62.321023806853034,0.5168262674886428,-66.23195091947728,0.010347859282774445,-66.37593224868121,0.008960251865068705,-63.851069016428795,0.11190626136812837,-66.97385985522288,0.004927692028150818,-62.7193243873023,0.3470282531838296,L1,1.069262891193778,0.5168262674886428,0.3712674711432289,shallow,0.5064784082058683,0.0013876074177057406
05_12,3,OB,5,-75.03752450314131,3.6903080581234862e-06,-63.27677579366252,0.47281461142840364,-66.23195091947728,0.02461923982195791,-67.15369943617804,0.009794095725604733,-64.80682100323828,0.10237659889517844,-67.72021289571522,0.005558155272000558,-63.48266810803214,0.3848336085487966,L1,1.1203928569092179,0.47281461142840364,0.42480878967641794,shallow,0.44819537160644574,0.014825144096353176
05_12,4,OB,5,-75.47742031056141,1.6993148378074262e-06,-62.39498921173687,0.816397160683255,-66.76591708876016,0.01031885780436277,-67.89538609074661,0.003335104702975745,-64.84650370259331,0.070343224120264,-68.71564758187972,0.0014685016319159491,-64.5135414798141,0.09813545174238868,L1,0.655958354070677,0.816397160683255,0.11325961519648094,shallow,0.8060783028788922,0.006983753101387024
05_12,5,OB,5,-75.38337025134332,1.7280213343044983e-06,-62.66686955505505,0.575778152072019,-66.11632815079767,0.01828834255679214,-67.49954518438007,0.004586177115162375,-64.19691476463082,0.12467086994034175,-68.06605864391723,0.002602658297930257,-63.40920088062454,0.27407207199642025,L1,1.0455598024412143,0.575778152072019,0.2995509779876393,shallow,0.5574898095152269,0.013702165441629765
05_12,6,OB,5,-73.18954654219705,6.486560884983246e-06,-63.24941353684349,0.1345734580921719,-63.9225044416514,0.06864987435343702,-65.3057214752338,0.01721536447279505,-62.69782664027737,0.2336202895979221,-65.87223493477096,0.009769729792790054,-61.86708217246758,0.5361647971299989,S,1.242922196450874,0.5361647971299989,0.631806252309906,deep,0.06592358373873487,0.051434509880641965
05_12,7,OB,5,-74.25093466813733,8.833407092245265e-07,-61.56473205371452,0.2855459714006302,-64.65208026704605,0.01302739989275704,-66.36710960117406,0.0023443905842559574,-61.9381725537088,0.19655897957991098,-66.93045039797568,0.0013346708305065908,-61.002154400174696,0.50118770437123,S,1.1034497655708904,0.50118770437123,0.5178950490194587,deep,0.2725185715078732,0.010683009308501083
05_12,8,OB,5,-74.40620468701725,2.4482211852364325e-06,-63.272702261393654,0.16752102414233636,-64.80735028592598,0.03610606425463337,-66.52237962005398,0.006497591059607071,-63.646142761387935,0.1153150976078754,-67.0857204168556,0.0036991042849501385,-61.88525263255425,0.6708586704294125,S,0.9895843165507736,0.6708586704294125,0.7171638782497883,deep,0.131414959887703,0.0296084731950263
05_12,9,OB,5,-75.40980448783252,2.542869532174279e-06,-63.388505186652495,0.4227737654972643,-64.55755652167797,0.13133953858287678,-67.67706486686282,0.0058024342189119185,-64.61154894761904,0.12443623819038035,-68.46306195443807,0.0026439669842002835,-63.68913436279182,0.3130015136568341,L1,1.299080705797379,0.4227737654972643,0.4527899963123553,shallow,0.29143422691438753,0.12553710436396487
05_12,10,OB,5,-71.82221838287445,2.4674589444739476e-05,-61.91844428276623,0.49363321803086596,-63.538087210355144,0.09772426008072074,-68.12374838333591,0.0009964948247462486,-62.4073277228753,0.3027505889261826,-65.80083587517032,0.010169582685984453,-63.569510580943806,0.09470118086205534,L1,1.214518822708222,0.49363321803086596,0.20361619304295153,shallow,0.39590895795014525,0.0967277652559745
05_12,11,OB,5,-72.67951990143743,1.3770172843961325e-06,-59.3463353739,0.8500957757036698,-66.57084368422267,0.0006193038279984221,-64.12043086373167,0.007179670786909151,-62.89935532123636,0.024345062894516302,-66.18350832927852,0.0009122657535278848,-61.330822910029944,0.11684654401609411,L1,0.5257915412080604,0.8500957757036698,0.12555916140181397,shallow,0.8494764718756713,-0.006560366958910728
05_12,12,OB,5,-71.30633354609017,1.1599465398852232e-05,-63.25836049337781,0.03627674072319339,-62.163537349926024,0.10841862893957208,-66.54195476450484,0.0013601330330017159,-61.01197496362261,0.34294233525074347,-64.46360973803687,0.010869139550536627,-60.63468636283754,0.5001214230375538,S,1.1330024306162134,0.5001214230375538,0.6207809240260631,deep,-0.07214188821637868,0.10705849590657036
05_12,13,OB,5,-74.49404528299314,4.184686607931437e-06,-62.39498921173687,0.751997206218063,-66.41448000776896,0.01350745577704706,-67.5528375926832,0.004327042260363767,-64.49506662160209,0.09207976377169057,-68.36421050088852,0.0019222787277134161,-64.1038759637186,0.13616206855851407,L1,0.7992193170130929,0.751997206218063,0.15592303001024624,shallow,0.738489750441016,0.009180413516683293
05_12,14,OB,5,-72.75711724242416,3.836358408180765e-05,-63.22812504646849,0.5276037853170272,-65.0745858991603,0.08325304815976367,-67.42162745318296,0.007963297626063058,-64.75817025604425,0.11423987287913648,-67.98814091272013,0.004519176238710864,-63.92666744605961,0.2623824561952169,L1,1.2064816433173868,0.5276037853170272,0.35815634180383626,shallow,0.4443507371572636,0.07528975053370061
05_12,15,OB,5,-75.99703247966502,1.1280101291595447e-07,-60.312990528629726,0.7308123413738726,-65.97741418902648,0.002533832684364576,-65.36231839026637,0.004687169350316377,-62.205818719546244,0.11009333664146162,-66.21997487116288,0.0019880860048843794,-61.897278098838775,0.1498851211440876,L1,0.8092125914308235,0.7308123413738726,0.15909432198466586,shallow,0.728278508689508,-0.002153336665951801
05_12,16,OB,5,-72.77047721994548,3.0052120552401388e-06,-60.22172094728561,0.8467022742345987,-66.40440674094626,0.0017483339973538446,-64.69833269285965,0.00962859561755427,-64.00854979257448,0.0191925135044992,-67.8776936718609,0.00040066740975278737,-62.1563918247886,0.12232461002418613,L1,0.5327608711448031,0.8467022742345987,0.13410521226090227,shallow,0.8449539402372448,-0.007880261620200425
05_13,1,OB,5,-72.20876068215843,1.104621218633291e-12,-44.67724264632623,0.9999994075409551,-76.31846092006879,1.8129809707469762e-14,-59.04336814601469,5.765947873257072e-07,-64.20683550569312,3.2991748281231223e-09,-68.11935480414952,6.595075753788534e-11,-62.87493851309138,1.2498009326200413e-08,L1,9.169335822052548e-06,0.9999994075409551,5.891598701604738e-07,shallow,0.999999407540937,-5.765947691958975e-07
05_13,2,OB,5,-74.76270373524122,9.570673620582566e-14,-44.785216049601964,0.9999999754859116,-79.67251192877043,7.057321469221716e-16,-62.38937451393924,2.262617332919073e-08,-68.33060906111452,5.947928376458839e-11,-71.33306563527665,2.954033444286058e-12,-64.90669077827319,1.8253852921916543e-09,L1,4.610400534983041e-07,0.9999999754859116,2.4454609067295025e-08,shallow,0.9999999754859109,-2.2626172623458583e-08
05_13,3,OB,5,-74.48437506088159,1.1305653036941385e-13,-44.67348665661199,0.9999999717344322,-79.67251192877043,6.311265350807247e-16,-62.09966032163662,2.7033913777751354e-08,-68.21887966812454,5.947928354145308e-11,-71.01193729596953,3.642136457370397e-12,-65.24110107184724,1.168418813627956e-09,L1,5.248946158880724e-07,0.9999999717344322,2.8206088415493586e-08,shallow,0.9999999717344316,-2.703391314662482e-08
05_13,4,OB,5,-74.7301833447018,1.0646054802493705e-13,-44.8591814544858,0.9999999707441454,-79.33308424185375,1.067024120839702e-15,-62.30760628630546,2.6439020703999433e-08,-67.38516851128,1.648496802507802e-10,-71.13397812593449,3.8815106289604625e-12,-64.60864436637806,2.647995386455941e-09,L1,5.466902116459639e-07,0.9999999707441454,2.909100512865648e-08,shallow,0.9999999707441443,-2.6439019636975313e-08
05_13,5,OB,5,-74.8302208090836,4.347282336383985e-14,-44.06358041800452,0.9999999887687149,-79.55688916009082,3.8499214080088776e-16,-62.445506069838636,1.039515855168505e-08,-67.60897342951706,5.947928455464046e-11,-71.35778304417155,1.4004848226007292e-12,-65.0414769540997,7.752027194261525e-10,L1,2.200164786907152e-07,0.9999999887687149,1.1171805613749307e-08,shallow,0.9999999887687145,-1.0395158166692908e-08
05_13,6,OB,5,-72.63639709993733,6.981985561732717e-13,-44.64612439979297,0.9999998319753469,-77.36306545094455,6.18319529411614e-15,-60.251682360692364,1.6695222740043512e-07,-66.10988530516362,4.768776898184059e-10,-69.16395933502528,2.249259204765028e-11,-65.92739316617751,5.72350852318415e-10,L1,2.796394484349395e-06,0.9999998319753469,1.6754777522655266e-07,shallow,0.9999998319753407,-1.6695222121723982e-07
05_13,7,OB,5,-73.85305524475753,2.116923874667181e-13,-44.66941312434313,0.9999999439366685,-78.24791129521913,2.612423064785466e-15,-61.468340505512565,5.061957705125016e-08,-67.0582014262742,1.8909182770380284e-10,-70.37744481710992,6.841379325629349e-12,-63.734906732461305,5.247607050366108e-09,L1,1.010881831703152e-06,0.9999999439366685,5.5874239785752424e-08,shallow,0.9999999439366658,-5.061957443882709e-08
05_13,8,OB,5,-73.85305524475753,2.116923874667181e-13,-44.66941312434313,0.9999999439366685,-78.24791129521913,2.612423064785466e-15,-61.468340505512565,5.061957705125016e-08,-67.0582014262742,1.8909182770380284e-10,-70.37744481710992,6.841379325629349e-12,-63.734906732461305,5.247607050366108e-09,L1,1.010881831703152e-06,0.9999999439366685,5.5874239785752424e-08,shallow,0.9999999439366658,-5.061957443882709e-08
05_13,9,OB,5,-74.85665504557281,8.712443428388468e-14,-44.785216049601964,0.9999999769649278,-77.99811753097111,3.765478295521705e-15,-62.6230257523214,1.7911735475664603e-08,-68.0236076125053,8.085274441631163e-11,-71.7547863546924,1.937601344668417e-12,-63.89098538733572,5.040455606827081e-09,L1,4.4077687251876834e-07,0.9999999769649278,2.2954219573748932e-08,shallow,0.999999976964924,-1.7911731710186306e-08
05_13,10,OB,5,-71.02645953611486,1.1762437278749997e-12,-43.55776455021558,0.9999999495679072,-75.76560119714891,1.0287604228767069e-14,-60.40100581929584,4.842540232339911e-08,-63.878511151762545,1.4955876177493286e-09,-67.58838196752541,3.6613010236555305e-11,-65.02904875841506,4.73303512081144e-10,L1,9.075391946806481e-07,0.9999999495679072,4.8936505377048916e-08,shallow,0.9999999495678968,-4.842539203579488e-08
05_13,11,OB,5,-74.88241329429631,8.612834275021873e-14,-44.79947548008741,0.9999999606535193,-75.95497545027789,2.946715889371262e-14,-62.70553281668838,1.6730082746788373e-08,-66.03386882737475,5.998188717921763e-10,-70.39326671616038,7.669334465622794e-12,-62.431299168841385,2.2008794177931724e-08,L1,7.399080672353733e-07,0.9999999606535193,3.874666185468736e-08,shallow,0.9999999606534898,-1.673005327962948e-08
05_13,12,OB,5,-70.75318410383045,4.631627254352098e-12,-44.655071356327284,0.9999998967489279,-75.60409835921918,3.622499277532172e-14,-61.48791564996342,4.893150387482756e-08,-64.42403362850887,2.596861139092225e-09,-67.75533413829119,9.282892014289985e-11,-61.434326960069136,5.162521056188611e-08,L1,1.846743687052743e-06,0.9999998967489279,1.006542112091037e-07,shallow,0.9999998967488917,-4.8931467649834786e-08
05_13,13,OB,5,-72.87341446093396,6.816684307381087e-13,-44.8591814544858,0.9999999792227832,-78.78755963726265,1.8411643885825042e-15,-62.81904289208161,1.5853723257502948e-08,-66.83964390668889,2.8445032761592636e-10,-70.58845352134338,6.6975984932022855e-12,-64.04953145711062,4.631662215720594e-09,L1,4.0083494200558883e-07,0.9999999792227832,2.049276658131187e-08,shallow,0.9999999792227813,-1.585372141633856e-08
05_13,14,OB,5,-72.20396780016443,1.0532590400076846e-12,-44.62483590941797,0.9999999796228831,-78.51514690845345,1.912603447588515e-15,-62.36758833864154,1.9697926715661897e-08,-68.17022892093051,5.947928401065292e-11,-71.27986531297445,2.6537976563632433e-12,-65.83260692781064,6.160019179961304e-10,L1,3.844368947604265e-07,0.9999999796228831,2.0317637602957846e-08,shallow,0.9999999796228812,-1.969792480305845e-08
05_13,15,OB,5,-72.45493517396683,8.822632305209369e-13,-44.69864925501768,0.9999999828213718,-77.9235012666004,3.720746670980261e-15,-62.84888495964764,1.3105475436563878e-08,-67.85958828201136,8.736389282733357e-11,-71.4545153826522,2.3992470791543323e-12,-64.04000435938168,3.982503793738119e-09,L1,3.3418535230854285e-07,0.9999999828213718,1.7091264461358344e-08,shallow,0.999999982821368,-1.3105471715817207e-08
05_13,16,OB,5,-74.93455310808437,8.352109353546811e-14,-44.820875949633454,0.9999999806859287,-77.28301243872072,7.977618126422143e-15,-62.84673771771659,1.484115477218677e-08,-65.81938638776155,7.593863390398552e-10,-69.56819600241604,1.7880326743652397e-11,-64.23701007777953,3.6955584863455108e-09,L1,3.7498338141348265e-07,0.9999999806859287,1.8554685083987597e-08,shallow,0.9999999806859207,-1.4841146794568644e-08
05_14,1,OB,5,-77.89552512363554,0.9964895335012102,-89.25914681722352,1.1569498804542284e-05,-83.57345255223309,0.003408632579319077,-93.05914753213337,2.5881843321468465e-07,-87.79041049831712,5.0254924424645194e-05,-88.03079385026338,3.9516771972736053e-05,-93.16035569561994,2.3390583558009286e-07,E,0.023907357446165317,0.9964895335012102,0.9999381755767709,deep,-0.003397063080514535,0.0034083737608858623
05_14,2,OB,5,-75.4031925631209,0.9925424588459805,-89.36712022049926,8.556425369697811e-07,-80.3285277585381,0.007206148326925788,-90.29139690666102,3.3953465071902886e-07,-83.90807370524257,0.00020096764565268827,-85.32483521159352,4.8734267228989647e-05,-89.91292731888444,4.957370244791252e-07,E,0.04519510974848946,0.9925424588459805,0.9997981767118104,deep,-0.0072052926843888185,0.0072058087922750695
05_14,3,OB,5,-74.25147003256171,0.9976432846821801,-90.32287220730875,1.0453314158268381e-07,-80.3285277585381,0.002289510538932735,-89.17681073905882,3.2883813331975947e-07,-84.86382569205206,2.4552051176592015e-05,-84.32440053968675,4.210727607318803e-05,-90.2531602381665,1.1208036230710185e-07,E,0.016966064707123772,0.9976432846821801,0.9999753434156817,deep,-0.002289406005791152,0.0022891817007994154
05_14,4,OB,5,-77.89380997938018,0.9978540999249718,-92.64352976478146,3.9205331795295604e-07,-84.06493806721934,0.0020843957087923353,-93.12094153302576,2.4322479000487006e-07,-88.10595253080545,3.664290423503089e-05,-88.52227936524963,2.4164701829421156e-05,-94.49618212552683,6.148206369147137e-08,E,0.01565282211819629,0.9978540999249718,0.9999629650424472,deep,-0.0020840036554743823,0.0020841524840023305
05_14,5,OB,5,-77.79975992016209,0.9962663225274895,-92.91541010809964,2.71476338337406e-07,-83.41534912925685,0.0036270708887467433,-92.72510062665921,3.2838426601913474e-07,-87.45636359284296,6.376256229534224e-05,-87.87269042728714,4.2049158982158876e-05,-93.24627588363734,1.9500188173233572e-07,E,0.025160110125676618,0.9962663225274895,0.9999359659613661,deep,-0.003626799412408406,0.003626742504480724
05_14,6,OB,5,-74.01441851749664,0.9962620225260098,-88.87867102821043,3.490685583110753e-07,-79.6300077265914,0.0036270552338863557,-88.93975922399375,3.2838284867440153e-07,-83.60881643293071,6.785463262225344e-05,-84.08734902462167,4.2048977493092e-05,-88.9015333346978,3.411785811453711e-07,E,0.0252027832103154,0.9962620225260098,0.9999317962988191,deep,-0.0036267061653280446,0.003626726851037681
05_14,7,OB,5,-76.82259435583602,0.9948682869985233,-93.52124281443825,5.5671728618584307e-08,-82.10637126438516,0.005047199045558439,-91.74793506233314,3.2792345261947714e-07,-86.90559158960008,4.156956956458014e-05,-86.8923522002255,4.2123584600211796e-05,-91.46030947870717,4.372065721758292e-07,E,0.032668743100025266,0.9948682869985233,0.9999583747587066,deep,-0.00504714337382982,0.005046871122105819
05_14,8,OB,5,-76.82259435583602,0.9948682869985233,-93.52124281443825,5.5671728618584307e-08,-82.10637126438516,0.005047199045558439,-91.74793506233314,3.2792345261947714e-07,-86.90559158960008,4.156956956458014e-05,-86.8923522002255,4.2123584600211796e-05,-91.46030947870717,4.372065721758292e-07,E,0.032668743100025266,0.9948682869985233,0.9999583747587066,deep,-0.00504714337382982,0.005046871122105819
05_14,9,OB,5,-74.23557497005312,0.9924141568273028,-88.59077012609966,5.785100499299037e-07,-79.13935216973853,0.007362233248911284,-88.58417290904417,5.823392233540122e-07,-83.11585344763361,0.00013805019050699624,-83.61159317141035,8.408915412100987e-05,-89.21552546665082,3.097298848117918e-07,E,0.0457531592574137,0.9924141568273028,0.9998613712994434,deep,-0.0073616547388613545,0.00736165090968793
05_14,10,OB,5,-78.55705545179102,0.9786322988023803,-91.73028790771104,1.8601903226286158e-06,-82.43833025851352,0.02018381764566777,-89.03085642551726,2.7663401350244613e-05,-85.66677655108745,0.000799662819428613,-86.56820090035973,0.0003246558875425236,-88.94839516686687,3.0041253307935895e-05,E,0.10885089819518194,0.9786322988023803,0.9991984769902489,deep,-0.02018195745534514,0.020156154244317524
05_14,11,OB,5,-74.63009951361644,0.9932873229577893,-88.93497834670492,6.088985659507496e-07,-79.662047151036,0.006482280212867139,-88.88017624937105,6.431987617984045e-07,-83.52891820466984,0.00013563352215917678,-83.9036992339495,9.323988019321234e-05,-89.74329548981947,2.71329663578989e-07,E,0.04144742695510814,0.9932873229577893,0.999863757579275,deep,-0.006481671314301188,0.00648163701410534
05_14,12,OB,5,-77.507429925107,0.9821394480854805,-88.7905742229448,1.2358502448663043e-05,-81.73338235450404,0.014350443864282563,-88.71645433579354,1.3309315062686988e-05,-83.64258021537108,0.00212672452018883,-84.09556275016686,0.0013520209558278734,-89.5653726306388,5.694756709012943e-06,E,0.10097863211071768,0.9821394480854805,0.9978609169773626,deep,-0.0143380853618339,0.014337134549219876
05_14,13,OB,5,-79.04539771141081,0.9663573395866895,-90.50856700518254,1.01565586353229e-05,-82.4325233304688,0.032668393913529804,-90.64343027536344,8.875160303779964e-06,-86.47353779405489,0.00057429826046769,-86.88986462849907,0.0003787294297510879,-92.03501148498036,2.2070906228355214e-06,E,0.1523584787877707,0.9663573395866895,0.9994155451808969,deep,-0.03265823735489448,0.03265951875322602
05_14,14,OB,5,-73.71785048424367,0.9984468569733047,-89.1096963185153,2.0641024154627728e-07,-80.23864411802057,0.0014702130096276296,-88.86247618526404,2.643002547621049e-07,-83.65064980325863,4.8480268908863835e-05,-84.01006598589197,3.3843288432306496e-05,-89.52875268412257,1.3574923000779812e-07,E,0.01198049931779675,0.9984468569733047,0.9999513133208493,deep,-0.0014700065993860833,0.0014699487093728675
05_14,15,OB,5,-76.27845938888488,0.9914155981825822,-89.20291841647501,2.4167654865418875e-06,-81.14147240788675,0.00766083357743639,-89.02546926756631,2.8860223922790168e-06,-83.76700171625926,0.000554655261643626,-84.19247955651372,0.0003624436196892287,-89.93128000760849,1.1665707698901109e-06,E,0.05298208949599517,0.9914155981825822,0.9994429279728699,deep,-0.007658416811949848,0.007657947555044111
05_14,16,OB,5,-75.01218811752433,0.9987979726069726,-89.32514511109079,6.073505234304113e-07,-81.78196123576643,0.0011465751979807565,-89.21546867399915,6.777527392578238e-07,-85.3465321371476,3.2458546663534826e-05,-85.76285897159178,2.1405265721018545e-05,-90.0195967127904,3.032793995258651e-07,E,0.009553233846735443,0.9987979726069726,0.9999669341028131,deep,-0.001145967847457326,0.0011458974452414987
05_15,1,OB,5,-85.46493854403168,2.1498933794587155e-06,-75.42070638455057,0.049496161962598303,-80.33607265858674,0.00036295691487114884,-72.50333790766784,0.9153107337415852,-79.62126662999728,0.0007418077881541135,-77.61605733389268,0.0055098873654695355,-75.97002373037671,0.02857630233394225,L3,0.36827673087394436,0.9153107337415852,0.9497620302492477,deep,0.049133205047727155,-0.914947776826714
05_15,2,OB,5,-85.82569258043559,3.0595253157252903e-06,-74.30592838914693,0.30805202796052433,-80.1383219854102,0.0009029167652597794,-73.60763337801352,0.6192838326704926,-79.61097593274077,0.0015299287214993217,-78.44249162474104,0.00492195325645382,-75.8571088597796,0.0653062811004545,L3,0.8801233318114619,0.6192838326704926,0.6904180433179764,deep,0.30714911119526456,-0.6183809159052328
05_15,3,OB,5,-84.40224751683654,4.255243592066313e-06,-74.01952022491704,0.13743128156635895,-79.86659945237034,0.00039694592934268484,-72.22132467737147,0.8299119155361667,-79.32456776851089,0.0006825472511668609,-77.1703344197944,0.005884429689709215,-75.69659596817392,0.025688624783663537,L3,0.5598959609039533,0.8299119155361667,0.8618861711824742,deep,0.13703433563701625,-0.829514969606824
05_15,4,OB,5,-87.98636120657504,2.181124371562206e-06,-75.60264519271014,0.5210266778315787,-83.35069598037171,0.0002248662400623036,-75.7675760479586,0.4418057872905193,-82.79959963558416,0.00039017762400317966,-80.63068065567765,0.0034135942980443607,-78.35780453819504,0.03313671559142062,L1,0.8378594207251822,0.5210266778315787,0.47858314454441814,shallow,0.5208018115915164,-0.441580921050457
05_15,5,OB,5,-88.15432930421682,4.28224317634351e-06,-77.78628764348734,0.13628705510857467,-83.64243153186874,0.0003900889348750858,-75.97340646475175,0.83517771906101,-83.09133518708119,0.0006768644938311815,-80.92241620717468,0.0059217664841589536,-79.63103610310428,0.02154222367437397,L3,0.5431449692160311,0.83517771906101,0.8630360803975944,deep,0.1358969661736996,-0.8347876301261349
05_15,6,OB,5,-84.39810103009134,4.451826598993009e-06,-74.28328925349787,0.10998796835869731,-79.88620325774326,0.0004055370572702041,-72.21717819062627,0.8682520425607567,-79.39905804604885,0.0006600776421244678,-77.1661879330492,0.0061562775539792,-76.30719392830022,0.014533645000573036,L3,0.466335806971314,0.8682520425607567,0.8893519539991781,deep,0.10958243130142711,-0.8678465055034865
05_15,7,OB,5,-87.2450943731507,4.166659235662873e-06,-76.90735079428671,0.12865094343916159,-82.401384300257,0.0005289133638953984,-75.06417153368564,0.8126350637370392,-81.05579362829906,0.0020312676129867068,-80.010008613373,0.005780239125331899,-77.84506969817411,0.050369406062349555,L3,0.6293622985167492,0.8126350637370392,0.8693177889478517,deep,0.12812203007526618,-0.8121061503731438
05_15,8,OB,5,-87.0510068495508,2.351317711936605e-06,-74.7723880346878,0.505647322601942,-82.2072967766571,0.00029847493885814966,-74.87008401008573,0.45858399034680086,-79.66806783455976,0.0037816470244969474,-79.8159210897731,0.0032618886896949766,-77.65098217457421,0.02842432508049528,L1,0.8457529306993942,0.505647322601942,0.4905710303735612,shallow,0.5053488476630839,-0.4582855154079427
05_15,9,OB,5,-87.33648281304644,5.314871704431081e-06,-77.66364254742521,0.0844022330969674,-83.37434193468837,0.0002794014821211516,-75.30664541957493,0.8912197121574905,-83.19542933230957,0.00033414076418403606,-80.47513879003596,0.005073838425908221,-79.17149612035593,0.018685359201624355,L3,0.4174943639417163,0.8912197121574905,0.9152636261388487,deep,0.08412283161484625,-0.8909403106753694
05_15,10,OB,5,-84.57376868338795,2.735983302783011e-05,-77.5036724278383,0.03218231141006013,-80.07434422106672,0.002461436624759273,-74.15210686634883,0.9187210391427554,-79.58407356146655,0.004018930541927023,-77.37621578266842,0.03655703382850402,-79.17802922884785,0.0060318886189663955,L3,0.3775065839096869,0.9187210391427554,0.9637987580480128,deep,0.029720874785300857,-0.9162596025179961
05_15,11,OB,5,-85.67367960645082,2.226036956449208e-06,-74.68895411447218,0.13126170361423725,-84.32014771743363,8.61715293288765e-06,-72.81749279624323,0.8529103020659339,-82.01697639582662,8.622206035491149e-05,-79.26306654467585,0.0013540236453748276,-76.90052405321401,0.014376905424209737,L3,0.4731018441442367,0.8529103020659339,0.8686520743254078,deep,0.13125308646130437,-0.852901684913001
05_15,12,OB,5,-84.42665014144349,0.00019749053066505452,-77.21325344021069,0.2680924971122091,-80.03899827347692,0.015888367316910044,-76.6267424907557,0.48195126977976005,-81.51732183195216,0.0036228596324400925,-78.93089374717349,0.0481197046101944,-77.59987680070489,0.18212781101782116,L3,1.2487348182716025,0.48195126977976005,0.7282846432553507,deep,0.25220412979529905,-0.46606290246285
05_15,13,OB,5,-87.06121243608673,2.3844522184095342e-05,-78.16460050422883,0.17423608083409647,-83.73679148906012,0.0006624701234506733,-76.67689207711454,0.7713325419790553,-83.18569514427257,0.0011494878851954814,-81.01677616436606,0.010056664065754804,-79.5745924698667,0.04253891059026323,L3,0.6981643177571097,0.7713325419790553,0.8246144312807081,deep,0.1735736107106458,-0.7706700718556047
05_15,14,OB,5,-85.11078811955787,5.915317885754142e-05,-77.930254959161,0.07770411473807673,-83.46437876025092,0.0003069054410691176,-75.47820055781486,0.9023140354299986,-83.23530250275485,0.00038591454081158194,-80.42721030023779,0.006397791621169016,-79.73121449279955,0.012832085050017452,L3,0.3855795292282265,0.9023140354299986,0.9219099707211117,deep,0.07739720929700761,-0.9020071299889294
05_15,15,OB,5,-85.78874804528004,6.584124461702413e-05,-78.43106085668049,0.10325259549262789,-82.01874801455831,0.0028561975481070077,-76.38648973074075,0.7977134880172795,-83.35165441575548,0.0007532069992131678,-81.02885292183534,0.007685890953118459,-78.59462775413826,0.08767277974503694,L3,0.6883394643017491,0.7977134880172795,0.8959941975081589,deep,0.10039639794452088,-0.7948572904691725
05_15,16,OB,5,-88.05486970343769,5.774255803459953e-06,-78.33979127533638,0.09565352344122574,-82.01874801455831,0.0024151847683212186,-76.1708462128498,0.836877408582107,-81.95194134938534,0.002582046903871077,-79.78302236947883,0.02258986688653775,-79.21474427398391,0.03987619516213381,L3,0.6176420170877979,0.836877408582107,0.9017644296549032,deep,0.09323833867290453,-0.8344622238137858
05_16,1,OB,5,-68.90927278096011,0.0053960570427946854,-67.5213441740346,0.021619530944382508,-63.737707640323194,0.9507333652809112,-72.60426341993978,0.00013407953244634713,-67.86732620078726,0.01529636303138149,-68.70744000065721,0.006602849444674371,-72.11932726215467,0.0002177547234092568,L2,0.2592246365201808,0.9507333652809112,0.9630841060242359,deep,-0.9291138343365287,0.9505992857484649
05_16,2,OB,5,-70.92947514414317,0.013208820360760248,-67.0955768874106,0.6108082452305511,-67.62549933892457,0.3595526503457957,-75.4165290979646,0.0001486487500527581,-71.45735906630892,0.0077912467610363936,-71.38741014188463,0.008355749107786758,-75.51551481824379,0.00013463944401704444,L1,0.8063642600028142,0.6108082452305511,0.3814005080084125,shallow,0.2512555948847554,0.35940400159574293
05_16,3,OB,5,-71.718627849583,0.005652751422154365,-66.98384749442063,0.6435004711206755,-67.62549933892457,0.33875289377079487,-76.19429628546145,6.43430707183443e-05,-71.34562967331895,0.008208256847371035,-72.13376318237697,0.003732234332981474,-75.86933386417783,8.90494353043449e-05,L1,0.7413656720100468,0.6435004711206755,0.3482912720319534,shallow,0.30474757734988067,0.33868855070007653
05_16,4,OB,5,-71.15897291046362,0.0013510154700481737,-64.71433511875568,0.8502192874381879,-66.48060842906831,0.14536109994804247,-75.59677902719069,1.597149661488606e-05,-70.77393667333429,0.001985543632369104,-71.45034078940233,0.0010095337905655587,-74.3149614216091,5.7548224172181034e-05,L1,0.4472733506302721,0.8502192874381879,0.14779516892944328,shallow,0.7048581874901454,0.14534512845142758
05_16,5,OB,5,-71.53073290788528,0.0050033614631658785,-66.90768194571288,0.5093630081074298,-66.97613588034523,0.4756617568184094,-76.00640134376373,5.695131740486596e-05,-71.2694641246112,0.006497248388667084,-71.94586824067925,0.0033034740144344123,-75.31064782777048,0.00011419989048851596,L1,0.7767469530434473,0.5093630081074298,0.48413974350390304,shallow,0.03370125128902046,0.47560480550100454
05_16,6,OB,5,-69.33690919873901,0.009638642046573009,-67.49022592750133,0.061097045105711636,-64.78231217119897,0.9163306395048357,-73.81257763461745,0.00010971291332586,-69.77037600025776,0.0062483250175773,-69.75204453153299,0.006363922288984692,-73.15521254503783,0.0002117131229920132,L2,0.3622811027757034,0.9163306395048357,0.9326546298767113,deep,-0.855233594399124,0.9162209265915099
05_16,7,OB,5,-70.3788885723193,0.003861168677915177,-65.59204816841248,0.46303854810111117,-65.49247924423362,0.5115161875153309,-74.85455700819774,4.395018120288534e-05,-68.79722563772931,0.01877700228949576,-70.7908512423777,0.0025574412166646547,-73.31118514688042,0.00020570201827939825,L2,0.8129708418025786,0.5115161875153309,0.518184449609393,deep,-0.04847763941421973,0.511472237334128
05_16,8,OB,5,-70.55356734355921,0.006413108144259599,-67.5135146520515,0.13407465005803978,-65.66715801547353,0.8495895677488072,-75.02923577943766,7.299791553424101e-05,-70.71869212136833,0.005436955565421778,-70.96553001361761,0.00424771577291283,-74.21369213161996,0.00016500479502451048,L2,0.4939531750246527,0.8495895677488072,0.8604883943765383,deep,-0.7155149176907675,0.849516569833273
05_16,9,OB,5,-68.69437617127595,0.003729115462397812,-63.31087017721253,0.8121435076850042,-64.88362356132579,0.16849796524717678,-72.59330183964832,7.556556384339507e-05,-67.65678219290149,0.010525122752643092,-68.41259919830209,0.004942879405785121,-72.46577217997935,8.584388314960733e-05,L1,0.5656054946065839,0.8121435076850042,0.1773313695623527,shallow,0.6436455424378275,0.1684223996833334
05_16,10,OB,5,-70.68680636981503,0.006754916510265289,-65.86812538802423,0.8362700551795264,-67.60033907930107,0.1479298096513938,-73.4281604033212,0.0004355771168162403,-71.08109915255488,0.004553871857981479,-72.24260078345102,0.00142543381362568,-71.6299654360477,0.002630335870391187,L1,0.5188736750057534,0.8362700551795264,0.1591760729624922,shallow,0.6883402455281326,0.14749423253457755
05_16,11,OB,5,-68.77836067707942,0.004235016127095939,-63.34453836005796,0.9699159838603544,-67.15310625502238,0.021512659121390297,-72.57876514221536,9.470226807340167e-05,-69.43816399131703,0.0021893042995245076,-69.52957723614081,0.0019980477464967812,-73.13522609537593,5.428657706456207e-05,L1,0.1625953827493155,0.9699159838603544,0.027894711840120982,shallow,0.948403324738964,0.021417956853316895
05_16,12,OB,5,-70.70466222293048,0.0004378036415240154,-62.986637960337944,0.9844070561331312,-67.53588000317129,0.010410318144706832,-72.20154695267796,9.799199317986983e-05,-68.63961464109873,0.0034523764005799235,-69.73114512853817,0.0011589707401238832,-73.21738051781912,3.5482946754244646e-05,L1,0.09505272259117063,0.9844070561331312,0.012140567466288846,shallow,0.9739967379884243,0.010312326151526961
05_16,13,OB,5,-72.776370699134,0.00020707965024258868,-64.50083884279579,0.8131211223177688,-65.99331008155717,0.182802958205107,-73.92473099246796,6.567663362881452e-05,-70.28663832582315,0.0024969764935193965,-70.96304244189119,0.001269567741227623,-74.50890810390929,3.6618958505904985e-05,L1,0.5050536754314229,0.8131211223177688,0.18438190118871192,shallow,0.6303181641126618,0.1827372815714782
05_16,14,OB,5,-68.90447989896612,0.0403181974788563,-67.46893743712633,0.1694139925096825,-65.93439362870787,0.7859468644290932,-75.92848361256662,3.5893437622699475e-05,-71.83071961602465,0.00216098297742705,-71.86795050948216,0.00208200694695743,-75.76988813612557,4.2062220360849764e-05,L2,0.6464558011009465,0.7859468644290932,0.8284250245128905,deep,-0.6165328719194108,0.7859109709914706
05_16,15,OB,5,-69.15544727276851,0.019439695957517225,-67.54275078272605,0.09751572518103901,-65.3427479868548,0.8800831967618459,-76.40978023357273,1.3745884593784429e-05,-71.5200789771055,0.001827018593714268,-72.04260057915991,0.0010834645814828008,-75.41547411757189,3.7153039807185605e-05,L2,0.43546292724574925,0.8800831967618459,0.900657256225247,deep,-0.7825674715808069,0.8800694508772521
05_16,16,OB,5,-71.63506520688605,0.0009154095283723262,-67.66497747734182,0.04850679967974483,-64.70225915897512,0.9386308829871106,-76.40763299164169,7.74311260708542e-06,-69.4798770828557,0.007899538832885095,-70.15628119892374,0.004016457383093069,-75.3116441743899,2.3168476186748682e-05,L2,0.27337457832788276,0.9386308829871106,0.9435936614873699,deep,-0.8901240833073658,0.9386231398745035
05_17,1,OB,5,-73.17919830015794,3.9638922472797026e-08,-67.90951922123439,7.703966500865217e-06,-56.67680353175879,0.582131132951537,-67.19698501244655,1.5709561425787375e-05,-60.507527305879016,0.012628699508106276,-61.52814250269687,0.004551044494111668,-57.05037192985834,0.40066566987939595,L2,0.7614437517451682,0.582131132951537,0.987363596525393,deep,-0.5821234289850361,0.5821154233901111
05_17,2,OB,5,-75.25762692042098,3.300228750788166e-08,-69.61871469420932,9.27881481475054e-06,-59.30302632696082,0.28024575453284933,-69.04851744865185,1.6410659123671828e-05,-63.13682692958116,0.006060948526516134,-63.5870325684046,0.003863836769488686,-58.37370473390052,0.7098037376949199,S,0.6524977685097006,0.7098037376949199,0.9939297726586692,deep,-0.28023647571803456,0.28022934387372567
05_17,3,OB,5,-75.72653521192096,3.032639973042829e-08,-69.18674088727951,2.099024187402271e-05,-59.62327074090065,0.2987994236757436,-69.50604022220885,1.5252727234823033e-05,-62.70485312265135,0.01371088636830354,-64.0131411949571,0.0037058107858879232,-58.795454413094525,0.6837476058745563,S,0.7008365445208973,0.6837476058745563,0.9862681233898223,deep,-0.29877843343386956,0.29878417094850873
05_17,4,OB,5,-75.4968290629214,3.562148460187896e-08,-69.26568754717337,1.810766252561682e-05,-59.196503668364024,0.4274185707564582,-69.28699363495791,1.7725940024942615e-05,-62.85128395998632,0.011056113145729825,-64.0478426393021,0.003341516752865711,-58.929643425844944,0.558147930120911,S,0.7580242628351227,0.558147930120911,0.9889257791917445,deep,-0.4274004630939326,0.4274008448164333
05_17,5,OB,5,-75.53864027022324,1.982195132820024e-08,-69.11057533857176,1.2269292906220817e-05,-58.973907282321306,0.30982648236893906,-69.31814528051113,9.969492572757385e-06,-62.62868757394361,0.00801433741765577,-63.82524625325939,0.002422193260075187,-58.1882464957872,0.6797147283458996,S,0.678987012316258,0.6797147283458996,0.9919733932894379,deep,-0.30981421307603285,0.3098165128763663
05_17,6,OB,5,-76.12026814855555,1.1945055406265883e-08,-66.91766773288163,0.00011852958073829537,-59.555535160653626,0.1867068704260328,-69.89977315884346,6.007791018259658e-06,-62.51732524332945,0.00965764438957886,-64.4068741315917,0.0014596561265448698,-58.0979024641575,0.8020512797410315,S,0.545739436611857,0.8020512797410315,0.9902238260296828,deep,-0.1865883408452945,0.18670086263501454
05_17,7,OB,5,-74.5032484488172,5.739160242842915e-09,-69.0759192170307,1.3058926804935366e-06,-57.60670316036964,0.12500423677847583,-68.2827534591051,2.8865228487109784e-06,-61.43742674282105,0.002711830989158284,-62.78668176911778,0.0007035396958508125,-55.664747501177416,0.8715761943818258,S,0.4009238116265223,0.8715761943818258,0.9972868631181614,deep,-0.12500293088579534,0.12500135025562711
05_17,8,OB,5,-74.79437973421705,7.795126729515393e-08,-67.15445273339168,0.0001621068320541216,-59.56698714872864,0.31988638334186315,-68.57388474450494,3.920575565284792e-05,-62.01386668791276,0.027690415472854096,-63.23308307339755,0.008181454577546418,-58.86719164057578,0.6440403560687621,S,0.7884262476116289,0.6440403560687621,0.9721474776950918,deep,-0.319724276509809,0.3198471775862103
05_17,9,OB,5,-74.07060057499321,8.712314976898802e-08,-68.33773703844997,2.6908195076765682e-05,-58.90960958492084,0.33455559346300195,-68.00119103127466,3.7674252255425314e-05,-62.082588515112334,0.014010739382016645,-62.72777563206099,0.0073495347897661635,-58.25468370199459,0.6440194627947333,S,0.7462822575881496,0.6440194627947333,0.9859623524229066,deep,-0.3345286852679252,0.33451791921074653
05_17,10,OB,5,-71.76399212579447,5.1148589282608276e-08,-68.57564634224283,1.2402654342384821e-06,-55.21173244791938,0.7895664772970465,-67.59388944390817,3.3104439852614286e-06,-58.92733842472907,0.01921859029484939,-60.08495830515323,0.006039119207176693,-56.66193561602333,0.1851712113429184,L2,0.605704237095906,0.7895664772970465,0.9807801694397161,deep,-0.7895652370316123,0.7895631668530613
05_17,11,OB,5,-72.86390304885734,9.823086846666759e-08,-66.11028557135656,8.41989715936423e-05,-59.10817840180647,0.09253015560121342,-65.96814408840272,9.705949978299462e-05,-61.651372544488986,0.007274248110493955,-62.26294035256052,0.00394627717493907,-56.83769673869223,0.8960679624111084,S,0.37792094009733135,0.8960679624111084,0.9926415529179123,deep,-0.09244595662961977,0.09243309610143043
05_17,12,OB,5,-72.47085868768957,1.2195257581487603e-07,-65.39332325297671,0.00014451920453279867,-57.291940507568505,0.4767727052866259,-66.71663353574475,3.84785952554154e-05,-62.240548988009984,0.0033818787154398884,-63.852234038697176,0.0006748575397275083,-57.207100696063286,0.5189874387058427,S,0.7193827767098457,0.5189874387058427,0.9964736020800273,deep,-0.4766281860820931,0.4767342266913705
05_17,13,OB,5,-74.43581902591316,8.464275082623165e-08,-69.05219127121347,1.843612294550477e-05,-59.0585628633327,0.4035034639808484,-69.58493396477417,1.082187176902143e-05,-62.713343154955,0.01043749677177257,-63.909901834270784,0.0031545507775786736,-58.69077493051735,0.582875145832335,S,0.7469457744909747,0.582875145832335,0.989544067105282,deep,-0.4034850278579029,0.40349264210907937
05_17,14,OB,5,-71.79638400060465,5.489036318246211e-07,-68.07060876028602,2.2781364458119562e-05,-59.53338710038312,0.11621120104899271,-67.63900547961485,3.5077017154737445e-05,-61.58872099565787,0.014880852792208464,-62.14610645236311,0.008522330892538838,-57.53148354344287,0.8603272079810154,S,0.48339106850856606,0.8603272079810154,0.9850963658433335,deep,-0.1161884196845346,0.11617612403183797
05_17,15,OB,5,-74.65782856682571,5.400378551082191e-08,-68.25117024386567,3.271904061140691e-05,-58.83499332055012,0.4019705529109966,-68.67539241811667,2.1407364875605533e-05,-62.13206546057828,0.014869419099489514,-63.47363641222427,0.0038873812981322473,-58.46969243206452,0.5792184662821092,S,0.7673647457879736,0.5792184662821092,0.9850978618598991,deep,-0.4019378338703852,0.401949145546121
05_17,16,OB,5,-73.29451353366521,1.1267538357088509e-07,-67.51941183464189,3.630143938033959e-05,-59.04848959651001,0.17330002690721924,-67.37091789283029,4.211278324602891e-05,-63.1875595677469,0.0027619981377535337,-64.38411824706267,0.0008347656112991258,-57.490527757446976,0.8230246824457182,S,0.48703557446936296,0.8230246824457182,0.9972017004228663,deep,-0.1732637254678389,0.1732579141239732
05_18,1,OB,5,-62.116209454963574,0.003199222953505642,-73.73214492923142,2.8860764327960953e-08,-62.45672998456385,0.0022759269584703874,-64.05276713012815,0.0004613262794146768,-62.54544630367798,0.0020827124456519446,-56.3848231272995,0.9866291960505049,-61.60172435827602,0.005351586451688035,D2,0.08990362647421951,0.9866291960505049,0.9979172586935835,deep,-0.0022758980977060595,0.0018146006790557105
05_18,2,OB,5,-63.554149247346935,0.003044317743488534,-76.50882178200581,7.200243474801251e-09,-61.8805086403675,0.01623090961218212,-65.26381073845377,0.000550799360582316,-62.39929433990154,0.009661333918908832,-57.80322436512755,0.95738125749919,-62.092421686074616,0.013131374665404715,D2,0.23207589853328983,0.95738125749919,0.9903386588808477,deep,-0.016230902411938645,0.015680110251599804
05_18,3,OB,5,-63.2758205729873,0.0029490815828543205,-76.39709238901584,5.90460488793641e-09,-62.947990020166955,0.004093188893620504,-64.97409654615116,0.0005396782344603288,-62.287564946911566,0.007922837565315746,-57.48209602582043,0.9679866938893544,-61.55343812344912,0.016508513929789755,D2,0.1813241794492445,0.9679866938893544,0.9920771565300794,deep,-0.004093182989015616,0.0035535106591601754
05_18,4,OB,5,-62.648235000607954,0.005237419842498897,-76.58278718688963,4.6496286317906844e-09,-63.48195618944984,0.0022752906255864864,-64.64830182092027,0.0007087603366442679,-63.394729026066045,0.002482670896716131,-57.41004933218549,0.9863533415907089,-63.224800323110756,0.002942512058216768,D2,0.09208880069883663,0.9863533415907089,0.9975173244536553,deep,-0.0022752859759578546,0.0015665302889422185
05_18,5,OB,5,-62.554184941389856,0.002999719921104287,-76.85466753020782,1.846970803976128e-09,-62.83236725148734,0.0022712642495314973,-64.25246091455372,0.000548944986910183,-62.745140088103554,0.002478277538549669,-56.76046039422299,0.9846078812826152,-61.69346717200141,0.007093910174318466,D2,0.1006210005228637,0.9846078812826152,0.9975217206144796,deep,-0.002271262402560693,0.0017223192626213144
05_18,6,OB,5,-63.135812819722176,0.002735608677683447,-74.66175992451768,2.7002174924981725e-08,-63.41399512981966,0.0020712901049919517,-64.83408879288604,0.0005006129602958111,-62.6337777574894,0.004519444213195133,-57.34208827255531,0.8979177839912056,-59.61760777394473,0.09225523305045312,D2,0.3736979507460967,0.8979177839912056,0.9954805287846299,deep,-0.002071263102817027,0.0015706771446961406
05_18,7,OB,5,-61.80992440538367,0.003517193444392321,-74.89854492502774,7.275797237542915e-09,-63.42544711789468,0.0006991714010531987,-63.50820037854753,0.0006436419932770831,-62.130319202072705,0.0025529985184981536,-56.168297214361154,0.9915709916733016,-63.05171864938965,0.0010159956936804592,D2,0.060320385165695586,0.9915709916733016,0.9974469942057047,deep,-0.0006991641252559612,5.5529407776115625e-05
05_18,8,OB,5,-61.3441143487439,0.0029138007705255082,-74.89854492502774,3.783079336800822e-09,-61.290484358295764,0.0030743341035783457,-63.04239032190776,0.0005332218900110473,-59.632412773341976,0.01613772842642788,-55.54721713884147,0.9594455308582348,-59.52903009605144,0.017895380168143092,D2,0.21712595720185401,0.9594455308582348,0.9838622677904928,deep,-0.003074330320499009,0.0025411122135672983
05_18,9,OB,5,-63.11435986777879,0.0033746545494008186,-77.04256247190554,3.0150032773401554e-09,-60.73985493246791,0.036262998584374775,-64.9637212869362,0.0005309600713290365,-62.626033581192054,0.005499291413004498,-57.477708118683665,0.9466644608986775,-62.29364506810853,0.007667631468209994,D2,0.261341349076606,0.9466644608986775,0.9945007055719921,deep,-0.0362629955693715,0.03573203851304574
05_18,10,OB,5,-60.109036333620416,0.016947384437746692,-75.96067661521907,2.2121917979331943e-09,-61.855348380744,0.00295589494932884,-63.27544204381037,0.0007144143243578605,-62.55677511604722,0.0014657612455306586,-56.09645969517526,0.9370064350276547,-59.22777267801402,0.04091010780318935,D2,0.2927909213710138,0.9370064350276547,0.9985342365422774,deep,-0.0029558927371370423,0.0022414806249709796
05_18,11,OB,5,-59.78240395822401,0.003478177560069031,-73.2721151921929,4.8177537428017186e-09,-62.7958413502046,0.00017085689827942227,-60.805415960645355,0.0012504412194042321,-60.70034367884947,0.0013889787242666598,-54.13067311372466,0.9905291660371631,-59.87128473255869,0.0031823747430637234,D2,0.06639457054127679,0.9905291660371631,0.9986110164579796,deep,-0.00017085208052567948,-0.0010795843211248099
05_18,12,OB,5,-60.340388462695756,0.011818665760987248,-73.05978043517281,3.5367690700719695e-08,-62.0043855805741,0.0022382247021320084,-60.79696406594777,0.007486523387696242,-61.50301639833037,0.003695264703727514,-55.93346307582121,0.9693303891959058,-61.11796429660129,0.005430896881860683,D2,0.1819706181271939,0.9693303891959058,0.996304699928582,deep,-0.002238189334441308,-0.005248298685564234
05_18,13,OB,5,-63.79982273263858,0.0003239873457129864,-74.44782442729073,7.694132634840025e-09,-61.84954145269928,0.0022778464554923617,-62.170790563257945,0.0016519912012862748,-61.76231428931548,0.002485459676511081,-55.777634595434925,0.9874613105419492,-60.915017950972214,0.005799397084915319,D2,0.08427790829707485,0.9874613105419492,0.9975145326293561,deep,-0.002277838761359727,0.000625855254206087
05_18,14,OB,5,-62.062894692069605,0.0018640929556053476,-75.28096026202235,3.3879315465875875e-09,-59.65566224025106,0.020697378209949314,-63.32055807951705,0.0005299944185440059,-61.17143281991808,0.004545948769724234,-55.82855755918632,0.9506174461514902,-59.60627917072581,0.021745136106755346,D2,0.2518822713548019,0.9506174461514902,0.9954540478423441,deep,-0.020697374822017767,0.020167383791405306
05_18,15,OB,5,-61.03288441011265,0.01801881914351337,-76.63575126338141,3.0163890114421527e-09,-62.05296446183648,0.0064969748961868305,-64.25019688003893,0.0007218804393861668,-62.88900680261789,0.002815934919909298,-57.04933938106755,0.9677383476765911,-62.48730417058247,0.004208039908024214,D2,0.18160624772007303,0.9677383476765911,0.9971840620637016,deep,-0.006496971879797819,0.005775094456800664
05_18,16,OB,5,-60.52355448079172,0.031099004443863654,-75.47700030223784,9.966610375202937e-09,-62.69345328971615,0.003551169544184825,-62.51872980283276,0.004229147707551833,-63.09051580594695,0.002387422858002017,-57.10583611206639,0.948511748736056,-61.636237261540856,0.0102214967437313,D2,0.2624788694559306,0.948511748736056,0.9976125671753875,deep,-0.00355115957757445,-0.0006779781633670079
